age_years,material_rating,vibration,displacement,strain,crack_width,anomaly_count,risk_score
28.715968794704825,3.076327140544872,10.254193416029022,4.834464367350471,568.6055632622576,1.9000734632628182,4,58.229445371521535
71.3528586743338,2.916727510518924,12.051880259274899,4.158292056200908,187.909089684133,2.915127582105303,1,64.2768119315551
55.16755169404398,1.1025682632257428,4.131784532491235,2.376657755080283,747.9156506838519,0.43781118442741235,14,51.59397948342637
45.30072783058071,2.3649913105046254,9.560674444301485,0.15106842653871336,540.4929912553932,0.45424038002913947,11,46.5296046298087
12.545379392740303,2.5207824751434282,8.790316755584357,4.02028985301643,175.7631068455634,1.9488642609740765,12,43.383569009257094
12.543594504878996,2.595291123587602,12.576040463429932,2.3564453096417206,819.8704459849655,3.312325286754298,0,67.38564260430377
5.29818730044676,3.320689476909329,13.638262376978277,5.903405575613227,464.6923706682565,1.45249215429764,8,56.21614102598668
65.09703478734521,3.134410186907514,0.6762731864221088,0.2891754956368196,108.318761497324,1.1442973508914323,14,26.8055157668234
45.48251086899745,3.4316203711737785,10.273288826352493,4.720139709315748,551.4663235320538,2.1234126311926005,1,61.06587929347538
53.397370756907364,4.059533046168513,1.2516190872360708,7.537646476297916,252.55912561024817,3.256570101907609,5,49.149057160671966
2.523252577889381,4.251942954864374,8.45845064362166,1.4778332101808462,692.954761501842,2.929247414956183,0,48.10188354723522
72.77332905998757,3.8724923049059776,4.670674571133334,3.8260309769297036,704.2576588529525,3.4841926375662697,0,63.83472335462851
62.600755419231206,4.822094783819739,4.948260693071047,0.8222337353553916,833.1578846837294,0.07899004120831982,8,42.69594721497713
16.713094190192436,1.0729303307054465,5.617898300059171,5.042887106864685,451.495624819603,0.3950035064946678,3,44.295168807113136
14.455047573325446,1.7831119427341844,9.508740511219347,4.449200276710182,413.9655037821897,2.133137171783177,8,54.00576227406785
14.571933729154102,1.0302514999125685,5.343724502197153,3.3181876412813756,652.7804843571845,2.872017537668474,10,55.63475472552598
23.51392597900579,3.589898856618412,11.124136233559065,4.218878469642555,155.97652507354127,0.9983551980736829,4,42.62736325945152
39.8319759407856,4.592122195799948,6.365647090821111,7.182939801905181,487.5324110344994,0.8372388081197657,6,48.123030813648505
32.963931379516566,1.973929186305197,1.4911214044944,1.6507249882574297,486.99808010468075,2.754415297834203,0,43.00169035006927
22.5509563746551,4.708138179185227,11.864517716019556,0.27825964247224316,121.57849824830977,0.19733648848631052,5,29.242177204786863
46.27711420945608,1.2410695611582434,4.643495706594237,6.907152589122898,384.38726840553085,1.2928392665390478,7,53.92796558375447
11.322545688251095,4.737744107222057,6.7751197541893085,4.659224950864461,732.6278388537615,1.7703322790731542,13,47.773502339009816
22.618703991606143,2.4064907489585377,10.438936306717572,7.136201798148555,734.9228975957283,1.961220360226132,0,67.48365306341157
28.110776403733187,1.405683313796866,5.320614278656325,4.815867264964063,129.39013193574482,2.5501530487747193,8,46.47908962698672
34.74917883206066,2.9434870367453025,1.3204920141273766,6.50027261068165,122.57670619826469,1.2419600320073039,2,34.68679298748282
59.103021143083005,2.0271062708820318,5.921855181685797,3.494419570505669,260.1563816015482,2.1443952063611254,0,50.98622567829054
15.77585987971862,2.1394916078476913,14.1945044490674,6.023893457177323,749.8128500431948,2.0488139797683473,0,71.68203724064266
39.05334844260726,2.2291598597051463,9.805148760829093,7.313027588429862,153.12206805879916,1.9166563522881148,12,56.608725068371406
44.838678095791145,4.212103591330654,10.2364476556745,4.619771413405429,625.997442101957,2.2416915259977426,13,60.99689510976036
4.437330541279832,3.156645106701018,9.668091227745778,1.5282026894427985,130.93249569048257,0.9080720987382671,10,31.447220934288055
45.95831904070644,2.2452307966240146,3.3853860149118336,2.2235011587385656,548.5102829982603,0.2962706375462014,5,40.06581712367998
13.618785152859573,3.4413351332436735,6.565841029483062,1.6692921574895059,334.8538392953158,0.417450852139102,10,30.361399321595616
5.813817880910684,3.8646026968927742,11.388627076268115,2.05017051800629,681.1311703726936,0.7860383392886537,5,46.22172319560917
71.21752975674666,2.090496002934135,1.9699070145208077,2.5206820498731877,236.9523590602909,1.7506927743297482,0,42.6050418028507
72.45677044751739,2.654196406101406,4.528865253300828,4.485556915350188,561.3614635119679,2.9415496269110704,13,62.12953732803425
60.821403760618125,1.4875443733477902,4.506627072754878,4.745133872764279,238.54602766070795,2.4545266973093445,13,53.48583879243478
23.541418918829432,1.7245973981387213,6.764274450120337,3.4693480032107034,620.928226489723,2.761642114707165,2,57.12129352507567
8.227736436472407,3.7244714158599312,14.715346743661684,4.9618241605846,748.942427648599,1.22841468374132,6,61.55017608193728
51.63324396189961,1.7257533907825078,1.4787869269154181,0.7444419123297908,151.44143930140802,1.4162880957699255,9,32.00587288752517
33.571284536730495,3.1006535346682407,8.021164418518627,0.7935270727594638,743.2765508764028,1.3778866009671449,2,49.71318200677764
10.030829378513634,3.8361850468897307,3.1007878891770515,1.457452736825502,524.8602035314384,0.6715561454157553,2,28.044156569187376
37.643091348233995,1.4275076923789753,14.57480990844129,4.1928122345187235,151.68839269361916,0.21425830350250208,2,53.100110349592256
3.5447505625261613,3.269248878515614,2.142900818548231,1.7905579617166774,392.0334842877696,2.0682063248952938,11,30.052684128449705
68.28970975382987,2.026251134805455,6.352214534243073,2.337946787591361,178.68823478807832,3.4622583919720515,6,55.10566786937052
20.149718638401254,4.851707500950319,11.199332280101789,3.2624714057666533,610.2783110932556,0.5839039673259199,3,46.045297908323
50.02664904219466,2.934182586879699,10.716039206397957,6.513742379682,657.0945075343598,0.16339686964745814,3,61.40452518173172
24.06661963061641,4.223970199100632,6.629565234962017,0.20951087371159494,134.63721621823916,2.7283608863837654,2,33.056416434795985
39.485033567158,3.200906168625047,5.524600435314414,5.230092679869317,454.9118821557155,0.8840510233965346,9,45.9014315509847
41.45656067140269,1.1736501314192767,6.265379489016623,5.384124595221414,701.7000448207338,2.9037533187352493,10,67.34996594032708
14.679229708889,3.5326055023760894,4.33200581580027,6.409380664817428,798.9304332407972,2.463778334620804,8,55.19934376596602
72.74926245457733,4.805613368826628,3.4773276112485973,7.468748218576474,460.814293393416,3.309857379677816,1,59.86306030950519
58.35982892872248,3.4064472805853248,7.504075614603905,0.2590890066993896,810.2233788891257,1.431245325148352,3,53.84642020247267
70.52292167575,4.276755437707161,4.393739462980307,1.314891273554408,478.55117636482385,2.3168944380772194,7,46.89059125469562
67.21722393164602,4.536825853393632,4.668194141010127,7.100753223042345,365.35239567992636,1.6269917328464474,5,51.26496468377353
45.244598432020304,1.91231908779573,10.022962920381078,3.7222966412774214,728.5625028423163,2.207060440579902,13,67.05384395527474
69.21869339171064,1.8481793596329066,14.543791309648437,4.560266047574362,444.3861683664712,1.5735961710270807,6,71.71357002935987
7.548445151842043,3.443923955403967,9.252739408110939,5.337914909412865,427.52200845161843,0.6602128624842619,12,43.7185270155525
15.502731819016745,2.644113879226819,1.616202272442011,5.464626175515535,442.2499915278626,1.7776409560118331,6,39.95444959254543
4.346819379379816,4.359445211466881,1.5959624008839712,7.460749186200415,727.4280014957963,1.8500447050310482,1,44.164308904074474
25.07444447648156,4.600092493592045,14.295636702260706,7.9759003975521905,715.5532333504417,2.8371134689105637,3,73.7911364681327
29.762119437021667,2.4136855172108724,4.810716459456337,5.789243941354428,372.815993952169,2.5743224702775342,9,51.09585487124967
21.079828351268297,1.9474822358979282,1.8349712981958937,2.3690475527206916,316.63988789642,2.3232706837950543,9,36.75473440142013
62.32657567724277,4.122102060975447,9.186146513680532,7.050043978125315,443.5424192313034,0.3968548344340039,5,55.32623528195818
27.399746175325607,2.0992241421925444,9.542907285208859,0.48884522487201676,508.21800778968725,2.5221570173230026,2,52.32063428304467
21.789153716866178,4.290457274054713,9.903319891720978,1.9255387377085202,240.66976850239757,1.7510680472408018,8,39.415001272035305
41.159510153710386,2.6949530145950513,4.377329403934349,7.189347167963348,685.1640677724725,3.1293483763715573,12,64.30309495933471
11.428392648132435,3.670199597165882,0.719104921109888,2.1239129640709042,439.1862125859383,3.2195482694568995,3,34.922881795468875
60.36257657579893,1.3821412553386727,14.492722857089841,1.843143371011813,317.2364387359677,0.1930480671062491,9,57.01932974542425
6.516747632303041,3.495437298706292,4.137949162520986,1.1911898158079532,135.45679437119247,2.872245461240676,12,29.69166121827383
74.02963330843828,2.8070707149489165,10.302381176761939,6.8869828854106405,241.07612832288555,0.13194086647934716,1,56.60981842535384
58.14611292795265,3.3464338527018964,10.746133113241289,4.0504602476095855,809.424937404787,1.2850936899325793,5,65.82080980374977
15.704960433528758,1.6720568309794537,9.345107547652542,5.431656304127823,294.07974945562125,1.898049914673777,0,52.27440797650339
1.4086366671465775,3.9474949797767285,5.037157216097899,1.9886244341927346,185.08743149362826,0.518352795194946,5,21.613433092420987
61.34414570565773,4.451188310172914,4.430895679578954,6.08851932598861,418.5382333239946,2.612098343991769,12,53.48432385424846
53.30744344472367,1.8669592003631026,9.166190099189196,6.104043805200578,295.670194688199,0.029241464602485,11,52.298422641388186
54.94653043503306,1.382858222080647,13.058386687369527,2.5695243967755714,78.12740021695532,0.590096669519129,9,50.98127408436301
58.074005654759986,1.0945543441853456,14.227639069389236,3.3443928007812347,308.5161738235338,2.0327889044871648,0,67.33304009203648
6.479304228322687,3.567886001773064,2.0356341638544855,1.7565531916985868,485.28689915157486,2.500356467130523,13,33.69673538680496
27.526463912276174,3.428376144355123,2.745014882666938,7.814832084250944,491.3698976159735,3.2082508594287065,7,53.9734785741792
9.574310404859599,3.18678965085628,14.198675752354655,5.200260358761452,335.247136941511,2.4692382817711835,4,58.333453420821606
64.86965351479392,1.9277883844639017,11.179760810854493,7.482896657652573,407.8422050020805,2.3512274458920306,5,72.99080188999761
47.12406138523929,2.5636239836220587,13.30341046003171,2.496745794670152,822.4143345878131,1.380194012227325,1,67.63554416469198
25.48645383909604,3.377905340744692,3.438173194962476,6.276938212675429,351.87878178424927,0.004495489343804948,1,34.9508423537614
5.703317921165749,2.9870674354366775,9.019995131086327,6.1502832866894614,256.58145060798637,0.4205574055746768,11,40.57770086023659
24.012691806959005,4.951142080859549,10.666524119053367,5.564079649745678,244.7736352534081,1.8709409066461369,8,46.91257052530031
25.063565829979282,1.5457590102269325,10.361622338981103,7.728547904607724,416.2116901633073,2.3629546004554687,2,65.32887805333945
54.990857197016744,3.780578216190375,6.418199517567123,3.209087155239893,657.6161189735552,1.4610689936376187,5,52.49580821583095
48.17925288028577,2.6172750724171685,0.7232259295239729,1.1326668563590827,214.79054735077855,2.557376540349366,9,34.93587020460301
66.65374295064817,2.712798459702459,8.952427823661814,5.40649998802808,617.4369017126145,1.8265180336626257,4,66.46251448696552
35.943904461984246,3.870391062632705,4.1699723181043264,5.861547423769928,66.91985867953304,0.25961668458009274,13,30.64038636291225
9.849974199434326,3.7697446052974786,7.02868656907191,4.642978530324636,385.1463823871568,0.6720568783878209,11,37.408207271515224
53.78011425450163,4.965023974808753,14.384924718715352,1.7338613557538307,670.6920521622295,2.9399937813538,3,66.45029029840897
57.29809359765041,1.513577157816501,6.286012105815304,4.0852019391879075,320.98636461954516,2.5371946131855383,9,56.738427847347545
42.53451262014272,1.4164385975366653,12.677123296634187,2.5662989188961225,500.9896811563196,3.1316669545437326,1,68.61557763382395
58.051571316637514,3.8973552685149646,3.2338387833641415,3.4769855725168437,213.98338626072865,0.411450371923278,7,33.07426728906492
37.540874130964916,3.3135476680256364,10.250677221362919,5.197226749172844,643.5963129009378,3.4657788711527586,9,68.55034852215161
39.68222937426756,2.0966426662392235,14.66660083936468,5.987196467257593,91.8232826150077,0.7329234988247676,6,56.16681585312238
32.638035358532676,1.3176774759559464,1.9774499626575834,1.934575058120611,732.0341159004003,0.041229567003247036,10,40.05752183668803
2.8810153790630437,1.3426329983857221,0.6206391622942842,3.302070349110932,208.55710913733452,3.4909802866874395,1,36.81397127140747
8.983965597504529,4.576763498656473,6.786950493172908,2.2263764108338706,749.5184253666646,0.983758599057896,5,40.19276023582433
3.3257597408183344,1.7674692988749716,1.8430695042448244,1.6691897495087662,332.02339304041385,2.3380680837939596,13,32.78059890643096
48.09437043351975,2.293486248462083,11.351573070305355,6.288759037967123,628.1468595795893,0.6183880996170682,7,64.52603093264565
24.262342599648175,1.906625608907952,13.760955625804105,7.28309628605224,305.38023822895076,2.030799862696996,6,65.06548143009462
38.63423114618801,2.4199852233277492,6.793304104277003,3.0248342669081563,774.729336987718,3.1641224525909575,14,62.96007130149934
68.15991907053089,1.2776953709843735,4.251318811253894,6.035103502552758,151.30970041469948,1.1206340859995352,0,49.70204156249982
19.447624957016746,3.0762391636330815,6.798848125595842,7.1862627859788475,192.81583141807897,2.3458889161552574,4,48.095236081546204
31.3683363046366,1.2704502543688596,10.989993358825014,6.78438126318883,444.4241001270418,0.6576625607944577,1,59.9105035735502
56.9107842521856,4.201426031289446,0.6312853429153792,1.5442257694598849,115.55075123051691,2.1867838955155383,5,29.416929514347892
17.93106424638006,1.934848327641732,9.04708284752811,7.654705863955554,206.78414776140954,1.1775762313612854,6,50.59240157398983
6.696513327330681,3.1600476584180424,9.392729430866996,3.075743879392754,805.0131057696115,0.7392289050578309,13,49.470361065184626
22.441607515618834,4.5203163502458334,9.746479579991064,2.7800012232733073,831.1917289183098,1.0961371774627229,13,51.39934876015631
12.930375256796328,3.6035094761887767,4.009320159722719,0.5932074854944647,351.00746346433755,0.6259437397772978,6,24.813380830348326
69.7976262733504,3.131831146205341,10.853764488982838,3.940771867428576,788.6288168111486,3.15670637743259,2,76.19321590005394
60.80090808776686,2.2973350124615024,1.8251765518107579,0.9612075635633368,485.85974053874537,1.390154102109951,6,41.15086637755171
47.871877981771334,2.3320076522327917,3.389419878768612,2.0634645853266655,265.79397269901364,0.8584775674102857,14,35.695551097368394
65.48808367389111,3.6779478207927605,13.223315676489987,2.603846711961523,611.918976864479,1.5694274435557651,4,64.44803041706167
60.47173369053447,4.97655744488467,11.211485685535212,6.4897279555843035,577.1214452598857,1.1218765838227345,7,61.39437314436726
14.806184357566652,3.6473567593975145,0.6993105331645062,7.0163603381275825,841.3002552869867,2.605467388346641,14,51.625627093882514
67.04936588825835,3.2311336694800996,4.101455775362103,2.4894839079456106,262.0378299274266,3.39926969159923,11,50.06947563352775
40.911325901758154,3.9226020409569844,3.608894003400886,6.883715157832134,587.6476021293884,1.5331177984417639,7,50.19505659140503
60.75057148214063,2.8608224491348726,4.426691756536102,6.872124405221349,91.61900402355752,3.0136168999028414,6,52.83235329833395
67.3107561943385,1.2405693704031409,4.089616669058353,6.140742508040501,140.9168309573755,1.9805207574586683,5,52.994284040767546
24.532257147917928,3.2491872635116392,1.4066312882712633,1.2588914007199343,53.13469996087461,0.5503248278298172,1,17.59705333839349
9.14384241504808,4.830501138021521,7.1546374906538945,5.553550490515759,849.5685448477385,2.4171795972846954,5,54.93900787071391
17.867202028103684,1.7012117694306386,11.124635384399394,7.565690110186493,691.8189577179822,1.7970207399403704,12,68.52674949230617
32.60597635834297,3.760019563282663,9.297610008402827,5.492069782260541,679.3784117868327,2.277122831382362,11,61.15926612963768
61.53309267826449,1.803734754636226,10.256639194672157,2.7197731079518883,457.78086023054374,3.113905944000827,14,66.60788043119976
64.69406316096942,3.143310737892325,1.6766630887754677,4.054576607703567,290.053666324352,1.5415209972961612,10,41.40861611684868
1.514457659308112,1.3867057985868785,14.296615297563415,5.201227842473323,171.01142757014074,3.1541216812607447,8,60.45758404666594
38.79530039073986,2.8014837450327406,12.65813159072386,4.133506228955178,277.73979107717093,2.627341549985792,14,59.89765000131981
31.888414233009645,4.024653315580984,12.173809618187109,1.0476282396746617,350.7769775433113,1.7101172405729468,1,46.6526850343833
17.43597797483404,2.3902860969559283,12.433265173105628,2.5653059527509634,655.0480775842352,2.111277474802873,0,60.00476561385569
9.870037182692528,3.659646897948872,14.02430236792504,6.438928641373697,481.72943112252193,1.13953396381654,10,56.99024580596159
25.98352268386847,4.181799843158917,8.391682508648618,6.905202564154588,111.98690124438615,3.44259054908571,12,51.56454265879484
70.77531808952642,4.708711277917811,3.4040892590805756,1.1846702584530049,64.42320716712979,2.335729070676386,4,34.30413187057205
24.917016969535887,1.9385683274218142,9.443362313861847,7.623855343949924,131.86574362725054,0.15346398373820463,10,46.43107470194266
39.390506009009094,2.5972636632372326,11.271781658185116,2.697698681004014,378.3989709579035,1.1431766701180306,5,51.532263619462746
53.02340295824316,1.6096640533216697,11.199802203633368,5.332278535972688,796.5543336392146,2.181600518156701,2,75.83705113489272
27.908590576067756,4.969934008633501,8.061010850419763,6.039418653057781,559.9219849673773,0.1971664722973393,7,44.435445259543556
72.91187412135109,4.708003871697182,1.4926514303368819,6.514375253639279,691.4607199004121,0.08359466961699968,6,46.64249799693961
72.22109982571624,3.1598285211222383,5.8811376072368535,7.571422647584848,423.09967560363884,1.575084838347309,1,59.74861221632921
19.63188989107695,4.368133177505685,13.85111582271868,2.572064429427699,339.3328665560342,1.164415628924345,11,46.388514315377556
37.79638943603652,3.0838319090881687,8.974509191482678,6.882200990957281,136.72029817329818,1.5340451281160807,6,50.00276760447997
23.264994926440956,3.494342752011039,8.305813177207845,1.1403265371460358,750.746417748964,0.919426584580018,14,46.00329756671583
22.078196583932602,1.3564977284640665,4.398375958541806,5.669823160193382,676.5280232223223,0.5765121143004333,14,49.87501265146386
3.729634104235427,4.021081681987232,5.842509338790395,5.961624063160488,184.4944780781801,2.412001749431182,0,38.786980196676645
46.10776071451237,1.5108539345409393,13.482518292720954,5.454013605490431,459.8084511010084,1.8009989069373018,8,69.17914576091053
38.19824771893575,4.304270521010114,10.163714189139117,2.0932864154677087,439.8998463369959,0.7005397393727839,12,43.59630670726354
4.809427592499212,4.128112350681544,11.917111887908826,6.997040861420106,550.0732421492229,1.118562991909994,6,53.8596506126492
21.619838353509245,3.8349787909719057,7.088008634481,1.4339818606261208,806.949515193009,2.0713276768216407,5,49.60275043733705
68.21167556153237,1.1446415220990485,9.63858468211429,0.5237148530145637,513.8171534099837,0.25280271895367246,12,53.5002600584247
18.72757990935596,2.2125134237813144,4.101562326776509,5.767973425834106,482.17381342289485,0.5160855324316285,1,41.92218114432949
11.722220534750509,2.0524502796433715,10.729182039110551,3.856258150338596,90.25834634773116,0.2563596143758654,2,38.04818236293885
37.219504260539665,2.4405456298860764,6.700219338698391,6.8078743576735405,100.32598081441915,2.843110664499416,0,52.319704733186846
73.93813360418446,1.3505709870553542,6.916909964813811,3.128837414360246,199.8774330614311,2.6334323162420326,14,57.29508960296863
18.91209009185103,4.747831292124252,9.915173706364785,1.4294008492109314,75.97661735339862,2.6365952615773995,9,36.705634983324515
50.73803050803501,3.215208962849505,14.076069011299436,6.707893320511971,644.6823164560099,2.507138702166098,12,76.56087452273388
57.3598515343251,2.222097242632094,1.4280920258250034,4.436386089956566,628.6642431951705,2.3428489828445422,4,53.947985690262755
18.585178255437576,2.5879260682971337,12.45877694153161,1.5946467598838039,158.84498754531435,1.6694717038236124,8,44.39421924039874
54.88800979727761,2.7888101620193426,4.7395551009768,5.791033588832922,718.8631206362247,2.2479735722749026,12,61.81162185561479
28.21595182122474,3.402377333442469,6.936832090342478,4.137797744067054,173.8288278768896,0.13426544175791127,5,33.6225180075131
47.79063146392488,3.062717710785991,0.8177432672376299,4.874072559698527,290.94046959788704,2.175125479298746,4,41.07074795868813
47.881198596306206,4.677567892857669,4.8651681285975386,3.741096871831997,249.181519329092,2.72257196937907,11,43.036750324967
40.64732662153213,2.987853931623321,7.788153018136892,6.64680097216225,347.84567885843825,1.7512542613453657,2,54.292816962480195
7.681442984026214,4.968632059293251,1.3145531215378656,6.653545453896093,253.7310127119695,1.2512966494953293,4,27.613869445841374
62.81238467360361,4.405699830980383,7.620888076055895,5.704171692412651,441.1607411507616,0.9709935718034269,7,51.98668316227709
24.737724807908453,1.8340420574293432,13.943104118447197,0.9326708814320519,375.92630508374833,2.249807175567289,11,56.337060162703295
14.802369769589212,4.722380858575665,2.0282016625631756,6.726945509042144,839.2555926234612,2.424804195204681,1,49.787089135322965
4.01736047505253,1.4654655915419044,11.584390557094814,5.4010025462099875,94.74108010258053,3.0483865995188992,4,54.367721368162236
44.726077795929896,4.269798833964766,6.440230273951893,5.606490911433966,163.7451011098813,1.1981692886134676,5,41.00444320184856
51.1397627763289,2.5224931739063203,10.000018860602902,2.967564439190586,92.26071512688199,2.6942030758495497,9,52.370026011697576
2.227499340661355,4.5118972817802785,4.273430670785826,7.046308493640353,550.6729559859007,1.9647453846626828,7,43.377317632487035
38.894886314146795,4.472226760429802,2.812637806849695,5.830435641855374,93.60742193097566,3.089927717373277,7,40.16328180333418
17.76068736464741,4.223701600470484,2.8267079069327834,0.9894646855806363,719.1517899008986,1.8473423790346726,14,36.89770981244275
48.74278649029929,4.1601217452282455,1.5221332118255975,3.3214464718086854,459.55090454554227,1.8117043993928852,4,39.19026364187114
13.903115746369366,2.218716556392163,3.1918772210680237,7.1024048594851195,471.60609966522696,2.022569785043182,8,48.13540656965845
52.12939261958248,1.3236771322050087,10.13118108234004,0.4728539434092941,499.27560616975535,2.6226037429985203,3,60.375980289974294
29.618415626239766,2.611920715060646,13.284513871730868,7.695191295172191,186.6509650449686,3.3764166758996135,11,67.3253660641787
70.31801916651835,1.6940980599460347,12.304822441071847,5.465384289724546,208.15224249159004,0.2574717397551798,8,59.08514176502653
11.176549866803501,3.779804355609847,10.43444749318002,5.087870223382675,305.0538582984037,0.18702110836856006,10,40.19555845332593
26.23890997771913,2.384398906151142,2.1012620194609886,2.237418126255132,524.7971326574811,3.281426180925685,6,45.895469971007586
9.397040571803592,4.90244080343966,4.693217971291273,2.065455131039499,218.09422075217162,1.8545646893137213,5,26.89782753496635
69.42732775261365,3.563888309381328,4.9921996921758005,7.542259933959905,143.065381706609,2.1521605509842763,3,52.527604467490896
65.9231121501926,4.289922254537444,4.124375722765508,2.4563523884495697,826.0935091347458,1.688482605581551,1,53.113285416483556
20.087680450921514,1.5300986909673937,7.967582065790985,6.226491844080095,67.58545184769832,0.3278010841261607,7,40.64137272834128
49.83881940652925,4.44805792909049,8.265530315755253,3.2056622058359254,692.1579242688173,2.6883128244653327,5,58.94152903671918
61.47444281488997,4.691028762053577,5.674846639981098,1.2001071591991614,680.4281196600176,2.615286257810054,11,51.994038394738226
42.08486005836021,2.9482476752757436,5.629942801678323,0.1846508517933357,287.7712910760768,1.090961625224842,14,34.72245019757461
40.19414279834448,3.4250117510039098,12.51405616963818,4.3996329624204815,158.5012928058507,1.0718373582994014,2,49.4054021315209
18.897069526633423,4.059239203611982,11.94474630063544,7.808652666536568,166.5029173643387,2.9324448331693147,6,57.16578656338496
7.889604817636542,1.6993545090416502,4.963039559370812,3.0161759310927154,607.945293789754,0.25325040209464317,9,39.14655117478748
67.39396608854618,3.0102643058537697,13.74993243616226,2.9218194385450547,564.245272868939,3.0838680192479804,6,73.34103454758781
67.63093623008645,2.5946521110892524,14.315817746536338,2.8183237810105926,676.1965394011094,0.8983159146357005,5,68.44404245979283
47.849507838221825,1.5854959686489964,5.237766859435592,4.212296314708381,799.9849379192838,2.0754466171442285,1,62.45177489469065
26.08820453760385,2.4701376891661257,5.639161757499296,3.5812525790519194,603.5418906132736,3.275979626506222,7,55.89664654600875
26.841508521336905,1.2726892375419743,7.831695224618403,7.051325551143415,174.68122924115477,2.3734287553782627,0,55.24262348660016
54.72072023639771,1.103247627797948,14.146251781738266,4.093614254615574,244.75409341232853,1.450504343634628,12,63.9140050400875
67.3861592364907,1.540665156619291,13.206631780563518,4.111286921689693,723.7549846984916,2.4133697311689533,0,79.21782708683439
66.64439539561869,4.852460446356695,1.987235457462052,1.1931355982923972,217.44486066736687,1.2039287271072956,5,29.522960513307456
58.710790393464166,3.198118143580068,6.194595777435535,7.863642373192049,108.01785356358513,0.9704044572221515,4,48.015991264878735
48.51034181541729,4.863288644612879,8.523882251371692,2.0747858378637547,612.6240432338004,3.488391472771379,8,57.50547315572588
7.226357409633613,2.729991513320528,7.7954208519973305,0.679576132930861,372.0210843921136,2.627765809129257,12,41.40215678204424
12.96052484300142,2.2472645323410383,3.311014485084944,5.338855366904149,786.0320420367228,2.2565199208363618,11,53.16832616389646
67.49300995100387,3.0245674513609764,12.952843181938244,4.803394324239294,570.2040568749293,1.2435137512676158,6,67.77753038204985
45.87575041480965,2.7580467545316405,10.315641353454142,3.3796506665426915,122.3351822333286,0.17206290204266855,1,41.92550109889466
1.680581819630594,1.4226587370469757,12.649671435351152,3.4353186476573567,808.2852538029285,0.10869906612304464,12,56.287807411847716
8.508894172086375,3.563305258760825,12.952082050567347,6.302004976266806,256.8458109121967,1.9396343940707959,11,53.05272811235257
50.09913091399613,1.8641527300383984,11.351159878153226,1.6461298567872278,319.7699923250286,2.6671145236366787,6,58.819028271099526
1.3745572046201828,3.4783518195913183,6.868553718120902,6.580001219664629,371.8083309468336,1.8808271665534928,14,44.67324288207233
12.8997958048949,3.6008043695926135,9.352927947723655,5.225102199770643,90.9794371234506,2.942747751786901,2,46.21569682505905
41.60630041312737,1.6080994125145924,2.8252983887362757,3.409861212858243,447.2123377844839,0.11699286582627572,0,38.927373211728174
52.2002446292593,1.2453985084426726,10.267858553386162,3.7184260710125625,148.65479286023378,1.2836322674907903,10,52.91074010526527
49.24513320319244,4.123046344273759,3.0991722082195707,2.127512936770157,370.7762613506814,0.8297463691096232,7,33.47598774360848
17.595928900081425,2.8392016950772807,10.562269062397274,6.041703228306101,330.56783039366746,1.5654553885499272,13,52.340317985914034
53.701262379717654,1.2326551820219032,3.8291733309325457,4.151710464211615,668.2720667412027,0.2533173761794287,11,51.13472171995641
18.556432474763206,4.979465268679069,2.2044938521781896,2.6347508877237646,692.5364093061849,3.339460745498754,2,42.98388661821622
25.079577663785813,1.2311222439854665,2.896625107072883,4.8087959145115065,172.73030591127042,0.7813939037427633,10,35.69538428236101
56.24036397873379,3.7801409154342127,0.5288859606765188,7.966302171205452,343.24094990338097,3.2280772141925467,7,52.026887956338186
49.07283452949388,4.934715701053655,10.921724458876188,3.5385720092867756,348.68252882546534,1.4906260426283864,6,49.40816639024786
63.84253237656917,1.9567204168637025,11.119815211346497,7.373462066151094,171.12835514886802,3.449334466393263,11,71.54438369117486
49.663354030225406,1.5689974747487847,7.966533573742262,2.8256330354040724,688.7628040409525,1.9392043421107377,14,61.60285439318901
43.0548366468249,1.4855397576897156,2.8397606153030637,0.5323883847073885,615.7826626683386,3.2579150246153263,1,51.57977730543292
7.931932819278844,2.213100590270382,1.7115378939050014,1.7135126403105883,202.3054290376278,0.018721460429779957,12,19.459397017745673
28.21096942639808,1.4041832440425868,0.7773700133406616,3.4076916322887056,343.3775268750392,2.61883582163315,13,41.61982758791824
20.624975208447683,3.7686453667765276,2.9033485659957003,1.8351159358970954,134.64401988521138,3.160677285858804,13,32.19699266328689
19.055233610052184,1.2491671925202508,13.417405257255627,0.10179360192421875,552.5652776744352,0.48902198442633926,0,50.83867828970891
73.00278105168097,3.037688512599159,4.002284204674385,7.328512148205466,147.09753963889574,0.3364404810625302,6,44.82077523690185
30.08923162534027,4.986787415411907,5.636934244649627,6.766647348724339,838.7473348999342,1.4860041251508445,12,54.23705249034535
67.01144508310638,4.255881078024075,2.0275095249793313,5.9641086287468825,674.5456597502898,3.267876171465273,0,59.7013187164475
47.704258323797454,3.4608777529240435,3.724238918848469,1.4257353056036264,362.19083966719603,1.8983529606665357,5,38.92691165199424
59.81603646208198,2.2250144831464467,8.028756276312974,1.05087225205889,512.8511458234835,1.8460976230260626,12,54.23124975759028
38.19514488978422,3.495583345166554,9.312413904886963,0.6340775208318269,779.073452973127,0.49394141404762654,10,48.557687652524166
43.690887462350574,3.1081658556466065,4.05760855541006,5.8198305913060775,493.2794243166609,0.002763288826265753,9,42.76104349393799
37.44630934259593,2.704333535561486,1.3371163087641995,7.437582889434294,189.59878911836415,2.835490317609114,10,46.01567246901599
15.447981097055292,1.522841506960798,6.169976602347281,3.5012329852129924,352.96268446492746,0.3065109704518338,9,38.2492214216737
54.461456529351395,4.546416860961867,3.8959488784318452,1.0412113087687807,724.5158920237964,2.218474365573634,7,47.02694852265777
21.77715482062333,2.79913859528529,3.683531886832128,4.147903283783641,565.3704127916943,3.20115759080317,6,50.796203004278034
2.799381515927584,1.7784900472830603,14.418010639345102,2.8557720689231783,570.5795074670402,0.7302816960545085,3,54.5534204195222
48.76494989713042,2.4710374035091585,9.436357045923,3.061116902364982,743.4571885507913,2.328454926829188,0,65.01445526818834
14.106190276121621,2.656519010115708,8.57473742599539,5.008511930830087,765.1784459700037,0.2754450184762831,0,51.546806822885735
70.59393524211566,4.310151582267498,6.528739001088168,5.777873094771398,785.834057423549,2.113143003431645,3,65.10469208734345
71.59071469819146,3.934457522245608,6.719692834737092,0.9737684310979707,125.87935460252488,0.5737610233362096,4,35.4281459816444
68.69996487631319,4.077219574565359,8.343122555652172,0.3811628233711635,485.3008015704807,2.5758374618031232,11,53.124974389711795
28.391743818902885,1.0441250577145889,10.598232202023555,7.9552093912171475,642.4076169746548,1.0543095317786788,6,67.78171682722092
2.1437896231361897,2.664615992719046,10.681118394636528,1.9385539564328595,655.541476101611,1.6218685308162617,13,50.07924105430971
69.69557363149168,2.9253766065412945,2.989561661729019,0.5252611467768268,535.372961576003,2.098006897096676,3,46.68160962072618
32.685626975481256,1.0767691072922267,7.751634905111091,1.600015099857768,183.42986814693933,0.5994569373318386,9,39.14972050518612
72.53245660923155,2.039252834980137,6.473392377994479,0.40776698615286733,687.9364431533314,2.5957323651616733,13,60.77321674825629
72.30787830460471,4.0411592924885404,13.12264101090607,3.1953060674756566,626.0890668119566,1.059241192228851,11,63.99205722167776
64.12269970458465,1.5484388229159962,9.655574357666458,6.438974097165461,118.90861723922903,2.318301509694637,0,62.3525709613412
22.78921801314934,3.1412405258103666,8.221308963031735,2.795831153085993,421.047859739501,0.5539906774478078,10,40.43036153014253
29.497231916542468,1.86080748806895,2.173222311594302,3.609048914339096,189.18191961744287,2.408411807222226,9,38.90953573672398
63.98411369224741,1.048483098575573,9.281749395189467,5.437135511182766,319.98163657037753,0.4486582548366161,6,57.79162717695982
24.45222838156455,1.964805830398166,2.1994566323633844,4.120263153552053,64.46487376454834,1.4887477369449427,1,31.766853570382164
13.542463254770844,4.903495019640215,5.389495345703405,6.905420919568461,370.2638947286066,0.8652212580860689,12,37.300094315639754
42.20329342191791,4.206148447531959,2.571208489807812,6.941681832861477,489.90153692496835,2.619313372998639,10,50.479012213074554
70.27545328789779,4.838306577284134,10.53506788185335,0.1782944943801138,545.6660742616695,0.917122515774061,1,49.12179967602404
52.506204953948,2.95141617570545,3.4906556506242126,6.246565821217273,580.7922761029681,3.086010572383887,7,60.04423109413381
43.18452658661301,1.438944794710014,6.181960911226377,3.739795441909224,719.033050481968,3.1213707399231447,11,65.15065585782662
8.191060539036872,3.191837955894772,13.487284275472291,7.911840276298938,222.37032582058401,0.6875446032797505,9,51.65098755074422
46.51053477573856,2.8175093382398435,3.462587559285069,3.917533399415938,146.38545795077437,2.148460807527035,9,40.52674089053278
74.26398490771548,4.377428330958464,7.863173427402297,7.896477968567551,731.2297375183405,0.30701174601987513,9,62.84158160534789
11.366217127502779,1.3923303231369784,6.5794390869073185,6.061097953525319,175.2902519141199,1.3703798486057022,4,43.62024110168107
39.35639427491652,2.9529645480871127,0.7627985951630811,2.06397858844512,829.8080650689562,2.496626053254453,9,48.354879921239
65.9256073226687,1.600194658775937,11.994992646805786,4.3533203363669655,724.0305835189096,2.307981363974707,1,76.76612729223037
55.81687771381113,2.29870370756024,1.501165641561696,7.937871551880804,450.7012847116793,2.1864523429231277,4,55.27731432153645
52.57916483364983,3.9494283095511986,7.376697804165827,6.874491801240197,835.1371399376202,0.9888930228185525,7,62.21482926098143
52.98382221504608,2.904072517475066,8.629835276614774,0.8691984609506467,127.90138328640337,1.323087323020407,5,40.529207612099256
27.602345190261882,2.5035531405830773,9.612183620911512,5.680338774798969,292.4526089400813,0.36031150645100163,2,46.85795745211325
22.72579647557251,2.5779051142801412,10.485158624964196,2.8300787283794233,560.5795320324892,2.5165798715176035,7,57.35750744262848
60.892725505410006,2.8377870736239466,4.172449561079368,0.15515986885475014,330.005494778543,1.7636107887694572,14,40.152251896052675
60.94839120625937,4.1400661753482275,0.6446922615475159,3.287499655313297,792.6980415846334,2.480679713209791,13,50.86126486987853
65.16335157492767,4.568338755760937,10.989933104146223,1.9545599316272735,102.50087054225405,0.8713023367890547,8,42.23911653214396
68.57980088917887,4.821338746015713,8.26702069053989,6.569067237111725,489.52946564877163,1.1355338002227318,4,56.64289599767985
38.839337515709396,4.14761354502118,12.623706696505106,2.7649118098815477,522.6930139160916,1.1697536804104014,12,53.434443654827255
38.11220580685277,2.261627582992051,12.410131262060068,6.637437182235155,572.1824990217793,0.0900984341152567,1,61.4463727942649
60.07384324354136,3.7525388243461686,12.728229432924305,0.10472371679488295,254.53297866545154,1.1936675549071825,1,47.64822363354963
49.09733087755462,2.7504124962215677,7.533872569703332,2.5317712852063416,341.65314201589155,2.8115660073131172,6,52.83542643952573
52.94554891707005,2.0186824881842047,5.337611739634552,2.0052051930313195,724.9444237319822,3.140544735124085,0,61.21517615470811
59.88865753827148,4.363486317703691,11.977593937574865,1.945182152442027,205.95421517612786,1.8137641047257462,9,49.79814507994351
66.86039529449991,1.1537053958493,7.043764638924197,0.6386742961471553,711.4942777386897,1.5942559332672708,11,59.49850486352693
26.01164160701365,4.6070479685416945,3.1599118478498003,1.5782817362429638,500.1243383221939,0.10788616544779589,1,26.64050717234491
28.79313849535586,2.8459098584989366,12.897123283641378,4.488841602096397,659.7500089552657,3.0772151815488393,9,69.76723121574778
7.954663548224306,3.5488059072331217,13.297118213199035,2.401752475418182,620.8858930107772,0.045535746990554515,3,46.68830055857199
43.792730433716876,3.637415688823131,7.261491464032467,3.397418780400269,216.0091963079032,3.3066252807357412,0,49.89147337936851
3.6597282609589143,4.580470962826146,1.5976460459919184,3.0772483547427893,505.0501891470983,1.7122568704083174,3,29.435129912861704
35.45425334180205,3.5466787286688293,6.123478303795503,7.0196489074991675,744.1785222440739,1.1967707275115431,12,56.73089300119383
41.15570296836067,3.455734339040247,12.151296062207749,7.251862092183072,395.6929894415435,3.23476452194931,11,69.11490607621175
22.204052657493047,1.2666081622427598,13.575723413920317,3.9943600760812945,823.2726161786534,0.08536847588533858,10,63.626906235736975
44.721661282106794,3.0736320877808163,3.4503547662151397,2.708232007493275,411.77208008137444,2.0349871320418047,12,42.99890657652485
3.2570184954896577,1.6006760032681666,1.471117374366437,0.9437255616186727,164.22850933430774,1.9212638357476817,9,25.46924949669409
3.763765967441867,3.9497350748859423,13.22158157042616,7.63188274711855,361.5477440621386,0.7676214042398373,14,51.52097670197368
61.87244148881471,3.048887683250698,6.146371615193692,0.5757928647123499,811.3619251124297,1.501106009725737,4,54.10001369938932
27.654107464433455,3.7209111168334132,8.355533981879667,2.451437192789416,305.77667947188337,2.2829240208031956,8,44.22958389557774
10.402477936239475,1.166691602409537,14.536954274736004,2.454722989243033,744.4785278936503,2.5449591890867462,0,68.91873909663542
39.646001244055526,1.3391680641832129,1.4651885547562313,2.631170160507698,755.0005453455118,0.0025090054730292355,11,42.23217665850946
57.979522929297204,3.865293552250729,9.900611108055386,1.3978660618520335,330.1492194655689,3.2789870053185535,4,55.37570646459767
16.970756034766396,1.2883373439946935,1.5745286273355725,6.286975304297208,116.6061264405057,0.5758388033748434,1,32.297155070614636
47.09389521060602,1.2850269110610344,5.944299462764255,1.067733109531315,629.6463273270546,0.8175315197782571,8,48.93429133126203
7.315712409538832,1.0484339009395498,12.155310905304978,5.1157626073099856,299.2098392111888,0.9221570599284687,5,52.18529732336597
4.82444736647697,4.82600559319792,6.785347374956698,1.078383610975958,676.3388914060579,0.1323704779321236,1,31.211915369133376
40.32024273604295,3.950033437836028,14.959144131592781,0.6572315369843568,404.1238786083465,0.4306824325661372,13,48.20775996803283
41.00699899914788,2.4130056340082566,8.60635963172573,7.284493079118424,438.2133938740973,3.4522247303045672,2,67.77739518713418
48.169812710867284,2.186142325150621,5.156851213221326,1.602017253917775,672.3275253988295,1.1032585808205013,13,48.81486334894238
54.73075869547696,2.398812918983398,3.6916142256189204,6.587876221021664,355.8906648493023,0.4035538161866727,7,46.05749208362396
73.21305388022756,4.098614124724728,5.582547747149346,4.402583881746373,404.5018762583316,0.3744694141111816,0,45.57772661145479
39.206225774288455,3.6454824442816576,5.901732469513487,0.7150665049092799,350.9523750156977,2.5181098868449014,11,41.45411197997633
24.8987789976522,1.7407822714698717,1.4963483269974343,7.648040712360733,343.872412221824,2.990990324114243,2,50.87143587704078
59.84377841288407,1.6964373413363374,5.858825891688211,2.050993219235951,470.75726152116755,0.8993330482796446,12,48.76891037496766
21.041586593393493,1.3935825988535893,7.231458536218762,6.8911982282855915,697.0395556009206,0.0731832931733224,9,54.912361798328334
33.48388513221707,3.6412108788053525,10.979697407462668,1.4335990456980572,339.4146495380527,0.7808150645587453,0,42.41382104385285
6.805772219327681,4.057490648886944,10.022577528463316,6.846148768920638,469.40377643018934,0.19780491778865067,10,45.150782745631794
2.875955012743856,2.060185713300016,10.777102000822737,0.20450762195182248,586.5818603540806,0.3618822782051453,10,41.622865353925285
72.23598268616645,1.0837798441236512,0.6212733872144279,4.143065606898897,265.551557042924,1.5102784194667482,7,45.76234431335335
62.862528917903234,1.3286866699057094,3.656177293917773,6.178596377430298,272.01824392191406,0.804714298015714,0,49.27849097136988
52.50209125093365,4.871440139380121,10.094422181797919,7.484884588192989,796.7305016187638,1.8058105748389819,12,68.16580169023139
31.26251788665597,2.181779109909681,7.517845838606333,7.282696876031248,628.8276586648709,0.8872281364001663,4,58.081206718078995
13.823779685242588,4.076892591352534,0.5770453971910162,6.5750364694263945,511.7493409786471,3.2918805538603166,3,44.51168064824105
12.576341157660368,3.498654275417055,12.165172315261424,7.1167116623243025,568.1760435364896,3.170803887741926,6,66.84576170405536
19.517974464180053,2.5277585586115836,11.705738812709892,1.6738355181129045,73.43955448273469,1.9838213675366312,13,42.96228587301637
41.64277318825292,1.8227490487822204,8.452077863406657,2.3450559361226575,544.4823724493575,1.2404839719558516,4,52.88316815473178
53.88009827980461,1.4855456726376257,1.4637182237559458,2.3828513468763624,457.60709857936155,1.3340140871215744,7,42.953961202133804
49.854605877112114,3.4600518721554665,11.614468218222477,3.078726054913421,486.5997438235485,1.4414829910057394,11,56.578039862559336
21.71510837399977,4.0985351225511515,8.963847022104778,3.207233296042991,337.5390614646537,2.546527627472304,13,46.40577673124234
71.66003076907636,3.5756170141645227,11.838419668790408,4.401987064771936,115.17911817035352,1.5807364843159326,10,55.362070643743884
55.60437183548687,3.1212085329966333,11.400331389739685,1.363050130594887,204.67138688964175,2.998554812770641,0,55.04087088187229
42.02219988584365,1.167804893726545,12.143530043388639,5.560848643909315,810.5957705701373,3.304331750756276,4,81.88499913859269
46.267335221342066,4.873955110377535,8.01111696286706,1.4237756605056013,376.9596498167472,1.1758115368262685,3,39.498851356452604
32.050404619656454,4.194856766618298,2.5347055138059673,2.5514370086259257,423.34652466469134,1.9624306848148805,2,35.802904506863705
19.332093223085653,2.171288146803859,10.231783364005485,4.076426531788617,92.16783188275119,0.3326978789139755,4,39.22897321837152
27.341978220193358,4.919881317435403,9.496869883253574,6.39188043603547,80.05298363518448,0.7016416671822565,9,38.37221997154687
57.08061217436332,3.4075263585452884,11.262671214386764,5.941806942585945,623.7451576374061,1.4471301834855603,14,66.187656397447
2.0651181586019343,3.329690632828986,2.963274587735662,5.1997214156431255,480.475731296889,0.7217095056562259,2,33.67541774669758
9.589375397511802,3.9922927177181284,3.3271403985541936,1.3306087585833444,456.96478737301334,3.0679617177605114,7,36.3777887110428
4.404195509609703,4.24707915236055,13.410937999680263,4.421658230363064,244.49962433813494,0.5540018962068433,12,41.5325399140061
4.01393137160379,3.6259144293260106,11.374678077555027,0.790827364219095,645.8005853039377,1.5948128754358217,2,46.70881851764237
64.30408321681453,1.5123829854648,13.669313086154682,3.081169096693541,184.5892632867935,2.119947341609565,0,63.56800510304258
53.07068159412175,2.3530700239779936,11.501372156876851,3.3667805892906775,201.94779492881602,2.4215236785629557,8,57.84279990286131
36.08886335246206,4.712334561304199,9.158751936859376,0.4145103716214552,418.5697370786204,1.3407427940427736,14,39.57347001731958
8.239727888174109,1.8984624473754077,9.984924686904169,2.2645059858127774,279.02388968955273,3.04184674053655,8,49.89103335100182
37.379574758645596,2.4886680953500533,13.392354897130144,7.649630791405266,247.9703849865171,1.9891170287727393,5,64.77727850242505
36.03691103776186,2.728307531776784,8.892697940423137,7.633697601854547,566.1901156426653,1.5382772315664313,9,61.935696690402246
13.816938373341124,2.7576199587778087,9.669674202761618,2.8833837285950605,570.7773961748356,0.23534221918212817,0,44.33047183147372
33.105022043610006,3.451758329978102,2.7689123820522084,0.44049086069176,709.6136558399434,1.6264131395580774,7,39.59951684645459
30.489350345405633,4.772303350978831,7.3718576916834895,1.5148500206926343,384.1668535783807,2.872575442855056,1,43.144142663005034
46.57290725586402,1.9627708473300198,10.887758123392436,3.1985205681249673,108.46807282092018,2.1508935637746043,8,52.82144915911672
47.996930164205644,1.4860055052036723,4.428669125587298,7.5874596139569155,268.93310793716614,2.912568588051914,13,58.80224889506577
4.352496723131294,1.7898819594397493,3.4326856176057565,1.215472601943761,834.0043705574535,1.7290408470975698,7,43.92975557808129
28.72133348235887,4.547699600837078,5.050488719254026,6.131775164978877,527.0068601861617,0.41461596783068644,2,40.966664320033395
47.31363376285349,3.583243250620824,4.001759105896085,0.9585920610600674,617.7896678408163,0.047739460425583746,12,36.21240241647873
38.23208313492649,2.1436271569566405,3.61623323702774,7.851934861391087,55.886263700331625,1.0612684135150692,4,41.40004610612313
64.38024824793584,4.2637877558744695,6.660337221587261,3.1147703429621667,464.5645857460167,2.4429666502422736,8,53.05812519071875
49.74332873980193,4.445479985453744,13.663658451311244,6.224352857302542,80.0229260254425,2.765909663795928,12,59.51518241348167
13.057147604025797,4.386057354761112,7.852364877711415,2.8064695542079416,505.3841696731584,1.035134921171153,0,38.82337609113662
6.222087307631808,4.675706134558218,3.224845521822184,5.058584129554589,786.6166797088603,1.734788723091365,8,42.858176475520224
48.53902658726736,2.0089640806934463,1.6160892060226741,1.6169270694462903,824.7353044003263,1.4739161655192856,14,48.632935521605994
2.9618369800800144,4.020167714985114,10.594264104499915,1.2535660524460042,482.4421403111393,1.4368297452299976,3,40.5589128350209
44.34739301423628,2.84215798909656,6.0505820843276235,7.510706702588237,416.5638442017728,0.8097204962005267,3,51.702695085852724
70.57703786544687,4.367994211560246,12.41654872548771,7.349413495445024,806.0136753987952,0.4772988676031043,14,71.18041445584515
43.585089162815045,3.913962708646453,10.062906145291167,7.111004627681771,588.887865597356,0.6884099538092459,3,58.343268426349304
29.72457453928262,4.1057897859988985,12.045501032849844,5.040924256316088,101.91942363072756,0.19366335507171134,9,40.93609837108076
48.60332816473414,3.624647350724286,4.443217571567507,6.485318868608598,422.580462133998,0.6934575963825196,11,45.6394135786806
34.91071389637223,1.7097150778788275,10.539204375685342,0.6453918015998619,242.19601477144312,0.032203141688828096,8,39.82004856242812
41.37564240937918,3.1801076755877533,4.328898778058923,2.7448334309363656,425.8434571589452,2.195404402225924,13,44.614975333015394
70.66839584946287,4.938678958098032,14.116492952029228,2.5782546855815345,414.3724576050894,1.10731392585689,5,57.14426885325344
29.571595197257295,4.749552265988475,9.727427082233929,5.121598043425645,515.7158422517937,3.40600648999418,10,59.08747425362142
72.12810172296965,1.1726949431880467,5.20542110254246,2.9120664104180602,335.416392279401,0.6780096777170426,7,48.927615511947046
67.99594750474871,1.6592592629177485,4.407922003237953,1.2732035749850785,181.41635956474244,1.2103999960835787,11,41.140883498512316
15.488543974407936,1.5269150938182476,3.268435483538831,4.812089895766995,452.97554767196505,1.2524440552453662,13,42.27634764760363
6.132736264762244,3.903919639941182,10.572293903959054,6.533632973285743,714.1623074766096,0.02958023621861189,3,50.76839125832856
8.457572101929571,4.27114131942778,3.671376388469946,3.1187756062337884,581.2097824540818,2.9372278356381063,2,41.74396961958384
2.34841509821468,1.8540454652426877,9.131897355948592,1.1449228492780057,320.69429274017267,0.11198061050513652,13,33.72679359215299
7.9887790959387015,3.023410771807316,4.337207890417682,1.6538367587713023,798.4184182070858,3.290629421552345,0,49.75786587318673
51.54250123281041,4.3628121120448,10.098549699511095,1.9761181108381336,779.7660569993458,3.122260228827672,9,64.16615949180644
6.267959986056945,3.9312061790650024,12.316626063837818,2.4691909846568363,217.478719507279,1.8743267063008724,14,42.23299483481401
24.604196641738337,3.168948821967393,11.781366025597471,5.178081056999842,81.53406809629038,1.9025845121895222,14,48.915361582724906
63.520773011739635,3.3613907618350916,11.532344298496335,4.84746932784798,643.0469666806098,2.288222730346547,6,70.0474422257179
2.7221232444511143,3.03344218766512,3.221974882537655,5.5990309063796095,712.0882090793226,1.3546750417721043,3,43.88972712999461
61.27066771158125,2.1901938052752823,1.7815817312755213,2.9637656777989543,824.2916527610843,2.265277991892494,13,56.90844452345363
21.857253333231593,3.2600879714360644,10.634758013067092,6.609581449851828,761.8691152706485,0.15668936040970405,7,57.43665059931605
9.744197244002564,3.7555412082003627,5.841034600018094,1.7122925231305064,530.4278145651319,0.189166695724043,13,31.296961446468075
52.55855023694715,4.49329166344323,6.769020282848536,3.8054219053934166,474.04187136990464,1.6003064686684052,2,48.20773011227563
47.54177066171142,3.5451654159169923,0.9516618455041704,6.4274159001773,72.27284101006903,1.9236780538711222,0,36.727820433344085
65.93292900100192,4.044486148172632,4.263858514488213,1.5232533170876923,247.32515747582227,3.1073617411753665,4,44.67458133184521
55.39525724148755,1.640286539818292,0.9883078561797283,0.9679185985521853,417.6918013863411,0.3663122186776369,13,34.338314125516085
60.45758884847879,2.8462298976791596,13.24819370271809,7.081103344735119,552.8031200668543,2.8792677451786126,1,78.18018577951518
21.87055837027668,1.0373264793083732,4.0292519066686925,2.8091443357976478,495.80146665472853,0.7351656805222435,2,41.07998787169805
14.130526239699488,1.986715458086492,8.581388958808617,5.502573986781353,644.1087917453524,1.3792927697851116,13,56.04571346918046
56.545491621423515,3.9058468604520193,1.065200149586391,0.300253973685114,273.81354470963265,1.1081085218959452,5,27.574499119096068
60.70577070577754,4.967239805397454,10.169287173932043,5.551370418434652,501.9620861219786,1.4005434550288964,2,57.393887826396025
74.29738050804983,1.3967123983488636,5.183896513434361,2.5972003612210672,120.51379471263371,0.5267342432540494,2,42.47032447562749
31.53370809144556,2.605977263445153,13.519828210886155,0.5403527433407898,380.93241886656557,1.7624952604124422,11,52.35467372567396
28.529338348665956,4.200283874796638,13.37771373954352,4.917520816230124,650.1286663636808,2.8057490644097856,5,66.5434830174596
58.454559094907765,1.8161425385155954,5.216713966245343,2.0023501469780687,604.7206827432352,1.5453690363261394,4,52.95121737793512
26.21946197872332,3.220339797209145,13.563932987511784,3.1557772122098524,842.5141897377432,1.7171475156436968,9,65.39974708122146
69.87604209466379,3.932285184118699,14.944286265732293,0.7365884170634573,272.3129007902048,2.9706865484845997,8,62.071618667604426
64.52254363638286,3.463941801040716,12.468527129797247,1.2625896836500683,448.55143933918333,2.4712034012331077,0,61.03791166461433
32.74555802575136,1.7520989384616645,12.75063454245082,2.454020160417166,313.62433101919737,1.7165904298192465,12,55.25742178230755
56.56445901657081,2.4215382747429577,4.110626673581804,0.8091000544252414,402.4824912473398,0.9019347686621288,2,39.46276416195476
56.83617268226649,4.135167137941589,8.862184783437467,7.295527491021891,735.5601038955105,3.0972436139573833,2,72.55993647458295
8.631166293859014,3.2169060565280665,1.4752107525268339,0.1477716411534295,597.3672601507893,2.0195714059169543,10,31.630730796359515
67.78891509428793,1.020918454171651,1.8763100839142108,3.92249572902806,755.9529530780653,0.7740166353874269,5,55.09169230792601
38.388675561141426,4.043963040112375,14.983942874482715,1.0736549192471565,212.80888666550916,0.9419191342330362,7,46.09823282078517
62.15785249197288,1.1412454197609563,5.236269116675708,2.5306648068757935,748.6888942731504,2.8109658112768607,2,65.2137742674028
24.68367047626527,3.9829351309249286,11.348666724708272,7.415870522564298,97.80981934270754,0.1545094673060941,2,43.262188984187134
67.26871890871884,1.8099222406609496,12.196643268888838,1.3773869708644964,760.879424349722,3.47232265460087,5,77.123705616193
29.80092422632807,4.832293920477521,12.941337429604824,7.730075325774828,313.25902356858234,0.45623087900177123,7,51.7683127461844
1.8019862095420787,2.471763005208338,14.96561031233127,1.7257755782164317,301.6701067312532,2.786239838889281,5,53.898650831265314
67.99826625502551,2.3077264653523164,4.001699036224584,5.958372256887953,459.6708613589311,1.38171360870089,12,54.909198187723426
7.755214082173883,1.5955522013297787,1.0850869894656459,4.418750392688763,802.5521501785854,1.722756641506134,11,46.42262036869185
24.6292091816907,2.2224168619608595,6.462277010921497,7.087381948014397,88.2250917451243,3.0822770211260226,13,51.214745692450805
71.30458556175957,4.506603047312803,2.386169712519731,4.476546718474735,331.7847800565962,1.4451891635622465,9,41.86525266312848
71.34492887337915,4.985337350508989,0.8251753928497993,4.323017831334838,735.2575909466685,1.8812281378563207,2,49.14917806918088
43.434403721123175,2.4732381220273933,5.726188993551548,1.6441182029103594,366.8435819483734,0.1725488184320948,3,37.001264021239436
47.75595370056514,2.7944425238181703,11.864204640590929,1.4132119602081041,209.3255180776536,0.008216158536086038,0,42.449049672663975
34.184968626395666,3.888283752810948,8.709620022763527,7.340264293812562,389.83534506512945,0.8567995555060406,12,50.73990771492238
22.697597105656776,4.5447831218602985,5.035280843550134,2.6899217709152694,358.44200119333544,2.3820408252156855,7,37.75597550982166
25.32117635737378,3.3721773367471366,9.987959079644435,3.039449814206878,782.3329611733627,0.42442712675697847,3,51.70616657825563
50.766365749700846,2.5661027927113174,3.8642636144777556,6.102606901584268,659.5475005944777,0.398166855815923,5,51.346037568033616
56.67571517838832,2.650487363394495,0.7085309680452329,2.7767055111401784,454.09244459520505,1.4383621281256616,10,40.445069635982335
59.57684923571279,3.7824725859872275,11.583124103328197,7.621293328448122,840.6964533772568,2.2674296351287926,2,78.05296881165978
59.431742566796984,1.0128730544171147,9.544274730528132,5.9296293750905225,422.22202502073867,2.4922519728677566,10,69.49506127305142
7.749251625603087,3.4783573498393627,11.55338805526392,4.819691016330018,96.59026465622019,0.6245773593443118,11,38.59599658594794
37.58710254799103,2.4219720417654296,1.0646012419711512,7.059071768303545,259.8194574519879,0.2785585158021486,10,36.27980658348997
5.259348241231677,4.176789325108337,12.638234603544456,0.49188667596091373,398.8563841754501,3.2913896188094047,5,48.586719799572016
41.66513729195643,1.3719625592925286,9.483129900526398,2.130795268294749,175.5220993168961,0.9123323389673561,11,45.24350617615433
33.6732571016299,3.352809067793562,8.669232585333281,3.773787040345189,808.0521010592344,2.9867127416305332,10,64.19038850433408
66.69010952411418,2.923891559544495,9.556903697660708,1.8931304618250162,663.4791182542185,3.022220076619864,8,66.56973057894778
26.967710928853823,3.5693021036209096,13.034282079591279,5.976850979687001,264.6297603422181,2.7038290711689057,8,59.715107452342735
9.662959215642834,1.2594143779318734,9.010579345104153,7.361743445324429,522.6436268143327,0.5909176232839952,9,54.934958301424714
11.581384471909853,3.319935149712525,8.9237805083786,3.447783947454295,627.1593256876577,2.876305107389701,2,54.937713340534984
57.351786747092945,3.245938351838095,14.864847777453605,2.8028475408839704,803.0231431254384,2.6923769573455534,2,76.31901748454739
46.74813668540332,3.2426403776646837,11.472587422494236,7.696250783886773,755.3082793403286,2.08853046537176,3,74.01728001568038
8.483078033086478,3.4139506663858192,6.913260179041462,3.614334219337573,462.15378091057096,1.1802071230913347,11,39.892953037507915
7.22390365250981,3.705871748905449,10.757256500477451,3.9634823635493377,669.7220958344141,0.9187801149329043,6,49.73618764883033
52.87171572797488,4.219955998723079,6.143841839530933,2.8780339915010527,499.715803062068,0.4266122422812564,2,41.746860358853425
6.3844624709503215,2.0792828805128574,3.8186942060107354,7.285432936795893,492.1631120364321,1.78414973415305,9,47.8300269147688
61.81764438748636,4.300197640720248,9.154352214872512,4.594748317926621,141.7935666705535,2.0484130642844627,7,50.10067391168867
53.26192480958072,2.9930227290538145,13.958640422652296,6.121179238734992,150.91012641292167,1.2576864668052552,10,59.35235127790047
7.019809767500583,1.3082331165373247,13.97252304022421,6.513273074972002,473.62689201796593,1.66375673688304,7,64.40785275844463
7.277990842304202,1.2342037169759168,5.457626532529609,2.80060743114634,265.0892359832053,1.2723006007924333,5,36.90738267868225
74.01132880908699,2.336953274784243,8.151323260214578,3.5261852174310024,66.8295219683749,2.2435212006224545,3,52.844568824807084
28.696038885952905,4.13958790844587,3.5687205292629876,6.80292701780949,628.2713631201698,3.1544072272879715,10,54.89533743301632
28.42751888294993,3.830723738963663,14.93665108773381,2.969717278238901,75.98927735213196,0.5737209171643071,11,43.318119732660044
61.14716797705519,4.154459858689625,14.726209664085069,6.372087554269625,526.2214728832437,1.3349308346609319,10,68.93744474986434
71.09639472640555,3.0690762257664375,9.917879480757986,7.533839348338053,481.3550353018515,0.4930401138280146,4,63.14136618349023
73.96407872289245,2.7607959918219622,12.164003865323364,5.023361947237255,825.0517524622436,2.187303196427412,11,78.87010815862618
56.74998570916168,1.5898101068251358,10.868952338613651,5.958855570869922,437.3705114781133,2.551046783210085,1,70.38737513514417
28.843209329287767,2.312771014437246,9.100794176072288,6.460268765124965,100.88114910223788,3.2616945640910955,12,56.120073643312644
7.179053035701489,2.736077464695501,1.2735459563390166,6.775813226283476,491.35037424516935,0.9760517419133772,5,37.66710750885282
58.50887177863032,1.354401718718469,7.094082967013586,3.220921369068688,722.8769364928811,3.3257392205290057,2,69.94050641955458
42.32191448044957,1.882447810844845,10.284401381427452,0.5049813274903856,847.4794274251519,0.2214193513723618,14,55.23540481438172
32.39242868427624,3.3929011762549552,10.324208401313427,3.2748225427702424,394.27453895125797,2.1105485217760585,5,52.16579499189365
68.07022449701046,3.9426524569567594,5.910277967124562,5.422674215294309,306.238993997394,0.1999645177016549,11,44.33800536755189
9.2286136906552,4.9933900455717986,14.154533806541442,3.657768047668263,775.3226375615991,3.1282096571668068,4,63.96095079726247
37.454257717523575,4.73245332537423,2.9266769674333246,6.016808891797148,202.9937032608971,1.8543316997451893,13,37.04248813362997
1.840169712789011,3.570260798140766,7.755211970125629,2.920161192802445,542.3431320263413,2.3427192276697864,1,45.144277599903155
35.680887507565345,2.684992213176288,10.51781765998693,5.114478714721833,374.57153934475815,2.9105087406865837,14,61.33009753189333
5.1664424004559635,3.544709458832931,10.608469185431234,1.5727164583463993,82.86589196444423,0.5260871786938907,11,29.505585198667656
9.792525803837322,4.142606472320928,9.905264873147825,6.02001854949516,327.83077944455823,0.13507046678346846,12,40.19083737661577
9.696942261505761,1.4733447636935493,4.491679095051973,4.410998153622904,262.1828180021397,3.0760840106949825,13,45.86500457729292
49.041562356588706,2.639619558785153,2.7649952459560185,1.7121086695181447,598.8729231547895,1.1022662961062637,4,42.34291875515417
56.207321065641324,4.359209142542468,9.721134738987308,2.4060982706326777,809.0323981535345,0.4514261777450784,4,54.527506891903336
44.169288617189814,2.535331807732176,9.189880684021848,6.014008797796476,264.43774990291024,1.639614329804803,13,54.83724576658318
72.2007685871161,3.287489084908746,3.1006621491939943,3.9125497617260137,699.1727513213453,2.0940712649360655,8,56.65094675298681
28.7404228847541,3.351077443448793,10.724517610773168,1.8066483791052705,94.28785355072762,0.10839711197878543,10,33.81514947904951
22.142694384857695,1.7379050125345574,7.099993880138018,7.741442403925351,480.49680803185055,0.962134803899807,7,54.36154610822311
65.27633548602006,2.4489417666091535,10.182528578245718,5.7494876565534145,106.44005096791567,0.11479955996913604,11,50.18055290209545
17.546092050439494,2.3380451549677286,12.641822656667184,7.66136517706439,797.2263929045115,1.4711738621842463,11,70.66216856371688
72.27846791860523,1.1047868341282592,2.961062214365386,3.4741298583467115,663.0810244459121,3.1328501017318553,6,64.671230566954
1.8994311270464093,1.096767055565421,0.7776005859541318,3.853292691464592,576.3599289636738,3.4392834402274923,14,46.960089625248514
72.7710331763653,4.326788174703093,11.796987502738908,7.193846207861651,709.1171052997314,2.229666437262696,14,75.62816533870219
4.193833484342632,2.0922832398912496,9.340612664712932,4.247889787938538,568.0158364561305,0.5657319282460713,11,47.43018363566572
66.94459041365727,3.0723150649552617,10.644773759520765,5.6875034040547705,825.1555177394329,3.17047286499757,12,79.61665369894703
40.04988207238619,2.194902294355092,12.653247137335317,2.0921657322146867,621.1663582918172,1.8068673812002116,14,62.39367302201614
74.47939491282823,4.762716980461362,12.140758554955257,3.6291391027508606,789.7268876657974,0.5381225923602133,13,63.41636874375414
6.460945790419515,2.037187035463095,14.433342130467958,1.0752539399018055,463.70551360851044,3.2260433430808146,2,59.50751093322263
41.98521704569774,2.7186272509557403,8.271058643355715,1.7272422834279975,143.6515303854901,2.6511416775308607,9,45.866224072020785
72.72838763581332,4.490921001938407,7.583186673568628,0.1074529806142856,472.5421771384137,2.5609684545310305,3,50.752712369843735
39.70924046859101,4.367734267167235,6.327364398415586,0.4101939080244158,151.49826245047464,2.4821324632804163,5,35.03960888978931
47.57549922200943,1.7444056713851093,2.7285201212409658,7.820542203097742,523.994783341124,0.7011893738375481,2,52.19952216838678
52.48540298486167,4.210573239182842,8.802804876789326,2.0145941915804224,435.99444842213035,0.7385234209763412,10,44.343146349207075
34.63603879281522,2.8327475469515706,4.516681602726693,5.340154605081615,548.0603182662253,2.4090254944953924,8,53.1058633237139
47.439297926220696,2.931875488341421,13.858958927088144,6.7288876205169315,58.037584843865275,0.7690296253863891,7,55.03453151461638
44.23925908230942,1.5339198896637751,8.956266662017915,4.450217627968858,205.8723933242913,1.535350938810671,5,52.20845301366571
67.68569277633318,1.3224060550284986,9.096182617367598,1.3098415506632541,443.0643455297047,2.737006389578795,3,62.50245149560579
4.363032145267883,3.9117572278950608,5.646407582716646,5.852119854955714,810.4028492713079,2.743833813342443,6,54.804207499148724
21.791276029825045,2.985844609421199,1.2538456036767585,4.841986139786706,356.88723228412675,1.5864162038405087,12,35.75838359717403
71.33044982166534,2.747402810460718,0.960284597908335,5.876879655844263,389.49762084290774,2.772664783963358,14,53.56470559905123
66.87952000792781,3.918032914609587,6.638359590221364,6.180998320570988,621.7568712052978,2.9351762866931987,10,65.94302659959664
34.718599706142754,4.062051595964439,1.726197982409949,7.805741904709486,533.0342058288944,2.2917151294949107,2,49.1649712428826
46.88981223731372,1.6356326706774142,9.299280855332018,4.631149912211009,289.14092007866657,0.7994904830794706,9,52.20079183290137
21.526207540603817,3.440900597910565,13.274108581775032,2.7989647902557544,378.65311645394223,0.9590412313494163,14,48.59422509684943
14.920965819558337,1.5414163291107421,13.302264839521472,5.222869999511873,224.15983908578596,1.1019440439305739,7,53.59094147551273
35.31368196555868,4.005500344116182,10.056158446917369,0.6406816030167465,822.8171673041668,0.408814377068832,0,48.6229931692512
27.148064873927908,3.627820625068558,3.5628615563574995,7.189438814740532,154.50750524588778,0.9560586712948079,2,36.011226800898974
44.19055227696453,4.826458484333832,13.013454054703645,1.0431099895717546,347.46942765313554,0.7333172850938624,10,44.235425169763396
6.752363135408878,1.2758320654256847,13.348354812041519,2.689958419297964,70.67117777600896,1.5936506243301076,4,46.44460500868792
73.10521576729631,1.2282188846050173,3.351476981817901,6.544388506946355,227.4235935468371,3.1795314175529272,4,60.88472595782425
73.97959509149061,2.1287482987728006,11.19267824367482,4.8187677888126235,674.3769107041239,0.3656811086388533,9,67.09859838272483
52.66396683746114,2.046822734943624,4.654533459443282,3.2097206101917926,210.94018583110358,2.5209377338158845,13,47.45883578933613
40.67113110946491,1.9879151962879993,12.13828452911748,3.8401417090626695,114.05072202317248,2.405490515445947,1,56.087969617603434
23.905043605188254,4.625018322084147,14.95994954860224,6.850924406297224,429.56254387561864,0.3351396953217518,9,55.04086237879931
61.2208314583142,1.9981847993980244,0.9353770772761958,2.786034649873148,57.97538778761479,3.2290034171703,7,41.734193902200545
51.67010676898707,2.087798904514524,13.511805053968512,6.970232510016153,117.81292354106654,1.9896527075488686,4,64.50253696029277
13.033653511521957,4.037593049671855,9.528142737180541,0.7962620047158628,696.1006956503801,1.2730393239748947,6,44.22069994695916
68.40861165254434,2.79895936980216,14.614047977889907,6.236707653948183,667.1786758876851,2.6478850422335736,14,82.28129792499502
61.867755976314506,4.106842227820724,7.2426380041332,6.795626301132417,782.1110563239168,0.9007791044057192,6,61.682403246555396
71.28519358360238,1.261464630257541,12.78712499328492,1.5363594574149764,733.6123487285996,2.427284429662121,13,75.46004069714093
54.70324362073864,2.9502847746935372,1.4047139946750198,3.4997376057403837,596.5404505918544,0.13898922650286527,4,39.600048799164774
46.39272449924845,1.1344544007331305,5.361546226135288,1.4074482198428795,91.86628584053027,2.937928131632452,7,45.2699649180895
31.949984685505797,1.250612813821418,1.4717397973925446,5.68217261905432,676.278894389326,1.5685979645746146,8,51.50544550478165
70.02190776819698,4.625749813377643,14.642475435446523,4.329247367687088,726.4086486724484,2.2284252002527962,3,74.10383347977951
65.08872782303021,1.5569814844703807,12.346121655441632,5.119054438995736,689.2657166175636,0.7743323693233928,3,71.33697251097314
4.346181587858016,3.1296827291008684,12.861937608066572,1.6522470389540682,456.78322824642083,2.369757994304568,7,50.98350172746765
2.9511561127966486,2.644382410402826,14.100495855791467,1.7727923102141143,236.32147091958532,2.7028409656264683,0,50.44819654102987
28.858289148975672,2.3893733050353707,1.7340005487368877,0.4278288715282603,726.2639805509814,1.6562461540953954,14,40.177166667408045
60.98094647785563,4.59933338274909,6.091165091443334,2.644333528046265,631.7302477921107,2.16204423421628,3,52.43806800830454
74.05843356930589,1.087293587101958,1.5300058911380308,4.521982824536032,834.6089395110813,1.597140733378395,5,62.10492661827145
12.130849941661086,3.6551587447023564,3.556499972475415,6.877685820578898,174.55407820474633,3.1293197924024594,12,42.12995931444328
44.965672936058,4.853577736854202,3.8258037670462492,5.368726834923578,230.53166644164403,1.742542131800117,3,38.69420488452561
29.185923390695592,3.2406727338473678,7.302054560189891,3.5396309548580365,219.43851990520216,2.946330481600866,5,46.832791744848734
72.77366543828063,4.747289848132367,4.394151428077818,7.629648903713688,684.0318140970694,2.80473220394587,4,64.93083296335382
63.316800312042446,1.209031517144095,1.964182548857536,5.782037084549072,199.52583716009454,1.436766874719248,13,47.108036284969856
63.0363241486242,2.6751732762966456,2.928620791864562,7.448305102614145,103.32786385864487,0.8052957215011627,8,43.148449592852
35.6832938248278,2.0406311638482046,2.6354956715053186,4.267944988850108,848.8486452685029,1.4212874639591986,9,52.99411178411312
31.696643172987223,3.923283859922919,14.609613569728324,2.145343770865803,69.85376915611931,2.8917608152132703,8,51.43987323913008
21.232123322872262,4.925188361988987,11.509741350317867,0.5173308222813037,718.1952481270926,0.7967138753678733,3,44.89955105983757
5.1717867521686065,2.0261202497769912,14.532541246408648,5.836070326722419,342.29347324052225,1.8355272105021228,12,59.55309993005736
64.98945584287394,3.616698405896298,6.876237054364673,1.0582936842437196,723.2923678062522,2.821338617862616,13,59.01093607019243
61.15467467562574,1.7923905310389605,4.53634298410852,2.491923513348541,493.696392968916,1.2371711629493258,3,49.40143467907848
74.97910782317366,3.2613210182864396,12.075251359533206,4.306520172282789,771.3049835890881,2.247733729509441,11,75.32416038458204
74.75112594346899,2.855729946753345,5.230681811596629,4.558891043460006,790.9543891317013,0.8597105091708508,7,59.871789167339095
42.101946214594435,4.888021318526148,4.84105891872755,4.844607256198374,57.2785450246208,0.3824780587885597,9,28.839328234878
57.90506872335778,3.4341090907858662,3.8713368870135523,1.4134171097626351,110.32974079423062,2.780344787824997,14,39.10988352096798
70.91266401129967,2.398025488347275,2.3803451842514125,3.099925498091025,250.28698365668438,0.3463901819304739,3,37.84070621299971
63.87390691012845,1.4563831395517335,4.218714384743107,4.975834394224036,585.4523330908013,0.9498348827785461,1,55.84077360364991
19.303759528996626,1.6049873149397382,5.652136352871372,7.7615690306069,760.6177572092048,2.9928829769910403,12,67.0449825405076
34.34026601294692,1.9012677198049404,10.27291601811309,5.84828598782754,417.9535610351702,1.212642504775335,12,57.73318756941048
10.557796721210629,2.003866645361192,1.4071902121820479,7.3885696810422665,535.5784930194123,3.405658723299564,13,52.998305040383634
71.59977601714546,4.402464231364551,3.552350625147473,6.121475260681999,200.79988223644892,3.429070171708509,14,52.632863247096004
45.85692294936512,3.2448911531300997,12.230842784229308,4.774564054249963,693.9734671053483,0.9389660715874484,1,63.24913005058764
17.91956760725624,3.0935636454974658,2.630367891964676,1.616984616177122,823.8624890827758,0.14342377787461658,0,35.76547012651997
50.7058506460334,1.4590754874768699,5.468354624576563,5.366816649950853,264.879146331678,2.467721494718827,4,54.97858676846914
46.74148979388429,4.44055877339774,13.03755436694303,5.024698571083266,445.86076128043703,1.578452759269203,14,59.15310710591981
27.504041134430196,3.891257212833935,2.7464170115799185,4.8595064466124045,118.89288840509904,0.352634953858517,5,26.270373854738434
9.403261822772548,1.2706734476000063,1.6996841164637535,3.9693083571071024,497.30932517037473,2.47632986642315,8,43.79346694693563
50.69641647386717,3.8313403889190747,7.525800928660157,4.276387171515277,452.22675347734446,0.10911218189172428,4,44.730412947097214
39.502769866880705,3.1741528693705843,4.885082913538778,2.7420959642330223,165.54918732406207,3.0456884167228475,12,42.696631942028475
58.15156098843731,1.326901382987113,8.669421285015884,4.202570271874195,403.65297049446,0.48528385189656303,5,54.71941836452065
39.49209908228751,2.833202566114626,12.155170912010389,1.6606916548599784,317.2837216692506,0.4455915756135375,5,46.063005955312384
64.06143102357197,2.938785148520188,2.4886530782147758,6.4608777391469765,467.46470024415146,0.6148530428900458,2,47.86147811171069
41.84110606931193,1.663098160653103,8.920136726037132,1.567637942119792,518.5234683430393,3.3609322547222327,11,61.12123907078726
42.50940989361858,4.782792588001129,7.829877025653027,0.7712336901267847,56.79646288576761,2.4260927608884613,3,35.27468648628941
65.87236659671753,4.399901485922648,2.589142397191394,3.5463436082215436,658.8047863596443,2.8048003741227285,0,53.16121332137431
30.85773209971738,3.6760893493164333,9.547978040170245,5.300628772097888,620.4114334893926,1.3917224500646355,3,55.895739596047655
10.917126905347414,2.849182244002429,4.467786058981189,3.557962916974977,343.02910896521774,1.1770945462673446,0,34.79392440339058
3.129918047187084,2.647062166338034,7.573597618888181,2.286357642415338,92.3487484550546,0.8206940237410948,14,29.108083301369835
56.880156919847806,3.6038938686038167,1.6929487020173972,4.509552352734482,653.9460318280403,1.6822680990934313,4,48.73997442332972
46.90290680015639,3.181727477627622,7.163968829597534,2.84131844975638,814.140128382506,1.9314005673695898,10,58.62735212647968
53.10190283934254,1.2490924235275425,4.943720286620895,7.469654752000401,242.12127681761135,2.2112119527846437,10,57.41637985411448
16.759347951659393,3.0500105950813268,12.424527562187638,7.388896602868219,308.8196909896303,0.8999147639954308,7,53.911693400310526
11.091489193420962,4.225614468931358,1.32619154146184,4.068737377779554,197.05031158545196,3.3202892831604673,7,32.85975261866474
2.076305259423263,2.8369595103878322,6.569805486315784,2.6902835527442424,511.5488986758717,0.5941547437249755,4,36.399641895670264
26.943479351688175,1.2078263102170737,7.147255649905851,5.923346070257448,173.87311571796397,3.379786111682443,13,56.46342648240727
44.65390882724285,4.145112797536132,11.01258810633722,0.3900322535162265,334.95515476910356,0.05199642877626326,9,38.257763354398776
30.026059337380193,1.8054551285438976,8.827169838808059,3.850675147744845,607.6104111474103,1.6839399213589596,1,57.43714061314698
33.37314422975595,2.034483339552155,10.174578889315626,2.7569548147356353,498.09278640747874,1.1667874334079698,11,52.935690097052536
67.90774339253738,1.6588254137291836,11.767214641950464,7.3722334923101815,359.17005146234817,1.5719319487558778,5,70.55735858887884
26.770904559724226,2.32086025948599,13.001943118043737,0.1948239154541921,386.19968144603354,1.9973260264327617,0,51.73425031429984
39.035222197826,4.02700602275454,5.051194702475822,4.467237518174958,499.6887060985836,1.5245620530444817,6,45.32547625687391
58.990322942844585,3.0775434380157494,8.301329227776593,5.951242290426345,54.69178230972904,1.4519639760555823,10,49.107902221675126
30.34416589177399,1.8195250966028502,12.681567137368399,3.931642101439926,112.80789476288788,2.564531953946573,3,56.17294924338007
47.03441581686264,4.511320312608163,14.84704139899332,0.7746839382855011,755.0064542104093,2.4005669628026265,4,64.87918563688388
64.81491444725914,4.518327419806116,13.398030010134566,7.7824449812204275,112.30319127303261,2.9164494871254676,5,66.2307959571072
71.26452615066552,4.482313700184028,5.886275308053463,4.192282407871174,615.4428769684041,0.8748564343382345,10,51.44850292962449
11.883437588748807,1.9551848455261571,3.329914499670431,4.95207133012019,786.0305312872421,2.1333497841392224,0,52.46148032395944
69.56748426195058,2.8049573767239524,7.596191792395537,1.969217283389308,266.5468834413849,2.0481817488749883,8,50.80331862691197
37.41660568788583,4.9399586245635,11.253801051622613,3.9196348723437504,346.3931496476114,1.2940823380544106,9,47.43556926147299
20.110084734122918,4.088049905239961,7.642251525922815,3.490280986470743,505.137124675773,1.7012013966593833,3,44.7596974425714
34.976045961631336,1.1086696849022393,7.506122518048193,0.6916771518156716,755.3671757108677,1.0982375015700505,7,53.01071129690192
73.5224105711253,1.2608183650419682,12.654341105686107,0.9386667930249911,803.5244698083361,0.4964553916594482,4,67.93712902541094
37.45373895547235,2.855725507249331,5.740354796474202,6.716032904988319,641.6505984890144,0.748304237319565,10,53.31593301480689
25.327619161275607,4.636880823446241,12.967022784768861,1.994577622432063,119.29580868375523,0.3692977624042038,7,35.714524357322745
47.87166321943771,3.154807191810857,6.398669613799991,1.6401703448391813,585.3233244278806,2.390743513165434,14,51.94544056106918
18.77077578958629,2.991250032137161,5.259380032335922,4.0888004648761,378.2429774981297,2.31254587588203,0,44.018909997742725
6.61388628004113,1.4218947998265223,7.082853712395636,6.1731023377638525,426.56079959284926,3.3271223005295547,7,57.94318359707563
10.537099421388042,3.627120418897176,11.555480900785593,0.5893774967740046,89.31871227614164,2.5538744477653443,10,38.950629442275826
10.47539208287516,4.2884126424009015,2.3270294040279174,4.656782565142221,202.84971147708654,0.18216043564646006,12,22.037518429299098
12.240799319909781,2.5216800300302493,3.348078630144252,1.0417624984405296,682.4108860269182,3.09485810875134,10,45.497799862702195
11.27321077605635,4.10244740370131,14.295949972114833,0.38804230152238584,413.1670664382878,3.0193630703100403,3,51.71439172619847
48.42473111543788,4.857906615603246,3.044628597029682,0.5166772220815175,291.3297933049191,1.5516211227044454,1,29.58795394812035
14.459126245536718,1.8150658365107564,8.732046110000292,6.689896454846687,357.2152591719665,2.0505206768477255,10,55.14413737361396
26.579378965965876,3.093318524778965,8.9000597665981,1.0319826206616864,733.5196106605441,3.416274163653816,5,58.75143978312306
67.36234233304488,2.148551832338302,7.599554699728549,0.45669577885710644,649.1992139239655,1.863065273468582,1,57.383159050130736
36.07316137945256,4.171417676135357,9.84880610436387,3.559409108429007,267.85231774486624,3.168626399316314,4,52.2568919064541
50.399272650556014,3.31037346352463,3.832487524065467,6.767548428341995,144.00147216989865,0.29063565233565253,1,38.01440468177883
13.751670468920608,3.538329670201215,8.513602882762848,2.1730261742654853,251.59857731525736,0.66868154048039,2,33.45401668866207
15.229387391841637,4.191656638463576,5.896512201080009,3.4315296784547398,786.605160843787,1.5426423020446123,10,46.448055241801306
4.024277603719436,2.5838818906498195,10.09417526462324,0.4153880072536347,515.2710702798042,2.0466488291805662,5,45.343006056872426
13.501194667340176,4.660360273628173,2.547741378910667,3.6477202616655195,476.7841669958263,2.8567974815198007,0,38.09691813761732
21.615685088364938,3.13211546898456,8.777722544172406,4.663143337033356,527.1148797539693,3.458917403001154,5,59.59241445595218
14.098775836479264,1.631819291341392,3.1864201530581937,4.610165724641944,342.8226125972122,1.3609802376594076,2,39.0941547889068
7.563987498022115,3.78359647267521,4.540324415168028,2.7261708681774848,695.6856162556102,0.16595472649029724,6,34.31289192012525
9.92705446144446,4.173045401753018,3.6712921046919567,2.5927121272387708,468.62899944019983,2.804100261533637,1,38.0770900431061
35.097628834421705,2.2670467082701067,3.151147808097848,0.9423265895991233,143.39832221503644,2.1153325167898283,13,33.31047332121153
16.268695162028646,4.428717027995011,12.472808797629671,2.9977067331055203,153.25209986325035,0.6949000060387058,5,37.674735894218436
27.955969717557583,4.624573019063066,4.64275973108291,0.8860078840964207,479.4873172020947,1.7318995981749705,7,34.63344043539635
38.25287804325941,2.1076179495112357,13.943294837034514,6.156107963225208,799.2561744566714,2.598085859368035,14,79.6037392115924
52.089217318573034,4.934085890860889,14.563934617505268,7.733566952210668,296.681697340959,2.696441254740253,14,67.8932137602831
3.9090983482413213,1.5628461121950337,8.78327681408791,7.763588207666984,745.6329350873747,1.748664441995667,14,63.60880750366127
60.156369519269155,1.8080626736099599,2.573516278653033,6.934061685065611,661.2764692631034,1.0682508554510068,0,57.43934096461733
47.46462882232717,1.7368993569521045,5.930949529003929,4.846257979782991,248.2499543255255,3.4080990371347273,10,57.06964109232361
7.050168364216521,4.575958840031482,12.067117818549104,5.6368390082266515,79.07259865299396,2.321769138347725,10,44.962043641463765
65.64481818390152,3.6171702092998474,5.827165566107522,2.353125841175271,131.4778121139062,1.4288313177120455,12,39.92725004525873
69.14455763935418,1.6084171328890915,1.7617496653904368,5.083086319363703,632.7951470779522,0.9816212847162835,8,53.87115092814698
5.519769029259917,2.761293673473396,8.573381208458725,3.699631440575032,209.73579043251735,2.5588604405124675,4,43.82800177394741
21.488945962893077,3.461192100279208,12.754252346692505,3.907936984237767,347.01673640431505,0.847642059578187,4,48.527129395821966
60.65889470468654,1.3338563399575332,12.040932613580784,6.086434826963748,451.35933280513984,0.6009849614079086,12,65.97329384425552
56.37121708839072,4.529665473629355,3.0392855318901217,2.327155009218288,630.3745347601302,1.854418611367246,11,44.658821591159644
14.654555432371922,4.214414141766141,10.255086908980767,2.612512932386707,140.5849786073003,1.0149558742544964,4,34.54284173449771
16.49184992691656,3.020827094306553,3.697311819816883,7.404670149916229,375.09312422196916,2.2011680072326527,5,46.55154289085424
28.414935606562267,4.868506461036682,3.6640092510064974,0.5441719293226808,438.0583273141563,0.4127853620598172,1,25.215060304658195
36.854700904135576,2.671043917100399,13.174040712925185,3.9365109574653894,482.66165117723176,2.2922938659856253,5,63.71188425695745
46.7508530932419,4.936441276145992,4.120199814733337,7.3111263232221075,704.6885131161733,0.9915378479919578,13,50.91478308648139
28.299609328163157,3.6716799952145083,4.317086524511162,4.9218677617634405,187.34255603457353,0.0008502705207945604,10,29.81607229692907
35.22756899385294,3.538685093015766,0.5094741660388435,4.416615886275843,696.2651614612978,0.4442762018596173,3,38.115830009618065
56.31284942189799,1.66381958118314,13.124700994820007,2.072979015911906,604.3027421573217,3.267653822422829,7,73.58747696257684
3.7145570139042445,4.527711033218576,11.992624791532453,2.8118763636091417,494.69665135916745,3.0357412369037524,12,51.83385078257034
19.680333881457535,2.7099587516824606,9.59626955881483,6.831182484857074,609.6222963220575,0.817631612126829,10,56.31160916586788
53.78786935545688,1.6489336231299174,11.378853577113214,4.517823240970819,379.6141911613251,2.7243016659092194,8,67.17859153568519
67.24530598885275,1.0504300799030362,2.704704227655131,4.166463330678561,160.71806877449967,2.13000057610891,8,48.55312063829361
38.864130716559295,3.2390227345535303,7.1456921215198435,0.8866797369662285,582.6121922122938,3.398166490074543,7,54.01937352438853
40.37639790963336,3.1095984884907053,5.592681116557323,0.22662243599547266,469.7378453484978,1.307619808369207,2,39.20407570013504
8.930728839143427,3.8774144894766343,1.8597596307267392,7.713112990627688,561.4998404342205,2.3851121438100993,9,45.587965925259574
34.108515144935645,4.561032212071209,7.548892035616399,3.0781907215660493,320.399024822792,0.22237502848371504,10,34.76405324819726
40.41367771767172,1.317626338572118,13.850724929968212,4.865383190586084,775.4932618718688,1.3868657138574207,10,73.68641521098417
18.942817268969996,3.9259859613614494,1.08085722623507,0.7297490781795515,519.8958948604616,3.3733618141586317,3,36.333416285143564
20.923999090254192,1.7496477763903289,4.726183245660011,5.496602857212068,118.32198743269906,1.8864330605754218,0,41.3625426903218
28.919028069742076,4.432708212628656,3.5093435749827,7.467276998777091,409.8431925635429,1.007578261671956,8,41.01364720020024
2.4852686355517513,4.276254055446625,3.9531264781525968,4.647755498679615,655.0848437949074,0.420948370950124,4,34.82732975616991
24.833858253155192,3.1631750199421775,13.672301002250942,1.0963110467657435,685.3076493858179,2.4623491906353565,5,61.079396621170815
16.647152517744303,3.840971194493246,7.2870012863972065,4.695600067040466,445.677642211007,2.256996152004044,2,47.33562819636391
25.234804061165683,2.2574004527349936,7.261341487627373,6.154142983526754,765.7980566650408,1.3087854976132112,10,59.17257209516053
9.86239775462459,2.8846715957312585,11.528346815601594,3.3106906389347475,264.13474975543807,3.32829473153042,9,53.16131243528618
66.89901877475222,4.286547590841886,2.740136958071424,7.050718208737596,378.47895779061326,0.07770984545747611,7,42.1888557862976
44.9258415629996,2.8370607886928556,7.565347634450736,5.2245953315231795,768.877528455176,1.0630334807113904,14,59.4446390496869
51.25357161669223,2.431193061301767,6.734785604755366,7.2040664544847,767.0053731772631,3.223743202048535,6,73.26822649255855
59.39867165694303,2.9768497890011996,9.155205012926514,5.0256919588539635,598.5702150597447,1.1232740341180414,0,60.517493938301875
37.88472272075024,4.312997009748873,14.99358669713136,1.1371749788381116,737.1844376977762,0.8828849184930964,9,57.54527495593662
7.432101318469353,2.340832189483491,11.657008964189682,2.546564517730994,121.01861356498614,1.8697714347593655,11,43.19829947311331
40.74588409457254,1.6950463725429752,6.269052693752694,1.6941800911944098,741.995980966221,2.8833061247218827,4,59.85232492752023
44.42624273354505,3.848056081323123,12.499519257973681,7.279729331963212,306.4959252401814,0.3610136630742637,9,55.00600317981119
56.16252108964042,4.303912850832328,2.9752712680309625,6.107160531571113,192.66520994257306,3.3005724837600763,8,48.06104323641972
32.94280642099628,1.4025499140941333,0.9417234514799218,5.443547114389047,241.49586907363707,2.7827550841340742,11,44.96672538486982
10.440942406871718,1.959496451023779,3.4645014007319594,2.4776339250898114,384.37480641110966,0.6343758944304319,10,31.872046889877613
21.99941702910561,1.5678879590439756,5.4359675636567655,1.553953699196687,250.9536036835738,2.4920278641935694,11,41.538682726512974
27.868089933498997,2.3917656463286665,7.903420983163619,6.075963595112404,306.4540688131992,1.34735552923145,5,49.64406872862522
48.79787585853849,2.8014039156216506,9.419372537847398,3.8458477724447295,157.98278885731366,1.4080313732671155,7,47.917646447638205
43.237594545499476,3.995305347853226,13.703782899609115,1.8837374619899703,286.9414124471988,2.7415153235360323,9,56.03181547911265
27.35115771644062,3.6045903395266965,7.892883138481636,4.971313627505673,507.82705163360095,3.3697468279325626,0,57.825417899701776
74.0021284106805,3.4837142699137247,7.7684968470730755,0.4186374318937707,403.48296647285116,0.44329555496517875,9,43.717134888167045
45.82733663240965,2.4094997864386176,1.2285236424332409,2.676745007613203,327.37500898872895,1.472205829075868,10,36.72054909486792
18.554782588463592,4.365790212339039,1.0062175135152454,3.801600257269964,647.1617030856912,1.6832956282950624,6,36.542968969934485
8.531902973909876,2.8851486695926583,8.491819447787396,1.2688708394643062,764.8079771146544,1.3170913593424916,2,47.16583322656231
12.31157629964057,4.916419752060618,6.853589892100995,7.878770372967633,655.4313783219176,1.2711619330067876,8,49.7363617890477
19.200871900453603,3.5365685531829474,12.66811572721433,1.7518691802579527,315.6005616941433,0.18294033646558788,5,40.10695950483881
12.89042162120712,1.505058966258011,2.829853978321755,1.1297897273417978,645.5537342700429,2.3993851719691817,4,43.6227948828879
14.805959779796627,3.704710248301736,0.8620891006972191,1.7079255037064818,171.58414597924096,1.526750459920159,7,21.41908210232498
22.097042483344687,2.300416061726796,7.011062134986825,6.175582951961822,154.25439047303274,0.6817783092537437,7,40.984112045204355
13.829646051811856,3.7453087867443897,3.9434390729077338,3.4614947082475584,326.50162962892716,2.8561172580572394,11,38.88825209622934
67.36064142235546,1.278564592649623,1.2194084134131429,4.566785924045051,696.1618952352457,2.808962618530698,11,61.78947887628263
6.937297178961524,1.6995257487038375,11.00667515929062,0.2659723401922499,247.07859779384148,1.7023706983111282,2,41.59129028778173
39.813842828198844,4.422949035623145,2.118098499380088,0.37200733772918504,100.60272711894368,1.044577314017162,1,20.476956808707985
31.369365197234952,1.9087182280940596,9.32063275011269,3.622021843633428,155.36762816508406,2.233324540287583,14,49.55485612782777
73.69601765123687,4.348164500971761,4.575221377419893,6.551576421292825,736.9959748236641,1.0085324752209108,1,57.94173082732637
9.290878760435874,2.1171043538176417,3.015692730147819,7.093387141789766,557.0266277978301,0.8260277561329921,13,44.038298152861636
30.44131432938488,3.5715276402348306,6.006397082330103,0.7849818840055577,252.56093069598134,2.556801289092143,4,38.042276546101824
72.7408120623773,3.776602294039324,12.120963755232829,4.353068506598079,494.23666026254506,0.14113833902332745,9,58.204242870314665
65.04752731615454,3.0506190125802117,6.1853568651163044,7.314514521606236,472.0636979402803,0.33168964862107886,11,54.43550896184475
61.46333325024671,2.221242706786925,11.386159913560308,3.1649847597433025,574.348782752529,0.02375860908256422,6,57.76675111316361
20.084809201325548,1.8505775054843845,2.319551303587685,6.653570068284112,236.55004353729305,0.5353011526639915,7,36.09191196837913
13.64568146686487,1.1327574182497049,11.705185585143647,1.1561956697555462,741.5223897555181,0.2414650304866081,9,52.556188042409644
50.47959827440789,2.2157856049628952,3.935533211146405,7.48961646837561,297.4948496640103,3.485308287229715,14,59.5956228715785
69.77382319544135,3.612651162125132,10.322200383388655,6.0362442084972905,605.3053231809895,1.0108348948393135,7,64.51938967216083
42.200454083030806,4.753219273793931,8.703832545194446,7.536541703016523,62.89971709777191,0.5224380443423655,12,41.41345943411709
43.29933902077259,4.484817929052208,13.972598399569467,5.445276145064801,348.1257039153178,0.8434869029857128,11,55.25151665604331
21.71845293086103,4.06425910614121,6.116176510642053,2.9708910627954737,331.3678543670466,3.276439500390471,7,44.2858653453888
57.94247705620333,4.153789373013195,1.4593952380993864,7.511631262945308,484.78754286641157,1.820560780585385,14,49.42982505343218
14.84123739325673,3.659939613903981,0.7777545404931672,2.27697753284251,108.18900942175719,1.276863337077499,9,19.901884081177734
24.95226349391403,2.041147430264012,12.48944913410492,2.724162924287687,682.1050989808866,3.0568701026822676,11,67.46154177236875
32.48229645761484,4.628780122823319,8.108666746090766,5.636386502213749,224.22464141405482,1.3824659469216136,10,42.7079062267937
38.56316802264967,3.682929247623336,11.741038751606764,6.1459987662505515,591.6302519056081,1.1725299948519352,2,61.04329645044514
18.93832019871594,3.24176252392176,3.899171200166963,7.442287522408315,692.5696985952745,0.7254888289240744,13,48.04116095365181
9.497925030701062,1.4439578768539243,5.5037143099418895,1.7179390315440553,499.5015649932105,1.3222888836829403,10,40.603613539868405
46.185883140680815,2.7882221752257017,0.9365061470641246,6.404184478231869,642.7065653775884,1.108395246059241,1,48.208083426099904
22.35866093977893,2.841433084807705,14.441638706324627,5.934513821836011,579.4882497720045,2.3705638575434937,12,68.85933776691977
44.01162838527331,4.45825443809068,10.184084647161795,0.6039769944034231,334.4238377216061,1.0135394663475448,3,40.47515761001645
12.42284093029097,3.186592880751154,14.03147377250994,3.159062815560635,697.0868312268523,2.020199112478965,14,61.38715766823547
36.60436753725649,2.5216021958816386,4.3496979077215485,2.333847110774779,285.76109590842236,0.23062257761190447,0,32.85450083076163
40.411618008817356,4.907201314042638,9.366222362772081,2.50547435239684,506.97033420121375,0.6695120484378003,2,43.42050642837972
4.834941724859592,1.4428823733052627,10.338249540243249,7.865280348482137,646.3181913132316,1.4259184506397207,10,63.156164894117396
25.908716586350124,2.6901937132477785,5.104470653735032,5.17794156649143,353.1647278500061,3.279322388680434,8,51.53634767186391
10.946686093484093,1.1680987006856212,12.797583907726636,5.769641646568647,292.21408609394007,1.3203819500049339,6,56.45088040806367
5.689747814984813,3.9596164830677214,14.233841212053594,7.815279334788572,417.4768081382582,2.324259424199419,6,61.89972133370993
74.25705719685595,4.672306208796602,13.330399206592062,3.079894081415346,704.3707954793229,0.8928052784748934,0,64.06251814920762
24.8541845281295,2.1201493182019577,11.216471151120901,6.434537330777167,793.9374105165318,0.44461751590631104,6,63.51572357757598
60.93070899324298,4.433366707196484,4.523237856011834,3.5327946101055137,486.0667302879121,0.20487810028017545,9,40.08035792789421
19.843408452518524,2.168872921847591,4.58343261053166,6.96931600733834,579.1729642589215,1.0689472448996298,6,49.96182288770493
51.43120144457077,4.643080646575661,14.46872464646755,1.5271945763592953,772.6188977911313,0.5518135937891779,3,58.70075316586895
57.256861631836806,4.015847614387136,0.6491251910675344,7.586720798807809,128.83748113035392,0.6090365680564347,6,34.86035697109554
45.077266804980475,4.2196271073657545,10.882724612011096,1.8282964964459496,235.66286229293203,2.6626575793543252,7,49.48871402711352
35.89663795271172,1.072026222401818,10.740569357051301,2.677142005149359,617.120005001266,0.05543324830705976,2,54.67789399269693
31.476227646897872,4.851241428296104,9.528998343772063,6.0739186494435655,708.9955695298397,1.9523354400740205,12,58.986803913484046
26.81625172418165,3.906683968281293,14.856578268259554,3.210665618366713,735.6232226644623,1.3281148320771268,9,61.87820465765729
69.7851566743391,2.2190043815445333,5.0222518185740155,4.904869876454929,382.0857414839461,1.7729249996799152,1,55.06507383640978
62.46583617629196,4.317578659435387,5.429592025002099,3.6121306584484856,121.47192183349347,1.96990583025111,6,41.32190203782048
72.41199138932193,2.12608479365972,1.6446213427250553,5.964722503009276,400.22518183969595,1.0967869306004736,4,49.70965507703558
10.19799453793031,4.491015358264512,6.920572979884193,1.903816893712026,234.58767216564303,1.0328810106449984,4,28.362348323515345
55.08419316506968,1.450321561647748,4.285203630405297,0.5618180991713284,282.95716399729935,2.56690647267217,13,45.745293079005755
70.4371938047568,3.814743909843183,5.479107181575841,2.4694422400372233,667.8140454700047,3.04946945842405,4,59.595054968974715
14.41124689625885,3.1627939065796413,12.6012909587066,3.847038452460599,110.4216688207095,0.6740357136048476,14,41.177494709317
5.920723785141535,1.3861378807817633,14.064525446148687,1.4273584123221608,712.0649739845617,0.34166566187302133,6,54.55472420589366
55.84292804746437,1.967575313035356,3.1931295440751915,2.902898588285471,392.1352686593353,3.142285322372091,8,52.20811405302785
43.51101037531348,1.0496161451092592,5.901379507525255,3.2598658445191915,526.8511448804761,1.2246341227658952,10,52.170972164615534
63.29532948011213,2.8750718618580233,13.965143150673214,0.5533955651373611,121.7217849885432,1.9296108673198495,7,53.41804437013792
11.343155870345424,2.2050610430400015,1.3962226799937283,4.708127260655216,319.8872626858237,1.2584010058200121,5,33.33066127000659
59.849781077631874,3.3934299371910353,1.8392276576149884,7.086313080973171,121.76073521187662,0.4403081772111796,6,37.09059134949613
15.920421683533096,2.1889512308344687,2.8604693434903257,1.2987690123291142,819.2349783048877,2.0626607573170483,8,45.530438874356264
13.110539772062133,2.1996764460279388,9.130586094839684,4.82268330587196,695.8093194610003,1.837992981193704,13,58.132188293114076
13.155669046893477,3.9727727949264136,2.6818479295869633,5.351439718795685,417.7062034851682,0.7104774571691903,10,32.576182490458685
61.278529297122276,1.1925713439134138,14.537107531035636,3.4127439753123783,228.8820386589369,1.5815416562829725,5,64.56518040801332
50.22459433151881,4.611579980767949,6.977360645248545,5.638670940177732,796.7640841998817,2.7893162640547606,0,63.919014112667206
39.70684143291483,4.409055497564726,7.772010425077412,3.3447791935789954,325.6772765815774,2.06649136087762,3,45.16292752880843
27.553455825139185,3.671218732905626,4.076549929178395,4.086634575021736,178.7875453498998,0.339210644734482,7,28.94985972183726
65.91284002017001,3.372886280429537,7.328923660303635,0.15808905197997314,500.5315107631639,1.9180752403019727,6,49.75917651898916
30.04093794927502,4.5692099925586085,10.097747673236666,5.564588901664042,805.0192962758529,2.459584047513554,2,63.83105124442511
61.42835852089671,1.7413207181148578,11.39206848583362,5.324607163663323,53.064232400258064,2.7744619202326297,9,62.54191041131862
33.49598323419616,1.3158766487633144,11.431087199293739,0.40336693087812203,240.499874603199,2.2019115252199337,2,50.81321427756313
28.89388777744316,1.9580406796381524,8.87942113406428,3.0091758484215516,800.7581123283261,0.534303575892743,10,54.95615561263767
35.23830413955088,4.178313114800761,13.61321673741093,7.834351542254172,186.86877348572963,2.4856064330655623,2,61.52949306115009
23.301962688146514,1.1386810669059333,12.352413785938586,3.423818844292073,140.5947613118559,2.3706964612853074,11,54.7889462353997
56.32309413304258,3.3312273403339585,11.477197663130069,4.0653687005415495,506.1497726398436,0.08549409029221627,14,54.46358922033712
38.201308866843455,4.98175006476524,1.306280064366679,7.288448249461776,739.4750586358639,1.441116836565851,0,47.10448867803447
18.183739440864482,4.422784375350158,0.599730452184915,5.766368819339475,431.6878541551409,1.1653258643683064,14,32.042894218374755
67.56851842231806,3.085782756174358,3.580485519334358,4.6983540358813665,845.6514053476199,2.342942224887752,9,63.01499756649354
29.407950381617646,1.2545636371465694,10.121092111745059,6.402656982594473,593.3373596303943,0.7564753430882225,0,61.32156591352091
41.22291172243516,4.325494057542839,6.462363588796914,6.928493505002189,109.25992576835819,2.0680517304099046,5,45.126279131236004
68.07893621137647,3.395914032708842,6.33489075984002,3.7094157667244083,844.2657053455803,3.196220866349603,13,68.70247283662007
47.19361169763542,1.4597319882382673,13.326509879329398,3.8533560829614997,376.31538942415233,2.792308302730127,13,68.5468001576522
9.650455012418941,1.3754291392934248,13.485661297911662,3.149802391649503,279.92202707638603,3.225102076757856,0,59.78176648211854
70.54757714739716,4.63850727774637,13.683041328776993,7.736978506145839,496.30334686230844,3.424770884264415,4,78.68046612794718
47.45039592728492,3.6768010517523138,5.051232109467896,5.607613408893768,293.44607345669147,0.03734544452156968,3,38.79573727838957
25.78301548462437,4.317147197267023,10.520309284719296,0.7574622230437711,119.16600569612186,2.1795944673211713,4,37.96285074187138
11.306133377090656,4.51591560112907,4.438681128478359,6.917381024172846,51.14267446334138,1.4449378921561724,6,31.23527698629667
59.7578640060019,3.287089408193289,3.263842579579522,3.896423532606518,409.6666823362098,3.009490716172926,5,51.51641444698338
46.88538393871,3.069785407020165,3.1771706315368538,0.643155860737651,719.4907377812738,0.8813514570319609,11,41.41022925525403
40.47612080624779,2.7217096412839608,5.460560502522114,4.442766315790157,507.85214850406123,3.4336032119027666,8,57.88697572548515
67.14805114577086,2.267786351164477,6.734385486807415,3.3955978039080468,849.3658391547526,2.1479778934031155,5,67.04156415641958
59.35619363061527,2.738383843434847,12.548762980298491,7.034220298414737,279.47731651775996,2.777380907800908,8,70.10804503690159
12.223941100223588,4.0955186229206255,2.2384208553543257,1.7115573685141603,274.3640518080442,0.2995984348796891,3,19.38548119506384
24.06743301687057,3.4076937240605263,11.156424787225966,6.629070414988245,177.79956818715536,0.6421025966560276,0,46.75318815621449
19.388196346270465,4.570093159819384,8.206096255744928,4.505740660365077,181.25087061226816,2.6544128556197113,0,42.7182786636589
56.0520256503781,2.773520057516751,4.675207468801891,0.5314213953864055,278.1492768080383,0.07695282713763263,9,32.43951924729775
3.4814001704476745,3.428358314875016,7.6458839757259565,7.777577880471329,684.2720362188218,2.85907295062824,6,60.305171020002135
43.171836680477426,3.525230212367955,4.849160011766829,4.149660428415279,774.6054325091583,0.04882156542169008,12,46.61908391846371
57.4219427448111,3.366788649225302,9.143188350955437,2.3979271484295017,830.0697357661451,2.2999159367144566,12,64.69001277297802
65.88065712036946,3.8105350923420653,6.790736881401041,3.808314051715139,235.8317232771621,1.2778287208113206,12,45.63366787016529
26.31404940497715,1.9497338734992251,2.8838801716437414,6.877076489788163,755.0380364912734,2.140231984517197,2,57.52748421774592
61.77304054572895,3.0494551101831626,2.1904545810576024,2.508734682642002,312.60407142186966,2.436109924461898,1,43.381466519383046
9.186748534685336,1.4168992112333907,8.427087390045887,1.6221435322449327,140.27243561350753,1.1986632671520647,13,36.31942263647229
63.63746958835435,2.53804531057925,13.5849889826485,1.1196628507539637,746.0199404161325,0.37786856838792443,5,62.79624387519566
10.4341610125667,2.9506682744850576,5.48738645508644,2.453089247282669,558.8845077148949,0.24376053711892975,5,35.15025967392913
30.399259501467178,3.60889703818189,11.128501554728036,6.262379887616343,181.78471686484937,2.0612760789689175,12,52.958401979414475
59.99985706768697,4.8021242103448145,10.050589646626621,3.8258482850425675,393.86500601040206,1.8222937380693904,6,53.49635137864665
12.09388962380926,3.4026042661934235,14.007546257487475,1.897104669178966,279.8061559016541,2.5977035319239636,4,51.031938336461145
17.96460324721547,3.974375664706239,12.404224750837543,1.4128614969170188,639.4356549681576,1.78407428501378,7,52.17138218529871
54.446690061086905,3.025064237980811,8.715776254129214,2.728562864431995,412.73298449941444,1.478560265108077,6,51.517077736583246
54.2827037044095,3.5364161255053252,10.026942224394556,7.5254025457971,841.423956085108,1.393305123826808,1,71.10671897943683
48.444924833512,1.2837288645350937,13.526603765468506,2.8099110294611926,93.79598580767609,0.09256415909183613,14,49.39625350562891
52.352184890565404,2.017566323367388,6.293022376510555,7.90618020004162,334.01221290899736,1.1744502059383,0,56.1314485897165
41.16160880772212,2.447412372820555,5.238523234937772,3.933320600546314,435.5201336879819,3.41607055133573,12,55.607473933978696
19.633130359114503,2.8899734200260543,0.656760712710347,1.515394954492192,452.50684379865584,3.0574445167948108,13,36.888212746773554
26.581503519290038,1.182594982009535,12.484990575776232,7.140006725168724,302.7486579085094,1.152823234619762,8,61.119812323473916
14.4382310433055,1.5600963902132707,12.114220155848791,3.7368074477651327,633.3921992780544,2.0572839177323026,4,62.40456306546377
68.2253415386885,2.107257231165223,2.014590512452195,5.706403613685743,749.7976587911797,2.965538609374229,11,65.28583189651492
44.170992812692916,4.886130763604203,8.864432026424154,7.871321507352299,800.9754415822904,1.5444601786252403,10,64.11724888684509
30.663004840509352,2.325388028412203,7.227734623419867,0.49638526752779466,694.074701439621,0.06285252312552836,4,42.39661504794283
35.18842946966582,2.92816423244833,2.2212818848821163,0.8638870223217804,730.4641578452795,0.26078661636524025,11,35.844248831049505
71.09896713127434,1.7843908509535717,14.718239292380492,5.791608257555774,490.4362404959964,1.7863745247204732,9,76.84404766961738
12.348003830589935,3.443120284303073,3.613090368218654,2.326417526034229,710.7105811414517,3.393037814865574,3,48.009842741387715
44.381007569242996,2.122732862063897,1.4748956113131366,1.5559810359057826,292.8031273183618,2.4262333977660373,1,38.73262163515111
38.43576223745048,1.827970313753707,9.12528700277769,0.410958850575863,368.78300968737153,0.24820667003499336,4,41.337576337571946
46.24761342216394,3.0662905137839163,11.213566818428975,0.2725890246909943,303.53041105483544,0.6627630652715197,1,43.266484013681165
2.3401536027421974,1.0220231966416833,0.970429967684211,6.218436264646348,423.90986835834036,2.6996310012589753,11,45.234120996608226
65.5371692618672,1.0306561305969013,10.05140576154182,1.1620240762194451,278.46369299090907,2.9450391598468566,6,61.1356148979431
69.97675290378731,1.876275236407431,8.21823220129609,3.7949928661720924,819.2891538035575,2.161931051660068,10,71.16013842966859
42.81985558560146,1.1468854500032846,1.9973426286882021,4.886584839917916,300.2757024045345,2.255481093704358,8,47.419666637365
52.55216096689003,1.4321030165227655,3.00159621572225,3.4839792244938854,128.43563048875185,0.09918107634184625,8,34.41237264831444
69.26495420711989,2.3554425973550064,8.735627311083167,0.31414255345624154,471.4537328403307,2.8998559085352795,10,59.1337633893026
53.3356589391915,4.210342718319252,4.797185395942681,6.28966187044448,95.6792627561411,2.7589632285979038,5,46.50510488565654
12.287889175655339,3.2881945734772033,14.105578065444083,0.18305447387906254,138.43453304686443,0.9066230043617151,0,37.7324256077661
43.64533865234417,3.0506709038256656,12.371733327518736,6.118930165582124,225.51151135699703,2.480368519879274,12,61.63124408511825
45.89691343233134,2.1739552928324866,14.761724494448114,7.1571055009261695,421.48019990571333,0.7519911224874933,5,67.4069416966622
32.385669676376565,4.727014877731266,4.2652271647810025,3.5194353763516615,396.6007458472223,0.14115556368029547,4,30.803984683909636
55.49687343622949,2.5880601649487667,14.560992675570667,4.330785537472606,689.753489602233,0.7039778990663205,3,68.7643102954356
70.1431590929071,1.348371067183086,6.752891111977589,3.868168801679465,641.5797231072906,0.6252010686400482,11,59.440765809927264
69.49206995510144,3.468266064471205,5.539022532049442,3.1747480871251668,391.054635192561,1.1821179885719653,5,47.179611198249695
34.36211348390577,1.4553535739064056,1.230068141055622,7.110653829425846,316.9633660605039,1.4645732401141034,5,44.8513322726113
9.37961539221589,2.3808925712067683,1.265096238964238,7.162074734292925,303.1750272491989,1.7798861202419778,13,38.72268893422049
73.87824872321276,3.0296477548712355,10.534163211226494,2.752949280668123,669.1960698352073,1.6686385642791486,5,65.31734695519506
63.078458396999125,4.496890098740703,7.139970419293404,4.959051056716114,91.6579249770158,0.9473611208785128,1,41.288414010475186
10.225038409041746,2.9741863213604747,3.784563577523533,7.422569740952326,60.257319608484664,0.10209734000926063,14,29.189845418748636
69.14229931368556,3.809035064126657,9.402569441715873,7.700262141636677,686.4355135413184,2.1178556778300273,13,72.14276096910397
65.3723307925975,4.9712673559962814,4.166442714626612,4.120776419334176,431.71710079123943,1.3851069044657403,6,43.911046623917144
39.39401622732934,1.5259564795919265,8.875660437994128,3.677315961746182,154.70491084286078,1.0453525508564239,13,46.371844781474046
44.754382245124766,2.098926102078078,5.70852683124901,2.301685095835354,238.45274767560102,3.034293649906793,3,48.64820066287847
30.52620008638964,2.5783043023905856,12.441507285871376,7.675087798204239,796.003162477906,2.6136015772935592,12,77.21675015230983
5.052361272830319,2.6873127141553255,12.4000943311183,1.2282330053356523,737.6023804999184,3.002179419303548,14,59.98378459437574
25.80459588179667,2.644084301062183,7.421580772774819,4.680653650777027,617.8280401791781,1.7324397814936134,11,54.15810758471287
60.41115519625285,4.63044401022622,5.586877085357726,2.332147113397247,435.78018426986125,0.45825938244372116,8,38.907978836721036
1.3427697023406115,3.8561305778674257,5.757117050106871,2.3041654937475933,466.2589009531086,2.4367750264244536,9,38.45785209139174
25.67893870514467,3.431620856362815,12.182860622189159,3.299251840271889,830.1956282271669,0.7212582297801133,1,58.17272198515361
30.464483325729805,2.2374908714511283,5.258602500565374,7.990464192943671,822.6163551074297,1.5443038418210087,4,62.719751329309794
40.767274617406294,4.295161536885178,3.531360918749267,0.5342338240345943,222.2152366286674,0.22750276132110975,13,23.006446669842756
69.06931561454428,4.820242045939956,1.7279809571919489,4.670480363807898,698.8836530442545,2.8885794084804384,3,54.7243242366302
26.62960358308113,4.284793130200907,7.267050252823922,0.7523200484786897,207.79413293361344,0.440792243666252,8,27.41467173518224
26.67453694032085,1.0062604207658916,7.490915434337707,1.3207145569251,220.82998230716112,3.160841274672584,3,49.02291737705107
55.57509236012138,3.545605480733628,12.693176300842154,3.5725472400058997,590.8744273316614,3.02480710791545,7,69.47121141578299
34.46412762584573,1.204541525768403,3.7079610984679277,4.132635037636886,374.0008788700387,1.6260396755373612,7,46.078859716314234
17.620756897558664,2.0304288813348874,6.024373468191799,2.1444600260797397,795.2355256852162,2.6052887150639674,5,54.88651137039001
34.48052419381931,1.2380988013910867,12.221883213958519,2.600011333907888,121.20778791680706,2.1680577583635365,5,53.689308501216956
11.423419508105189,3.415181811797551,12.442542355860116,0.7870394600218712,459.22051264759443,2.810764748182107,10,51.31132212071912
14.052637001460525,3.746359653970427,6.076860601692139,2.4954362923695794,784.817224354497,1.5113178527506923,7,45.69503646003842
37.8792151827215,1.4579505522636205,7.157298337656873,7.7358116711062985,773.2909283836041,2.750329694855225,11,72.84665203348578
32.00048326333655,2.535355532179918,4.897645417314602,7.563188315212606,175.22337073259297,1.6185988597280179,12,45.96518337217627
68.6985966790394,2.824946035822168,14.022045737080024,2.745538492082182,343.31016007716516,3.2933802574497784,11,69.88768808447787
27.81714853463085,2.4762120870436664,2.2203346032529145,4.609746096602216,545.297120037357,1.7023023528880166,9,44.34283307637878
43.96353792057521,1.4841000019407722,14.039366633521315,7.28580358977646,177.51590781712173,1.6191674517680534,8,65.75841766811675
47.78755730604525,2.6757911607499016,10.416063551612476,0.14885219886308373,824.4177376365909,2.7477515154722947,14,64.181379689988
1.968989787536689,4.004712191233672,8.207796213957602,6.504400205666975,781.7994629821283,2.8755219211629326,4,59.47637507998974
50.10176552923659,1.2840306581330219,0.9735563813751902,7.59211946703246,183.56014322757534,1.9407119001240978,10,47.80449333856684
14.174661548361605,1.3207200563276138,7.39614478141912,0.8214733012351008,146.92436900878835,0.6292923472327638,0,32.05431375680447
72.11920349273969,2.419085167343937,6.412347522539618,1.3754367196600763,118.32678624661224,1.6371538083515282,0,43.94285064120468
12.001041853730358,4.7669028464757,2.837672773639277,7.689895791893708,777.5549312293049,3.3882537601838743,14,54.947458177306714
31.682185155799758,3.674290586891656,10.017939250759525,4.346567134758736,204.89904783636862,2.6354516756371478,1,50.61303632186184
7.3158754378196456,3.714679826690259,14.581688156840144,0.21215341232661725,383.02794283548377,2.839069113576963,9,50.55693800623557
74.7686946366001,2.44767996335146,8.651737760435614,2.1352927902318806,409.0810925216024,0.11488924586734045,9,49.875595888070634
38.16243076451195,3.3746431648341537,10.863922508437215,3.6545550267239912,529.2088353708541,1.6375081192195595,4,56.12457096646018
45.05849128168324,1.0405247361109735,1.4925315622072435,5.5739803970956645,107.38827499793997,2.2631739678014435,3,44.07525221028365
5.963659326743634,3.544384185638169,6.556171439346423,5.891966987280717,231.40689392041276,2.9051143926982617,0,44.70152024798149
56.49707480953916,4.653147790304947,2.1871980348851903,7.963829952111103,795.1923095351408,0.17245778753970015,3,50.19356879141712
16.533013889073345,3.4502938733792767,9.3855396152794,2.3713384751316964,776.7280858148556,2.983536099746556,3,58.33223200568171
67.45601741861282,4.49479437386538,14.107991294105242,4.351938804760954,675.0325179245538,1.919403278596691,9,70.53655375143634
16.18033339566853,3.8958922218643752,10.095777120838758,4.31325602809088,65.52099649457234,0.6905988970162098,3,35.41136644293664
15.110891329111325,1.482233665614761,1.6136442005591123,3.3045975496331765,311.6054147968817,1.11039325757395,0,32.792841867892726
3.7046754207590213,4.609813229143366,5.642659972283701,1.4363789613551197,552.3669882743262,0.9867534311304627,8,31.039859439584237
35.932953938139946,1.2657753774230995,8.484619001892348,7.821906849152356,270.15216941878055,1.8580066200096654,13,59.6486665037617
42.79824386143362,3.135869890191055,6.346512463932157,6.8412057746660295,777.6693560430218,0.18089987968896137,2,55.69814334132506
5.862439317698075,1.5685484951738307,12.587838151889999,4.036830923524474,557.1115694659535,0.5548765547497323,12,53.78645475470824
58.38904363543078,1.0468264429236163,12.312729568294843,4.865638839203835,107.52537385315648,2.8444256518152384,3,65.92543583762397
34.54337377135404,2.688137040510556,9.371549791496712,1.8953623231213323,777.2044710685624,0.4641139676138387,4,52.137610047686245
39.80487993024092,2.180162830616625,5.915140204424226,4.3959178560948,816.2133265409781,0.8168869431034445,12,55.817445386953
33.616443273428885,2.944001975190412,4.20237741956704,5.590264051659659,112.1699347133804,1.5867971196145505,12,38.788842845070334
30.656466504774123,3.308799546938203,2.035177614090375,4.169819524254051,475.8881878890519,1.8099231083966565,6,40.523851180237465
42.41338451680812,1.1749562892357894,5.646016410555034,7.923252847621036,292.69142577133636,2.672636678649555,5,60.652426891671645
12.487778198872725,1.4920131804949825,6.491001499511933,4.9295990843570365,364.2712611851219,1.565663493331657,4,46.60993170269269
14.462681656650062,3.2345695858017014,10.299432414009067,3.0306923294781356,193.7209743642735,2.7645261736243856,7,46.560491063422475
64.77213595500028,2.372669412690633,10.043317452314815,6.200001018165121,512.45768160993,2.164212074659101,13,69.21964039712621
71.01254419788883,3.916693950197792,1.5165680247982258,1.4466538414949723,816.3834825991125,0.3958490879833786,0,43.05638250288653
28.62488940470172,3.6091665943677587,6.231260073751788,3.137674928279506,452.45808021728726,0.547160034374935,6,38.46167939339146
21.03510581262298,4.382417451959627,3.135793574651748,2.8409757079829285,116.33166511558493,1.5296180390741978,11,25.59685114103813
48.655966199687164,3.769971306676901,2.7737842270936826,3.5112760513514405,546.0010667819267,1.3891128758116387,5,42.81330610196816
31.246328661259135,2.7197243095605925,12.495881171190065,6.276060624836938,322.17839556100563,2.602404943730531,10,63.27786942397633
2.8785903188655197,3.6918664895777296,1.1077706423857343,3.924966954090919,734.7401516730382,2.0325799892907317,4,39.05070994846312
12.555292205098088,2.101524697021674,6.57815170058076,6.372714157101106,397.7425186531762,1.3584657835078726,6,47.85031562342014
53.981944934707414,2.2252539951128507,2.9389530086145137,4.65426233480494,204.27168715379648,0.5976609920763497,2,38.726047781944786
49.760371701351204,4.155940639683173,13.250288127337873,2.8023485337946874,202.88449815291597,0.793929858139233,0,47.576749220088566
3.0051034452577783,2.7856780656063287,8.57708744248801,6.498832075099433,665.0113445769283,2.0142535646417064,8,56.89712243511433
17.42593998303826,4.19352136207341,3.8550192274642963,1.9824883973694236,262.47007864588795,1.4820358171492736,1,28.170931012136343
18.099534947517284,4.289689494673114,7.785195663912458,1.8726255404183845,663.7867153273784,1.8022462810123523,12,45.224605829415474
50.7200630263059,4.430249350645135,11.10655221569518,4.085573100033202,214.70984861327952,0.5973710235578178,9,45.35191711819558
2.4585797938229472,4.666540943364829,14.39271112933179,2.1607090431005025,307.3490949610475,2.32017188320598,14,46.53988213440227
8.704035066858465,2.723940882053185,3.6964670615585744,0.17178757611460893,422.3895779517595,2.9838855929958847,2,36.64049436697137
60.19379031761601,2.2754672732845553,13.349635695875504,5.221550465660532,804.5566797547606,0.902788273754152,7,73.68972783768237
14.212304992020687,3.3287949863764554,14.04740965542861,4.137641189631944,795.3851398030597,1.720299790411393,11,64.278558042169
49.30321198103873,2.4846896937505103,13.78809789571496,3.6195907344959735,215.49750033783025,3.4143456515731563,9,65.61925330356353
18.62552579745776,3.404296667200932,9.713508174497692,7.739051265484691,336.57523299445825,1.1663460919275468,8,51.33230826029185
8.358663064191543,3.8223434505752985,9.632399489303262,4.612473553307018,169.51951076301785,2.082662207233164,12,42.23265059244044
18.9947421339596,3.7536200739685475,6.3465541811654305,6.921109464536138,457.9880634507977,0.3156849507008553,2,42.59869402107592
54.44775295731878,2.4982115480804854,11.409769293404924,1.2016568660207656,418.4660405557333,2.121052508678051,5,57.34989531569995
64.32153863986514,1.6674408067950113,8.203763266088513,4.596731058722479,770.608129960586,0.3137112065661627,6,62.96394782154621
62.43626997795738,2.72211735384883,10.32285203281027,6.9570390511741325,794.0043022328581,3.3573240236333772,14,81.50214791998025
30.391581191765656,1.570376576327635,6.712639605807534,4.706535482511194,356.85391280583366,2.5048192822530897,0,53.796363938927996
50.438300106227814,4.560388140735233,11.106698728625517,5.772312007203312,443.39035441519155,2.7585592584749725,13,62.7760502741924
16.16883786077075,2.3835098429514296,12.454837005265961,3.0391441857164385,766.9889993169065,2.464365262700729,6,64.83981538393893
22.692932039314982,1.6178389888932951,2.6233257207408336,0.8303511845928262,695.3662461960491,2.0640516262676303,3,44.13060121648104
67.32885057056286,1.1017910396230035,12.577480875826307,3.7174123315038643,52.92504907571942,1.5746947337992687,4,59.137895751654426
1.9621423397944666,3.583289545145937,8.334299710959455,3.2163871876269745,306.047651346866,3.0043068291637187,7,43.93215200473787
7.327631283230637,3.547609269818973,12.747655681808252,6.949775440793684,387.4193935489007,3.3489248364007205,3,62.84171028619127
16.383582880806024,2.3624166663251667,6.753874741944712,2.027562888584531,233.77302694658536,1.7466266051642845,14,37.91489763375458
2.9633830866626587,1.286847555390604,5.996087038054008,7.737200397527354,209.657292716751,3.2603726720434167,3,53.28242537811132
14.426222196645002,2.638515579580928,13.768380621499725,7.669291146455519,80.22760527654373,2.041665184959811,7,56.75387943508951
44.14507551175722,2.2448699802535743,4.141954379451819,2.0562899802643657,564.6957800558084,1.8843446541375162,14,47.83836349797096
32.18541674384485,3.7084825589400374,12.741078716649074,2.849610448270832,260.00823238653254,1.5906895653437485,4,49.17910949270822
67.05770661969613,3.4231169978107614,7.51829830138636,7.174890352903692,91.87774274505047,0.7325071653554195,12,48.638311074095824
61.49082356864463,2.45837491279016,7.954383916993266,7.73631554507925,234.7834484224509,0.013018812863207163,5,51.99523695283955
26.294484025642824,1.8715702170199604,4.972790081597518,3.6031689124047483,691.5311622689012,0.8452717939962144,11,48.0178113106583
20.197334073915645,4.952143864622368,8.809111908975726,2.6358766605630928,731.1913453172373,1.784031100612478,10,48.633578890221216
29.09723820437775,2.8160064847844595,5.215562346005064,4.256142704687182,436.4529961546421,1.329859832909134,13,43.92118445656977
44.681825746095775,3.753096943120948,1.0694065065039586,5.533376730289305,382.8565363269489,1.5696982980092182,4,39.946715848301196
20.836709420892845,1.562211870313443,4.443979777493163,2.2604486714623406,832.2829548014254,3.4322687684741737,0,58.69963807160503
47.18701918083592,2.942358798637591,0.5924961293955648,5.918138079490675,210.4517276704559,1.2259532973426466,6,36.87140020460265
31.296462262151792,1.110146879477862,14.68614441232442,0.5080931212056642,222.28742628368678,1.5826402877603776,5,53.426543683417556
41.851491383046536,3.0218204716418,14.50333454238634,0.48942649283888995,283.49374162911977,0.46730442973486847,1,47.07882025868929
33.27336315601343,4.856069628470809,6.2297518133484235,3.1516728706498074,188.20585462486986,0.16785206352945675,10,28.454543917959846
22.790466206101907,2.536826851943201,11.061377387924868,2.8924382172796927,353.49247856334927,2.713933301073731,6,54.523589551367515
71.1855447151996,1.1559840502996463,5.514188426951162,2.593502401400503,778.6673815918031,1.9973911127519253,5,64.78211294013393
57.5068287678223,1.1238231636773741,10.230850777746653,3.9790561250843894,542.2782725028594,2.6624668211536324,4,69.87401689724693
11.36837500671749,2.551947039787478,12.178735624166697,2.6337953002614127,379.55723888981095,0.5245197961029306,7,44.80876684222092
65.26663021644555,1.6400997458527762,14.22796554803749,1.6188375558979264,797.5286356569718,2.001400699139418,4,75.54448423961894
37.06990867046401,1.0934083853127436,6.303077999820244,2.5448094377999473,88.77138598065785,0.8877486601948144,10,38.350484075169426
67.19686479016276,4.024854455800707,11.857820752862692,7.801743755200856,218.2209423214891,0.7982163591500697,1,58.824078608701626
60.18928894010133,2.8340920355275627,4.355962534165722,3.3477959942593043,502.7108840814072,0.0403410491854484,5,42.991064346325956
32.46579933072327,2.156979087890618,14.859818405007902,3.6132309371808526,542.4420985545433,0.4561925324917516,13,59.8603385109158
2.6627288156886877,4.600332732065922,0.8736591820830916,4.654705420614006,81.64600525009051,1.0824383902489338,11,18.275489382397495
20.882124594486008,1.4645558408021024,9.251167694266254,7.86839207047239,372.43100632570577,0.40907566206828666,0,53.70314718345016
41.08093188490415,4.823675315821276,10.062836733944243,2.008650083842528,569.3231718646982,3.4505045414382813,4,57.378327495363074
47.8773882671349,2.2558668695094113,10.476660577574869,5.482128673206227,608.4564371227212,1.0802142698338273,13,63.12201448234555
20.08368872205697,4.553614689234725,2.2456198924417907,5.75627907897962,560.5119220130155,0.4561338134581486,5,34.81179912775356
11.312349481388985,3.411771505917846,14.108681860360392,4.897862892665221,306.45057948873966,0.6967880948978521,14,49.12784038524044
62.784837523148134,4.30682943896595,3.1271575462262007,0.7997688831294882,124.81609887832761,2.0569612991951676,6,32.753787617287436
73.84576137206285,4.936052652841857,9.529924346977696,5.447290979037854,391.6899571354673,0.22415233352675978,13,51.20278561647897
39.90107349039875,2.153621751274983,3.728803147284732,0.6063482171857862,153.00354989444438,3.018519455494049,1,38.984330618302316
13.70426715277446,4.844541941630371,4.954638046808428,4.809526931444186,808.0989268165337,3.3652488773300155,0,53.84167923519121
21.150742162433303,2.5579275796096814,8.423648855057802,5.9426913000517665,430.13669281810263,0.863615972335833,5,49.33936509992585
2.360910064512538,2.5420476189476893,6.549304569186359,1.7666621358976085,303.807339485494,1.5753334400680077,2,34.744899102408766
68.65811168547692,2.3615484170180228,2.823271214159341,6.748813859587915,663.0432568951201,0.07747057860323975,4,53.62026387961596
9.713580133870444,3.165630429390341,2.9785778351023002,0.3397950637107337,448.3588740658111,2.2424857865452754,11,32.290326026755736
43.66221918805476,1.6165801727139484,6.563099428360595,6.766121622900618,298.02721920996004,1.448741203184061,14,54.03726652470265
21.280086330853244,3.2148459414320447,11.480603184994761,3.7365995000778445,699.5741939126414,0.945204631355445,10,55.3708113769505
42.00917218616871,3.166819249640016,13.520487379292934,1.8189447254599918,743.7217208008976,0.7239298871581297,12,59.53134457185514
49.20510873803795,4.04760725041948,1.7198511027610512,1.1568473454523474,588.4065330309415,2.2890807718056614,14,40.91271666449324
62.40089347433292,4.334599847750342,6.200006659611315,7.631126623900743,87.57153792613383,1.4567596086131005,1,47.08914816820742
16.275174110284638,2.761765401249696,1.953560673981711,0.674058141891138,503.05830413322565,0.6288075116046921,14,27.90197010666875
1.8136913207275553,2.209332997405975,0.7405909691726693,1.672838017493813,660.6359295978253,2.4118817852038843,0,37.59130637175476
11.129536625091738,2.037339589268378,10.09492089833737,2.847796544721063,159.20240966686575,1.977752990628428,0,44.0190683336305
67.60137949675978,1.7784953468194877,9.235516908515523,4.999855306792852,232.9366011076827,3.0053521922532367,12,64.70223643987518
65.66786573962612,1.2305903287960995,2.8637771503158502,4.403928573681177,755.9960840545092,0.41116564606772515,10,55.137706956151405
45.20856956060281,2.3697919153388534,3.8902860798494294,1.0925835900572805,66.09737748245922,2.7498331068055966,3,37.489869928732034
45.43824767209035,2.080990768523133,0.8437624278455165,2.388851071531896,652.1817102607808,2.3573087538604067,9,47.71874289370331
50.212713916422906,4.865669543465629,12.606734482568854,1.9861389915795904,429.0186340115383,0.40253827889834237,12,46.9333238182576
13.97747461813527,3.2308353050001757,14.633013642703997,1.786988550473697,407.4177270716855,2.4318725545510227,1,54.96597667302418
68.66648399844702,2.38910815612203,2.4641632835230167,3.3480402581918978,55.67722599590974,1.5454155110794066,0,38.57830240893763
31.98901884201341,3.321870403974784,3.8563905995968226,5.661848475474089,705.5185847731942,3.3074467494454507,5,58.41162038809303
29.35225109046281,1.556786805382782,13.091938097230544,1.8178781645161641,337.8599205092532,0.4956397271626476,13,49.7807170395425
39.39991019092998,2.7761749968088116,13.93372507036468,2.996763149653553,482.6125050404343,2.2499168678550827,3,63.27943978516748
4.475481541354073,3.5049372856842553,6.58459705069875,3.1882476720451822,591.8405490685276,1.3369301591203109,9,41.24040655700333
13.304969287949877,2.9555913271698055,1.2340258479015749,7.81400658253974,612.1036611503326,3.3488513470680723,12,53.23464677318344
55.61448761555141,2.607115202617297,1.0711815885458813,7.641864219344644,814.7840470608578,1.1549121335159676,11,57.33992034737729
7.127101426459358,4.975393555598792,8.82227305800065,6.4210869037414,475.0719625892873,3.3676506832213007,14,53.84121523881839
45.633256100512725,4.521259048595708,6.196979078951096,2.009105474471563,369.7756407795421,3.155200478852622,6,46.641765907137
19.15583411641775,3.4936238326377604,0.9154601998759905,0.6374947813241906,812.9629011933663,0.9463413235872972,10,33.502464337733784
29.807875439106265,3.277509444729131,8.957159688532073,2.603542687992936,563.6881880204169,2.8123962188924967,5,55.394421632101725
22.36333652103179,3.482641919298336,0.6638867805408258,2.207676940527264,288.5202850212445,3.484614706312271,4,35.23471035280493
27.319781018406236,1.805248431289733,11.916893393164457,4.096813821156512,151.17139632285694,0.8843205075994882,9,48.34076909242809
54.209396983634164,2.5805509730572744,4.9432759291988875,6.2440504895355655,724.043601172145,1.528720092631619,11,60.424867414723984
22.98700695611495,1.1578381315635973,1.0837410436338655,6.880751217142978,339.74528223532127,1.820632577983659,12,44.70716735651267
42.91394338197039,2.9021841499473067,9.031107204255724,6.774426274743017,578.3757770915449,1.0322589753135252,11,59.61403175807183
36.227729762733375,3.1720983358306527,6.266424009279293,2.9414369336622355,426.6531354927185,0.05342693876110416,11,38.04240427945369
50.111666236835966,1.9109989444128384,14.620105993678667,5.529151313339395,209.14382383603066,0.7704523546913433,11,60.70180773369022
70.32540071003208,4.8561153886620545,8.390880606303682,2.5713901604413385,531.3492868963721,0.9867790951961546,1,49.96233865907889
55.21033519355852,4.637818443748968,4.49096812503662,0.5811537915579434,98.54645516054586,1.552598954613655,4,29.494866804768876
16.905588015716,3.8885729418236235,10.786863537192634,5.642365598263244,380.6739678969538,0.5988586744469065,8,46.24079835560167
3.307551994535066,3.1335465150614503,4.4366340368693145,0.17763766530132397,487.29195173093683,3.056390248420854,8,37.619613127421715
20.407539278187055,4.47987663859074,13.611527725409694,3.33254244092206,398.83757929486325,2.4671889645596763,1,54.27429349967632
45.03576687181886,1.5226093752938517,5.933468572356959,2.7020962274863987,648.9377402007926,0.29820167145881693,6,49.20330511216485
4.805510197834526,4.16203917709954,8.473094160254975,5.577682554298934,712.33996363625,2.27532357898976,9,54.148309574505426
37.73110229289149,1.4992832558673932,1.2333100054513184,6.153339234806993,666.9944592265424,2.2877976674196714,13,55.389874481928075
45.1663708198498,4.176842650197622,6.678757950307347,2.5023476241731424,81.05035824944169,3.346774107752697,3,43.16471744189525
25.7340479204551,2.103070273005428,12.569271325084427,6.511853414114343,205.30301635677776,0.010573049746564367,12,50.423616873586404
58.047503077190825,4.508362324072756,12.181907677768457,2.421942407988977,479.28600741101945,0.8677635743203251,12,52.67922085170589
8.888270731899112,4.776168375301591,3.7526191033761305,3.625978243893834,797.857632355041,3.247270177813604,2,48.08030053964515
6.560195848449848,1.5951838776204625,3.778146529653159,5.843446363411658,717.9654200416935,3.262468703893991,10,57.9527650217462
54.88596795906665,2.850702420261574,12.350927027091933,5.574069810875829,724.0276066814413,2.5220524677972307,0,75.23143679221982
37.666357399258686,4.92394951265074,13.99077709245522,7.90021093126638,292.5665550077399,2.6801716236663897,2,64.22462377217974
51.94177733565247,2.9336297438925865,1.8827333584585515,1.8787720913058619,393.55831766296205,0.3201903527537649,10,32.84730778802323
33.17722305667722,4.45419009005818,7.025850271680266,5.332311516962701,426.56475785274995,1.7985654217238176,8,47.45275928679842
19.233750459693905,3.3549260885252794,5.39308704498132,4.916487075378641,175.89726667992835,0.8105404695114979,13,33.77883063059604
61.61357150789078,2.5013196316784074,13.124982604132871,7.329277790471236,74.85450419556506,0.6342631526476604,14,58.66633519226844
60.156775043704464,2.143134222103481,1.711111262860272,1.335260918994513,807.5223195684135,2.836061546931664,8,55.68406043452963
52.40753884322758,1.812892364344349,3.5613261670915426,6.03920549233677,242.57006853080537,0.472633478381916,6,43.441433842197775
21.13874015501724,4.047192765510789,11.410790895004167,4.58932206852327,241.95912297890504,1.6402807294873483,2,46.9556602104581
44.67706934831244,2.5461620272921115,1.2437608102276259,2.269860371324453,116.70324301500763,3.2850238385511155,12,38.223563934345414
27.712068373561983,3.0451018488030046,7.641763020357194,3.8480358217626756,792.8062015550229,0.6504121944786989,2,51.8227423185859
7.777073426170928,2.9693019200047277,6.91055200285594,2.736835116851403,513.7896919518175,3.4229769830838213,3,50.040382979214534
68.88120458420596,3.309116116932525,5.348817095336855,4.676575882028841,583.6294857002831,3.4800079501637065,6,64.33350383569008
11.124578688003144,4.462308582498209,6.221298572124395,7.123104825435861,779.261509810442,1.9446600413884103,6,53.963619039540326
71.31756418273937,4.922957374333718,8.184138510488378,4.5975093768563955,326.4961351206316,0.5954995906200526,11,46.95108343862904
34.00442719888873,2.6303368342952678,2.839826696631555,5.090607104780013,547.2058489104672,1.1063671077931347,11,44.619981228071275
14.699836734057854,4.310075688425212,8.793940235112096,4.198107992206205,81.03956378310997,1.485724914367873,13,35.467003425288304
41.1006701059985,4.058111178618871,12.178768774849802,0.5042075009192597,199.41802258490347,1.0826347852537803,1,41.150245229036095
65.59799185485421,3.294115805822293,11.522333481957306,1.9395825993211446,714.996644071954,0.9822245295678051,11,61.25789951363737
55.18464159430753,4.824188574447732,2.731548618059718,3.986813662513454,663.4146850706686,3.4028039822572516,14,53.69751646408024
60.68552494174728,1.8018980621136111,2.6641173112513714,2.550858741583168,330.5141531657175,0.5367768959551098,4,39.43269150742158
49.74996913659309,1.4370568412384856,4.388528332301243,1.5359324223134345,351.44850221936997,2.5666476805090177,6,48.32073405679047
52.22846577432108,4.415847867821689,5.735583531945039,4.082649451155663,476.8435468428636,0.0014360130371120494,6,40.34634959539811
63.84047821583363,2.756599266534993,6.422605930422997,2.6501973682380178,50.192803748107636,2.086639342908319,5,44.17380794769714
19.47543265557976,4.387875416828242,10.355609644083506,2.1390503810699766,242.99546883042228,3.205800513839183,9,46.15215236273694
37.217447309592394,4.572360820781659,1.3218662664046135,3.7654847977790085,216.58544688657156,1.0077693293262666,9,27.191121423242926
17.369498694650567,1.2498303744762858,1.0027542112779626,1.152945638849168,250.38635739981078,0.6493409134020172,11,25.35668722676894
74.08743259175188,4.533859051944242,6.182703162686681,7.429191291295718,694.7246740267531,2.2808792820744945,7,66.33873767226666
70.86039113680938,2.7932762214776887,10.608873536000717,6.954846573561988,273.73908523715454,2.494104925544376,2,67.54062165454573
3.9175840412694365,3.041729956016929,3.3048124728689974,5.690202627350229,203.21705764011853,2.4081068163319346,14,36.95837824371428
53.21256276616094,3.506370044372841,9.80181497821565,0.9390892379488041,453.4107686344252,1.117609080074809,0,47.93197993455197
69.46837548875926,4.7055304269203475,4.267508000134342,6.229430310310574,742.5160290981855,0.8827084075576581,2,54.67654561877605
14.362575539422682,1.0764643777190561,13.348248577795987,6.48286289206125,243.0797630699999,3.345715799867155,10,67.1421088855669
43.02794706089458,2.9073738732712684,13.48750419186594,6.165340479943268,112.82899423423896,3.231548278944753,1,64.38063427038824
68.74613402151509,3.7508881697222427,4.8106644620792345,1.0003305082420053,335.1237886797318,1.600608134624871,1,41.51041495080255
3.512002415349114,3.890827830792914,3.8349094324669872,5.186872860835341,648.1214596519823,2.961678531540307,13,47.53505793094142
52.609099776266156,3.770129726148432,6.463907594960354,6.691165886420248,490.5524357558357,1.5831321717200362,13,55.24287341944696
23.003826545568757,1.5377405176324874,3.9877079851121566,4.661091869635375,703.4346956594779,1.4853615632537864,1,51.559381120625865
69.40531845786325,2.197582353486725,10.249565727729703,5.206618264301903,817.6737180873872,0.5486703165975313,4,69.32295241568367
72.85831014223722,2.434862101668054,12.47793792595014,3.7210714874678192,684.1299814012937,1.4924211977219048,12,71.25134590354757
70.8757201943941,4.21774883071802,10.259835898212646,4.276787827084015,533.0424630750027,1.8809592850993244,0,61.85290531564925
36.09185203265232,2.115039489658212,12.453081485115568,0.37157718097862924,444.6732704419044,0.07876514600040263,9,46.68308009766209
64.7911561732092,1.8428198554688127,6.256386352008375,5.147807873588948,82.05526907861334,1.5543955181139224,3,49.52303923687524
63.496655491595206,4.829792076152385,2.7665960752784824,0.7434329818401576,837.457583051233,2.734746764383201,13,50.55500879070168
24.613435020000917,1.0354531404538756,11.200288737265087,3.5366152952877647,356.78489806003404,2.3801611973099446,9,58.72798535046907
62.33974508715012,4.991283422727912,5.726880324552531,2.4119752715725222,171.78257113349343,2.2230494610237725,4,40.12629231888848
3.738564968946454,3.7072851954295825,10.23342696582242,4.408880806672533,583.3670843171654,3.183443999530209,1,56.671478890862886
45.123971007671926,4.313877197796469,4.424337158735602,1.1539890506333361,277.4306312763675,0.06311203438830504,4,27.07598564836244
18.020653959290026,2.1784775853847727,1.6778297046967536,5.563982875589214,518.6226167448381,1.9496665516728195,9,44.445386454049164
9.921949547518633,1.05726111066824,14.892436034572569,6.380591141734916,519.4143262756729,2.755720969433975,14,72.65731853344691
6.694536920561477,3.95147807424612,2.7649218649936897,1.3905001529709364,406.5838567222953,1.8946738394544353,3,28.862312815860392
52.52536941498234,4.336578388002703,14.832104412470475,0.9240733900798691,718.8948924360341,1.1336344340313271,7,60.390046768550675
26.150747318836896,3.9619045278140765,14.670559022213485,1.2495723140201374,261.9736492443544,0.4768769778219225,0,42.8271122776618
54.632741093128345,1.5714011492033544,12.010362506666574,7.029307738998163,408.9060732941873,3.1064707513566696,14,75.63003364955394
5.836369219121735,4.013711689027876,10.061632950188965,4.272695167875214,480.1537028727772,1.6476683733566104,11,46.77285638239148
24.331484999465165,4.075691128430564,8.878202228640728,3.791361868459271,580.8997766138397,3.0734031894499547,4,55.9228343893372
40.922355635774956,3.6341620626802196,13.058472407978602,0.9430233709085988,677.1774804044716,2.050482428516089,13,59.85272508159278
59.5135141980833,4.064463731182345,4.696873063482575,5.231492453379998,365.84582630260485,2.3596724081525027,13,50.59973247291732
24.587685216973174,4.383685758710929,7.281377581030717,6.957196775971211,566.8375552772768,2.814914040324575,10,57.039967460776225
47.315961856338674,3.4544164569498337,9.481154555814278,6.642668367655278,170.4887624548153,2.3070444061004705,11,55.48291213999376
66.56235336947785,1.3544188558787162,6.462261900107621,5.04583220094833,796.1184804339829,1.393191942376282,9,67.36081756096345
46.57387592549054,2.9505112386688435,6.698553584308885,0.6947018615482217,356.44704513680284,1.7977168437502784,0,42.99680910894337
18.239001131768898,1.3105973386864203,5.289127678780224,0.9879365146905025,633.6171375811507,2.8106593363655796,9,50.49322204410885
2.8056578351838137,2.6301721241297233,8.681361341925772,0.489540998167615,66.27286550574212,1.3077760373054446,9,29.036642185059357
65.38731666866882,2.6284259565025105,12.833330656219182,2.134085810290508,214.1497143238456,1.3584250986897397,3,55.25733242295151
2.5739364029286484,1.2640393765609663,3.4221614810915364,1.1717255905669843,439.6660354588624,0.33491540620300403,7,29.535711718119668
65.72792377863075,2.3952821358779173,14.049279061924901,2.154379517994228,752.6019741858772,3.201045523276117,0,78.53935438935497
40.141347918013686,1.4439923951652593,10.49177097934933,3.1419586401797974,471.8041199605417,0.31862710230904606,10,52.76256414662682
70.49100968995431,4.232940840036889,12.437461583860438,7.549563994161971,793.8963858351033,2.2687321210699456,14,79.30343758927401
60.10995944725124,4.7907521038578835,8.56476504313517,4.9219708722753674,437.03751726623705,1.446180675809792,1,52.52956830297114
74.84712417946697,1.2892659010317544,11.80299217064892,6.696292906895402,442.35927738875995,1.4196678658940483,0,72.9662073409406
26.95267434342655,4.820460829166805,0.7349057614222745,5.711776855627424,145.7974308004255,2.3784314280043937,10,31.397612667903193
57.77193338090339,3.0903063973469806,12.366516159303261,0.9887747311603908,692.1249953217758,0.23482806420457553,6,56.08513356626377
30.74288760708392,2.1982627118154956,1.0820134567378146,5.913771210354196,247.57232997365,2.0779702403300213,1,40.77541556029102
36.51079590248926,1.307448301104654,13.403743957261506,2.2732811643170834,769.689991497852,2.7021112509032417,0,72.82634340364451
47.43540427815939,3.0024970722816713,14.883459834960329,5.14895199125818,778.6593762643168,2.89874465260308,14,79.68547800700841
65.65210644978907,4.178062177962994,4.763978201563278,2.7935995917796097,804.6480894993198,0.5968563628782135,11,49.85408081332926
73.82217672074783,3.8283459090667926,3.549619066144008,7.981610879790807,466.184391282472,3.140966675273608,5,63.00545299993368
57.852232625974345,1.200904045855895,11.59776877594159,2.182056688024545,591.6750278269154,2.2965113214660478,5,68.2531140655154
31.9147418803827,1.291607341471614,4.168881943343672,2.3051307191167307,672.8127040493308,3.0864918028723896,9,55.98289585939297
32.180418168503195,2.6114931305305484,13.05065455599695,7.452310818942946,154.81169492037247,1.698482509885694,1,59.05336339198031
55.58109031757797,2.181161976191773,1.9912175862834123,0.2946907966269491,530.7657559979978,1.8971167078402071,14,42.65366054379104
18.669508786854372,1.9295372922241913,2.3263503475006946,5.603843004198255,77.43832104264933,3.216633969600349,0,41.40216703646
9.175084371723205,2.1240179956348544,14.697697548958926,5.830078486813437,448.0528667109807,3.1496834017413513,13,68.49359517315054
27.242039665417465,4.213930973187539,10.270664024915067,6.707390761542155,173.87414529618192,1.568563056791507,9,47.92128101330982
22.25568538240205,4.716912214527415,12.779864754219815,7.798070554043955,196.33834076966775,0.9604442107248861,2,49.81592855906452
22.926800913743268,2.6204107781102657,5.202775971597011,7.807255161337554,342.0380533540812,1.3760965209749245,9,47.789740666006495
18.286973577693335,4.624444008529988,10.309014368048764,0.6156863847750648,395.94973337320243,1.357175149854124,13,38.065316521691386
4.11489603309078,2.285982804991528,9.11650649597466,6.59253064974793,548.5379396257498,1.0040340624397788,4,52.37297283046736
2.322671170272622,2.9057479453751665,9.24567674178273,5.205848475893312,109.54273475081253,0.9400286151653829,5,37.47676167599944
74.09145684046634,1.9041159912639989,10.396720663296962,5.21400286154742,452.95340898995573,3.013720277679018,2,73.23579584504398
32.655211896453814,3.561904168703376,8.842708010371929,1.113964420256089,196.1001042024809,0.2445167223963159,8,32.61486083861753
29.440171889816444,4.915924460699236,6.721404354888656,5.236478614920661,509.1801400253935,2.3716391373485797,10,49.26383812923452
51.293898919287166,3.4139723841735146,4.500879068517929,7.861612386749858,559.9236898089468,0.6048701800975831,4,52.23281298895113
17.15078770201475,2.4312563364541955,11.644429298241429,7.303366699361631,495.3674052422831,1.2057706268792212,12,59.776503477976775
71.29712761231667,3.5912697839621135,3.7809502350462,3.5691322203583193,640.6364083826461,0.215400619471929,1,46.771901057127
59.18953106675085,1.4916827138615503,10.539137439239006,0.4155889889601453,318.48739539272106,0.9449077289941172,9,50.49658346929086
7.616414171107204,4.5546363210615946,3.8833259284152364,2.9621185710016182,662.0852733065047,2.6894737489103475,5,41.76766731862276
31.9009774080847,3.0123358031193455,9.567287464339582,6.628483461644386,396.21366536655495,3.0975536359154052,11,62.32114591905636
66.05475475960019,2.7973989681585683,11.33263487337092,5.641842901574812,437.34759865807746,0.7753450316582846,7,61.79707277259465
70.91016964956437,3.3434591538140768,3.671351389144818,3.7288148791922557,568.4817018088571,1.6224174374062263,10,51.76309055721636
35.587711832490356,3.49913545115761,1.36917786248897,0.5353021277547657,64.68670719937917,1.6461341677802224,5,22.73225922074777
46.39244280159237,1.2871032249060521,2.3991192734155242,3.472468349804091,573.1953771361987,3.0575135701590694,3,55.66072041295473
13.360512010813567,3.7304688848936096,9.28695602542987,3.80529702377128,544.8681192576923,2.669796685065319,5,52.72153428049515
74.34647833413626,1.9677267212621183,12.816972890273165,7.435588709863674,297.87769340262395,1.7957702642881745,7,72.45837435756685
18.143705902374812,3.855810530026359,1.1524539079136533,5.16458021829906,118.63542791959159,2.347615201651207,7,30.946189118387977
70.7621512859993,4.290139177536787,11.145193256103871,2.5620580415717265,122.74835993043291,2.965742688682784,12,54.90478574769732
49.073852025435265,4.215834030210081,5.449120366275756,4.250014289160699,788.5789975881829,0.0333863390894073,9,47.523713652498955
45.972522821035575,3.2100038696315565,7.438661363833076,0.6218369317950646,601.4234569806697,1.4101151086751702,1,47.42769870696755
38.93894981522163,3.0806795692430047,13.968463472760702,7.783289061632921,151.68209101659232,3.1753510854697753,7,67.63816837111689
18.069566067114142,1.5715038453576469,5.3135868186697595,2.944473225252736,335.3785354471251,2.5910956079538296,5,45.55797404873253
14.063074368407612,4.101384601612542,7.247385542122548,3.875152103813773,523.9863951212772,1.8999448101692613,1,44.87575173276209
17.315979471192975,2.0856375217868575,0.698395014029876,2.906743396471689,718.457364072519,1.853755844622967,0,42.21278470838017
14.796431398674834,2.986781691271786,1.6831814400701564,5.491842667917981,84.92874297040683,1.2171953416155321,5,28.309714282094777
58.68925104393975,2.137096371710067,4.249578071454368,5.3316340508037845,239.30650517600708,1.8218218677453009,12,49.413102546742195
26.90926917833803,1.5353134519987726,0.9038574919055788,5.751046253180172,761.7991922363041,2.2938411981220863,6,54.088645951659586
5.280358065691331,3.5182307875669463,9.654942227699639,2.218331513934175,57.33244014705319,1.4642706345007759,13,32.635880780474146
72.71359463042003,1.2173281392916153,6.682776173623527,2.5937810011961213,211.11928223510992,2.4995360123726087,13,55.6805079635319
66.4001554872935,3.9945809365048,8.448105439556318,1.0894847256600428,817.2193407783727,3.0143127954113504,9,64.06371212956476
69.65366895644576,2.2703471810444666,3.0323841954967783,5.278528777584289,540.721477217737,0.5413969686470141,4,50.74921196605891
74.62317887583622,1.0005387720179413,4.791014426830934,0.41439730595165514,259.3370933100052,1.5804145798609854,13,46.56056243511439
13.86824844224206,3.044516556948919,10.125454885364514,4.821690450635327,103.59287551667808,1.4280703194977837,9,42.13656682648959
30.32190939879675,1.1874076341104125,14.496889492640797,6.970597490327908,72.55307235777772,2.406126814174048,7,64.84631875162938
57.10964720210276,2.104678231283598,1.2310432172320334,7.137573971488105,245.7960637095418,0.8745361284027527,10,43.6263725261731
52.505525735980626,3.8279059498228647,13.410572652401358,3.6473983069226974,755.1886556711283,2.2408782023329668,12,69.99407508239277
12.388297069149274,1.2507584864874635,8.864777419012523,3.728499136883283,382.7309234380076,3.071212346060208,11,55.78410022958621
61.371651249305714,4.357353969424009,8.676833717956544,0.7080565457633372,626.2666953327944,1.4634605992776795,8,50.677601825446224
17.60860231591289,1.0152796906343324,7.7540387605125245,5.399043700999982,784.6280283039662,3.18855494992727,3,68.65719756994088
17.562503496874108,1.987295476807609,1.506214245610659,6.587949420945479,376.43236928225326,3.4760730862671743,6,49.66171255005447
40.73610729411261,3.9636162246082858,1.8032143501743296,2.032774931377233,203.02189682991764,0.37132217481783225,7,23.923357700906717
44.87755517828603,2.265080598917227,9.213224082056747,3.428276964903581,463.6943446855356,0.8156861579470052,12,52.00245530649724
43.926379379998025,1.4075695522640541,5.443899285815595,6.726830760445636,776.4669496478836,3.326329130187326,5,71.97783199971596
7.7700259674338605,2.4409356752017115,13.80038696537637,7.029251694532075,693.4995313101605,3.3541469026848536,1,74.82470920307219
65.93210383464815,2.081573145538102,6.395562791712348,2.021121844087385,102.66387469052303,0.34197546385365474,6,38.81259239202367
20.65440315156425,4.37084760864222,2.5775811511882956,4.449508012876778,604.0582400620655,0.05249475131997838,12,32.78067028410603
10.584104174927509,2.2533916703405725,10.863423085779523,1.620695890023034,507.518017967163,0.5638500813974778,8,44.485952367496246
66.76735791030431,4.1557298871040285,4.753624610894643,0.9048422367024967,775.9705410771404,3.486044741837869,4,58.28175587196176
71.71821086900175,4.567488579242939,8.11931945666045,7.297851960996464,147.98513348023778,0.629998658137404,14,48.82258963686724
64.79744367764334,2.735269678306118,10.618575389824965,6.5820092834336625,477.22889056372526,1.758916623527081,1,67.42733676882777
60.90418952964098,4.6397725754175685,13.55382961243002,6.104275724245074,753.5701548095138,2.969462042506789,3,77.57396783362437
49.48790656728761,2.5092722158527714,11.986772324624303,0.4852539186238093,378.0190293933944,0.07140563740872219,2,46.2127953034338
41.763445425076306,4.856313665960433,10.3072354841545,6.7654574624110335,435.5959341862937,2.1157114379046082,3,57.89251430143695
7.4370202334443505,1.3571580981022917,10.354681144729582,3.5605481996525317,106.36854213356663,0.9695890710436852,9,41.186509543380794
31.225537767231703,3.748077066012971,14.215907338465255,2.8049214740372914,272.51491235912863,3.0181722075390605,6,57.67446088119257
28.578950258911235,2.9752561618277147,4.7894494136997725,4.417163252100473,309.60531933515784,0.992114022424277,9,38.57899471654234
20.22177999826414,2.5505952218225882,0.5161253658447174,0.8216906175160911,806.0979589959095,2.4036450209866813,7,41.83709340014594
54.53308841295529,3.5308475149944036,4.443341111273881,6.07750773988395,276.1338884329272,2.3597687135658894,0,49.99095687601591
37.69480439582904,3.8154283665373248,3.6594250045877876,4.701237107417537,418.6949882157216,0.77522742100874,12,38.588301227984346
6.997419977165947,1.0174530786012363,10.096601484152973,1.5740617652980236,587.0435388514238,0.12179719953922541,7,45.46966339658937
17.29355694428604,1.6678123549887949,9.68881819660017,1.5870343781754603,179.74669792630192,1.4323735082488904,4,41.28097796376629
51.5611485108101,3.852184202537275,9.105190049218495,1.5555643474241265,439.1539097134996,1.012176031880544,11,45.94469954515401
6.633683602282214,3.665541654312826,0.7355299265370787,0.5503188616602785,640.8312315807261,2.83142212364798,6,34.13366182493466
63.989311639608886,4.864190020514709,11.067281789534388,4.743607750036309,743.4841704216528,2.8012746595937084,10,69.97632947039908
37.6408429990341,4.044151161003132,5.191190981039627,6.738750602949214,551.0074197299414,1.5995838326741891,10,51.025172793351445
36.563406722171955,4.803090830925353,10.143311840596152,0.23823589050036995,585.2428122535583,2.122792788631266,0,48.025268787832836
44.8381760648043,3.810162006139228,8.570387213281224,0.487136695273061,151.02677806765516,2.114908305954238,1,39.75705417850641
62.026391478461036,2.1922088345577726,5.4695984187046545,4.624885185826872,806.6211977970777,2.895053519496682,0,68.59910782475298
26.737881384762286,1.421459689003426,2.4513558730095624,6.574015914549813,156.0592619875859,1.4875084494311912,4,40.75281886275738
51.1731952893707,4.127295453379743,1.8690740160769739,2.6812372354922056,669.7383497454387,0.9640633792667818,13,40.449093203733625
42.86416533568854,3.5765968859036636,12.557015830127241,2.861953750581005,261.85305742265507,0.9276222134919161,13,48.56263603364971
20.760091992537177,1.192744049573185,13.81676436018259,4.81113733022453,796.8745149610013,1.8766729774877144,5,72.51185414560052
66.0186189902817,2.4402018636039133,9.921926678082343,2.266281824080761,625.9676314955836,1.572018709562744,9,61.854915216489005
60.00952559891268,4.827199261937144,1.999794665477009,0.31020609201370464,653.0509703826951,1.5404226984472766,8,38.31625124684294
49.725435764723485,3.001604582840805,6.329394644879491,5.908305293002609,225.24733844790666,0.3189806868139753,7,43.2351366566122
63.9430479529739,2.7309165440788186,11.06961840152478,5.042634312237479,404.4319813081286,2.515113092415685,6,66.66072429775204
65.17977087102537,2.830798420637176,11.807402818145988,4.687972392539707,544.2505556714291,0.7480784079366875,11,62.939856802825766
53.418860276912575,1.835530896020655,2.2141700232207846,5.959304619035403,665.9788945652807,0.6893377057305248,4,52.08332043801785
62.93898629891173,2.474828683459181,0.5004454232580451,5.434323616740096,133.16750072991167,1.4446541209708772,13,39.24888580046391
52.61288816352699,2.4792530239487065,10.825987165268772,1.7264677066087373,819.8922531636227,0.797224195662305,14,60.81314151648602
51.33041711026223,1.2094200807498896,5.670644551799982,2.884600270852474,762.1765364436447,2.043503935578054,2,61.293672554026195
46.77724198792364,4.070270514071673,4.189979308464774,1.0962701192611375,266.2788723964675,1.3001216876706503,8,32.555912756336596
56.701031327265454,2.666017727615516,0.6870133119481189,1.1258704060012603,708.2081944258656,1.5711910290747655,12,43.82858920492379
12.736777791687453,4.288719547265693,8.334341398041746,5.44194639621666,464.65913843185876,1.880092625614101,4,47.41047120227285
66.18443618072071,4.401392004479582,12.841685663676735,6.882940845161736,419.4451852496149,0.7123743286863169,2,61.96406206277326
65.51642105314717,1.8479762187946323,14.385658870952524,7.705587412502998,301.5472846491243,0.5451306800293543,2,68.83892275036135
3.164298944557377,3.6294139286805143,8.703301783892694,5.06394222864061,514.774869305274,3.081476660057617,2,53.37839802817634
62.11043954179244,2.889127216651927,7.959689252228466,1.5544004545515602,633.9112941628782,1.5180329599099736,13,55.30133487785424
10.536370193034944,4.520626951685941,1.733317589593996,0.9346377290465526,378.7463239702066,1.442327633713887,5,23.04009740622952
25.7987952151765,1.8629627167058165,8.458655622367697,6.521522675140386,553.3753544066337,0.12464252595494518,0,52.88274546613817
56.01961096557898,3.711252801240177,6.009696644998222,4.672176163243994,609.450336924243,1.7429170590558762,10,55.01193403753502
12.896232307574808,3.4310084890108903,9.303461572811866,4.984451666008387,618.8974536122287,1.9395940256385003,3,54.22818025110833
61.5295597848106,2.181205910287331,6.136532044209927,6.273550501162203,91.5728785049442,1.9559430483413327,12,51.880626807081676
62.5779291688729,1.5464036146046904,3.984337290030318,5.655890099086368,737.7982445480535,2.474609092630095,7,66.36035911819191
38.55261229830188,3.6065590419091063,1.8769964908114591,6.692220197563164,416.60265181203835,0.6211864224685413,2,39.335008071623335
1.472554507045685,3.9543898325293227,5.066317446538988,0.54408985313304,259.93286535697155,0.8827809698071658,4,22.27198163923191
22.240821854943547,2.2625093750534,1.901350097172408,6.005413030297388,243.41160598374526,2.8375566283064444,1,43.60924607773957
46.65259195980492,3.579330416089255,3.065005786947767,6.821736782844554,436.41129027516035,3.315097158951879,14,55.257351998119404
73.60777717402934,2.580523630446013,14.816374299403416,2.3604668354206835,759.4652315751673,0.47576461578562224,1,69.7988402059966
47.75420099923346,3.852827533130471,6.93950157514597,5.159533464546698,352.67806534611753,1.7417734407682637,10,49.42178330910911
20.225464998747825,1.7968610995762124,8.21214061432274,2.58188030431208,649.7805974268347,0.749616884588554,12,49.0824658699318
47.91642202937124,4.5608600105446975,13.167468666689622,7.667971425211387,127.45498478977488,0.21025608924243855,6,50.904400256840894
40.95891809897331,2.149638385862319,14.935749057114974,0.36404622224047967,430.84536172084944,1.139261683441474,9,55.913277411766934
58.70855924118462,2.4711439510246116,8.949359515497882,4.680363466280345,843.3489123141885,0.5029066881447446,2,63.75395085936808
8.916567273194921,1.2323678083213991,12.280870405140488,1.4153780216911693,666.3502422338696,2.484765757019862,4,60.65217039695316
57.316064785150076,1.4460488492851056,5.2406448528817915,5.726539620899554,218.4227907524904,1.8680389478500556,2,52.96500169862344
41.05372682203216,3.0634476108493125,4.933287382985721,1.4895332390074307,451.15317895832857,0.5034206484660881,5,36.84003278025284
72.26140828556561,2.070370706911886,6.339203954421123,1.959527768997025,236.89981091885323,0.032345559419300285,12,41.72854640491141
26.29854028686277,4.341920902968777,10.251355308767913,4.005529407261489,377.6487418100074,2.8285496715847445,9,52.50907410367971
47.81402009191216,1.0587735546198154,10.391779494198932,7.327196104975337,674.0672189879718,0.6166804215748664,2,68.97731656411507
69.97007980774129,2.5163761946877448,5.070971802417037,1.7725435399689697,666.979852232323,2.121758247772681,7,56.76510749821428
8.585719871310264,2.3493821870763707,2.431543899981116,1.239496166833018,232.4803023219081,1.1792266957686095,1,25.2442704426849
70.35490805549739,1.0773105236704041,9.669745718749875,6.095916971646842,787.7786545238881,2.0492007841026245,2,78.74204990480851
51.90354345026019,1.4974735960020409,2.3607250017370855,4.054894305438054,524.0545462118614,1.104787694438134,7,47.73999280202493
6.019942373782721,2.654570699674541,8.888141369325286,7.303102387815994,353.93943276961164,0.3042884624228896,7,45.206527715387104
23.271303954064404,2.9714583377897865,10.55462085681648,1.2582550015627543,451.5484646246885,0.7803250299521376,0,43.64479771987071
53.404734559750835,2.6171589890194764,10.65886669771955,5.2028303548820105,534.0570027501949,0.6582049826767646,7,59.54505980505797
5.983944508689106,3.1237507136483753,11.425345604564153,1.939745254599339,497.9124254766283,1.4980677335387536,9,46.702553912661905
44.08061405304422,3.380526699622726,13.156461612702136,1.3384073863479506,439.12402842894255,2.3039932419915505,1,57.50834276419803
26.5953462145188,1.0396952845113425,7.7494053834894325,5.499092379742437,453.9462432715201,0.9233212623122514,11,53.08448408396383
46.94774831479331,2.8563806378140155,11.088613248178783,4.790108497278992,191.12952834230893,0.04224477355216283,6,46.88928798338918
4.384910502125951,4.853996963550353,9.478004662804633,6.063136921062417,700.1863234437435,1.8162807749266492,5,52.666078636843785
65.49372365527584,3.076129120518195,3.2062791270663973,2.5447543539248407,483.4082559528123,2.1201582127564023,1,48.484339133636055
73.03818371912737,3.7101690698358127,0.8724998506064184,3.638976085419301,154.86388936376247,3.370046729006334,4,44.19637427742547
72.69696129114116,2.247455431667533,4.62585009231554,3.303226243010306,662.9256812662223,2.063147810826364,6,59.764366408872775
56.47423554897643,4.09596551261105,6.9239887418954815,7.874306765335462,795.9551827018806,1.6491039578234965,7,65.6551853804805
10.626381769666766,4.091685927504461,9.448036194215517,2.4087667582411645,807.8455193895696,2.0069056906419633,2,52.268380453689005
57.11147649874767,3.085184190616556,12.824410292296477,2.4290561829394584,345.2141859289382,3.247652204517095,0,64.17902849571722
2.819431817951312,4.904055293116855,3.3455628922394016,2.9009308497459987,158.41349884860324,2.899323509605762,12,27.971980255325448
2.637142813145797,1.5022008590506135,2.320471953527918,4.56029324219354,464.7197013064521,1.130425566773328,6,37.469191707663136
24.947156217066052,1.067790659558324,14.47045923837775,2.0933496796835875,140.08738347937654,0.8303902727999803,12,49.717406491670616
37.15959608994527,4.080632847028384,2.066646110957903,7.330790528996264,797.1899348100937,0.9192176432812578,4,49.616893943532766
58.0101489177767,4.228622149459531,7.438120516554243,2.1989159624434818,196.86370188411678,1.7654736390032455,4,42.24871206596234
51.563857868881385,1.480828916482305,8.990674067502876,7.176944279325538,252.21268796093125,2.6041730793000224,6,64.64708454122206
33.99680027187938,2.0623313318344243,8.349929103157855,0.9174530028080188,375.30922150797636,1.7612672251403674,0,46.159397930014755
21.248373304843273,1.0702094534665156,1.7474662769776765,5.286845348957253,356.53157484730065,0.23728738539839406,7,36.30535402068289
74.78721301167063,2.1732344431222588,1.3268902530524809,7.265185595662126,685.7303139183113,2.5325324515399332,11,64.84660466380711
32.53741636546199,4.092567495674686,2.0295096981850174,1.4331205633460136,415.0534564407699,2.8208954503483383,13,36.70119736484475
34.40263980039599,3.0718421108503158,8.991021416152881,7.749782984784114,186.6146080026695,1.0132425279190187,9,49.95020140281154
13.108162768183519,2.3923823726731523,8.393000870697655,3.677778547282543,263.76791638885925,2.3244400874917264,14,46.19303618688692
59.815906607494775,2.486957179625321,3.889241484532792,7.571149356684093,457.2907081500176,1.4930716536903768,4,56.082422441157924
52.33248470783016,1.0054145028618726,9.747725056761077,5.446878344677371,167.9631339409079,3.11191774504605,7,64.20093008431425
17.33695134636827,2.1992021102609436,12.390978779806916,2.4825362720010573,539.3245405168113,2.9582894535625894,9,61.144144364343425
7.096197375572359,3.585834966551722,1.1028949177756096,1.5875899468451409,502.59784524091674,1.839011994083748,14,29.476853032734574
51.35694835352877,4.896777775265429,7.722884181446615,2.4995068651782852,621.7618531058062,2.4202694103475806,9,53.08976808901282
49.43382985680401,4.388243307935598,10.49500097548901,0.8348375331751324,800.1636923034941,3.0917239535773637,4,62.55077287941475
21.22120499786749,1.0943798585821165,4.158522942510462,1.2365569341123053,779.8036488809246,1.7350095352739643,11,49.041783476743085
71.36390360653037,4.594242418699357,4.962678126750662,0.926817478737201,806.8604944550651,1.096377591710877,6,48.979801576480774
12.178283991786618,4.132793653194504,9.397749593346065,3.4412539955583066,245.77247761896075,2.6378314826835343,9,43.806813790925204
32.992775277152546,4.121504494283922,13.520061754934185,6.385069172434933,155.2522453114837,0.7702318917464213,2,50.254222605359246
70.82757809240232,2.831983036014286,12.243904094392041,1.2169300783090877,291.8213603971588,1.3598590180211472,1,54.96816091987304
32.05982145253305,2.5920211718180113,8.955388176943961,1.1295314220614536,766.0681382130517,3.030045329873778,5,60.4864709593385
48.25092012714233,2.2116629153327705,11.088214907480113,5.183088701186913,827.6427796987906,2.5354781909426025,4,75.15995909261385
30.421985449246776,1.262779435817463,5.789925818013081,1.6577455575477238,737.4599608563808,1.4133385183662472,8,51.59476194174897
21.29192497380158,1.9129414539747964,9.794000157431988,0.8711193010610336,138.01417690203488,0.7516057584292509,9,36.40127357885304
73.81434594902728,1.9864145399120985,7.259633071349576,1.4181037678240636,807.9423984478345,1.2458893679128278,3,61.40510109467134
31.29071646731318,2.9363082788408064,3.2540739786346333,7.397478027426531,388.6864218806288,0.9943645222960155,10,44.11822563503409
67.16334107225595,3.989777626386776,10.675204971220229,6.589622896931908,57.44823260988294,0.6163125078034888,2,50.09883780498897
18.01664083594038,2.8952393135917864,8.568737241557919,2.8971100426052434,403.9149925985549,2.6016651974797984,8,49.232415831297686
16.769748097856166,1.2313777977886424,5.700012938327076,5.280984061886403,86.85533574037407,0.8822446039756002,7,38.002075066364704
3.303922133453841,4.831159203952815,13.714418256140146,4.344477821977501,485.10233692889403,1.5895861455871734,5,50.31283077938761
49.223345077815495,4.770897276376449,0.8035447084876324,5.449281681512255,320.8432219496411,1.3505080639263818,0,35.31121414197983
28.270949435558325,4.1407581725936335,5.078710693117692,5.493102104455799,428.747946875239,3.437270825224708,13,51.38572638817923
64.96251048813315,4.965311606256883,1.324780267775875,5.066998718973944,540.5362885944936,1.368822854518772,9,43.372697363349396
36.01753309517523,3.1779293312010517,11.614646085213595,2.202200811444738,745.0408766542562,0.2799386897886418,12,53.97566409813406
72.6463136656894,4.851073401012824,10.680558084649993,0.4081507240262632,579.5212611775429,0.3143901340022941,11,48.45097264846771
14.728888162030964,1.302420162467003,5.304607171676597,3.69897757772186,397.23909478254456,2.067638024735727,10,46.174430187734984
65.2781144287152,2.4627229930454853,10.29711208200256,7.13869368905656,705.542282936292,2.0977724310839294,0,75.53716770880726
58.468167106588886,1.9015250720270633,6.241089779841273,4.59902834229675,774.4657100585058,1.4656564666892924,11,62.968922629643714
58.048216503659845,1.7833323365370801,11.465679975625298,6.6758892294450725,145.80797314575779,1.5114529230921039,5,61.1865026140451
63.51395888064969,1.5632117955707043,7.085663109682238,7.933832309393702,475.5463820422332,0.18876403994304924,12,59.97845176235434
57.315775329781914,3.4896545662639866,6.4780560535591505,1.3925680126923827,277.6095677939553,1.8079127863624178,2,42.92703124964483
47.34030380072474,4.125287422989221,14.053583774580364,5.56504334922166,87.64895830155793,1.7665881638312309,2,55.14535866809328
10.71212094849668,3.3131935976814426,4.1377469484151534,5.426919232230194,584.8373560911883,0.5234226149493059,5,39.43527741515826
3.406937282352642,1.5878508383528387,2.246486429950199,7.8416480341304,740.2166219673804,0.3634378513882465,12,46.633446959513975
69.14274073836083,4.244495079733884,8.975875142262144,7.886245798227122,180.32212358191524,0.4325037170982167,2,51.56027407882097
46.632123274534614,3.543818828654914,14.555166278120595,5.5247610326206225,699.9309260991204,0.3535988627194048,12,65.56880164737463
59.943759532237046,2.552662824507982,5.978668599044206,2.0245568566593346,732.7165868295533,2.1339786843786595,10,58.25359982788121
36.63265401192871,3.696521182144252,1.399533072617332,6.408591121231733,781.4723541331869,0.6876892834102152,9,46.268715909541086
9.68080598321719,2.0396199169713314,5.419926375988728,0.945530160267201,262.228071268842,0.880005532656122,5,30.084715629325167
10.263748622988732,2.380768833976842,7.836008987633598,6.267524502955866,773.1624521519115,0.6075025045300391,4,54.20809092205085
51.731831254943884,4.66994337252796,2.8478835961670987,7.290549380743101,306.5302037891458,3.3524235655697607,3,51.16776551884225
32.84263622256024,2.1620180226856816,10.042482161819136,3.1243838186706387,491.87041076440227,2.991161121031424,7,60.65185549453202
15.838829775824918,2.8799530726317464,14.96736614064791,5.082018830366335,90.4059766658257,0.8067319307303231,1,48.52690082616909
37.37799645886633,4.5605645495840585,7.050222401730935,3.498127583564928,85.10487069499489,1.146482028727441,14,33.799509761145394
5.751461343559923,3.83088540107011,5.643564072588084,3.558343934406215,626.2985701857623,0.73462494806749,11,38.0357433441508
44.06588374166551,1.248812904658811,6.310210419099766,2.5519300239541485,405.5839823822328,1.721565858112883,13,50.4143225653195
20.905511928197228,1.5892121771158814,2.169619586730416,6.120824001557565,255.03390029537405,0.06863686365988758,10,34.09560523144347
60.01937344715192,1.0313663630876673,13.307467220680245,7.495794856915391,202.33079681992817,2.349788031138785,6,72.99043093740372
23.96678496034446,3.5236871609166536,6.514972005059604,7.531931787952243,585.9627926873744,1.8310535243617458,3,55.0995299424899
34.68629103205329,2.7906937016416733,6.115478965660199,1.4807721505119773,50.3212352202719,3.1452362490538612,1,40.093049665806376
1.859919953199447,1.5370994036091021,10.065508957491877,7.010474832286872,694.7129353574834,0.5753743951494494,14,57.76180103386141
6.361069696797357,4.831736484227082,6.909484603501291,5.925708387274264,113.39968490394305,2.8143823612139607,6,39.04925019844292
30.044523174094678,3.1186388957824795,9.899385297713767,2.097415465453285,203.19169192649557,2.771863550633505,12,47.80433309278377
36.51547376906714,1.9675731764515567,1.3909712068964188,0.631548442079965,358.98911623927165,0.44513416225910424,0,28.741121059706828
45.40152056082847,3.00241428461883,12.298988483972298,2.217178408386586,437.8869917728829,1.3949572845044464,3,55.011403754291756
22.58303082448844,3.718481330940431,14.137307316751338,7.3064450705740525,333.99609265115345,0.5955342440058091,8,55.39318741508479
52.42865957336415,1.304956871894258,9.907098099311096,5.102111531676601,306.5697319874351,0.8915217516014211,13,56.83584198774042
64.64905739200114,2.098815260191568,14.341205968452757,5.796331821093188,821.1328096585507,0.9213616119069052,3,78.22237005431637
58.70897317810788,4.227861963535974,2.6957685583644677,2.1315035737618575,563.2637449947154,1.9468273790902046,11,43.75846702335677
3.9317930757784287,2.838659481610645,7.422534747465129,5.7831664290410805,68.74636429391057,1.4399382611616294,12,37.192763700561194
36.55751409707934,3.1863085681291796,9.226197642208986,0.3221598995955977,394.14072675545054,3.3170648140220687,2,51.316668794346974
8.76483320294494,2.731264008837877,8.935181387607207,3.065038631606809,750.0069597951762,0.44229549681451796,9,47.60649774472339
18.911331173827033,1.1755997705720205,6.321195796791127,5.051351453484417,291.1649491285344,3.407922471975696,9,54.806199113851754
74.01303190176884,1.6629991192806237,5.40222393581079,1.2541628677764298,125.6450758195106,0.8072352407499238,1,40.91630484729658
11.544670174711978,2.7821665549675636,2.3389483269810727,6.601728238130784,656.7078172719342,2.705058777336486,13,51.17506299307419
37.91772335540035,1.8367418616317113,6.180265533153034,1.9567472606141574,534.811065548865,1.1863947416048748,14,47.12937235612007
46.74352433954081,1.199916114638715,2.8585818190295345,5.253020791265725,506.2500062612031,0.5007848839605986,2,47.52061738111499
52.982407820263695,4.374598656207295,11.148302309137167,3.3010574263451047,92.86124768592634,3.0026121483618398,0,51.98327975897362
42.41400257803164,4.924770116656463,3.5280485646715545,4.808744404273413,162.39920783641386,1.0810131473276212,9,32.02142324308906
1.7230427090195908,4.172571495986958,1.3491969266257409,0.9488593657683742,548.039516970491,2.3059939147939477,7,29.218831178560293
25.1581368100554,4.415139686818668,8.509308998349898,0.23361111938069787,216.25907316706866,1.982552897803193,0,34.69908471442073
39.31066161046864,1.9679085212681815,9.130831124431323,7.2855589763043795,453.25606379873943,1.6511470828680601,2,62.062029174379646
7.502120936717668,4.842507902052799,13.14273938856733,2.2300770692607443,485.90534882351477,1.7353681542698869,13,46.85047370555726
26.946392909479375,1.7877028178137135,8.866233380056388,6.575448321965626,276.80575221675156,2.5628326993230064,2,58.02268800860586
3.4570300505611256,4.8057192414473295,5.509472378989963,7.994867373730382,808.7401244331943,0.307205199432042,12,45.695711307501355
6.814808789471535,4.979277175863804,12.143672282131648,1.7703069381913983,723.9712854684601,2.338632316852668,14,52.03087654187583
30.372322438918108,3.846891222984195,8.334043951217605,2.1948488553485093,627.8988061062388,3.1353423548950254,1,55.17392236255053
10.820965799186466,4.924574927167288,1.6495641271522803,5.336592322313859,112.39509312752728,0.20225868956952453,13,18.619553373339375
42.9980227713553,3.2781591182684147,8.704833124542077,7.727044213344908,134.90401544721556,0.4922866873178336,4,47.18448208286664
52.02040771615766,2.0381671327043613,13.666268908614105,7.334933350706877,444.22507669196455,2.50821177845711,9,75.54061238795994
60.24341573407213,2.7479835426624835,6.246533069724198,4.072716608518121,178.57067935278855,1.5304857688561615,2,46.48684414793432
15.811118074115948,3.374243741515144,4.796724127547101,6.381371231961125,832.6123708235792,1.4124201728479093,2,52.83033415924225
13.393711087171162,1.29232624810806,2.5803071267612907,1.1723922394892186,176.81618722192755,0.4793832209048255,7,24.661554318115453
8.738020184745618,3.4893730584689844,2.695960068062681,7.821761655211697,439.97426837117916,1.7736951425122582,3,42.63712761155057
48.09583846622912,4.924711347049178,6.775186522956374,7.718390548884293,341.2968454732043,0.44290858918732035,3,45.50004282212143
53.27920376003068,1.7604305991349105,9.137357450342178,1.3934587672454508,561.5091371632784,1.6681715970868913,2,56.95771506927531
3.3373747170975108,4.170380465153533,1.6689233749592254,2.4654426859445424,153.22912711153992,2.6726535463657983,10,25.20538848552579
70.27970622203304,4.631595175118477,14.123744540864903,0.8912244803034588,394.2531424339127,0.9039252526050723,0,53.33808333811846
4.845874990208959,4.774806371280883,11.44943745295534,2.24656903129562,269.76402624571494,1.6827515886290456,7,38.386053133980695
41.05592881227921,4.840542417621789,9.006046815113109,6.546050736380132,760.2012197373505,3.4720558928889247,14,68.66107993848694
53.47047843936782,3.0858385548858878,12.512360728615366,3.08869329660555,82.46856970775607,2.4032764817391303,0,54.36492706409723
65.45171515721033,4.909231631966015,1.6627079737756427,0.7983360404593912,780.9819952051674,2.944748699568195,6,48.58172249926304
53.84243297779966,4.0292408285377554,7.414163727130304,2.8035816457533462,716.3953108424004,1.4519666229619101,4,53.88811400874373
60.3278781471646,1.6466857449478476,9.63635033949412,7.8529283405061125,288.0565731526524,2.6875132309404934,3,69.52940137279583
26.119314248167647,2.90760042587188,12.515467138715193,5.074500402547703,681.4325237416838,0.14178210529462643,3,57.47000597269005
61.29705841724191,3.873324701488016,11.860308620714381,3.3876714766086464,74.97084827099805,0.4301891388978574,7,44.802852680344806
6.928498632465961,1.9893612632763333,4.517504120844294,1.4156542566284331,823.4924402347149,0.7107470752202174,10,41.51817343942715
67.21643254847905,3.5624607341955494,14.142762458608463,7.890796698541188,471.27595407183145,1.4068317361532685,10,72.52177409570812
41.52183583537648,3.666401916186477,2.30301470074762,6.5847071731787175,292.6248208523562,2.960107074140171,12,47.39450923819339
61.480034977224534,1.6507989752342636,13.189437470006705,2.3236706893622636,340.06657007574165,1.2119311777577568,13,60.20384499980029
34.47155305435421,3.260341249811025,14.578633619266968,0.6535426961973967,103.12428276839789,2.29117417730412,5,49.01234435542122
48.62474944454285,4.08650764391443,3.068726086728071,0.5473419032827085,841.4796112336313,2.4826000318121917,13,48.58872501203068
39.95379690927238,2.9955826581437677,10.969957930954887,1.0509873810937174,81.43355612055396,2.0516382393091948,11,43.964486279053844
55.13762460989456,1.0484124671044297,1.0841400222809776,4.6880718105539305,573.9256985182873,1.2503468885954767,0,50.36629204147669
7.040618670263629,1.0361538763171687,6.378630964517747,7.4372310275233895,404.1887421651667,2.019686695997405,13,54.059722298161645
5.466054215301721,2.4281173758800487,7.986107838366273,4.024273081247277,809.1329745509721,1.1979295747641117,9,52.551015983766625
19.28563931675084,4.704776273727128,8.919355775689693,6.7592693114039575,246.79979224543612,0.2935580849320423,7,39.1995701108645
12.806306328375937,1.914707118414435,14.071090099604113,3.622504296892482,475.66945915040907,3.4748139236510505,12,66.60278810002116
65.51198392782293,3.5374547554867486,10.247634965765823,5.697810011565819,435.8849668662024,0.44513858771378817,13,56.685398950071054
17.22183506449528,1.8883034827732823,7.478530292678936,5.881794624563357,612.2931552400811,0.2532193434262007,1,50.208313909382746
73.21402893061571,2.2866799586381945,12.240288025855396,1.4743132766363756,104.4081855619364,3.0748576222250454,5,60.22554775411314
25.930288591061906,4.392168358405936,14.28272590383893,2.953606865908913,205.03130401868387,1.056421313125133,8,45.39997875914528
14.476725760963747,3.9154457690797875,0.8199591558932172,5.134687036650389,221.65185607427986,2.276039409257277,0,31.570659917453796
59.43768952854346,1.3815971092528425,14.74655844771256,0.6585032046564928,640.5206038733518,1.151520053817815,5,66.75199503140942
49.744375387064835,2.7148080839457345,1.7489160164233648,2.9561674833273575,201.31095706139206,1.370089947780649,7,34.72807138952129
37.86648301753228,1.1166790545810579,12.30860829939704,4.32491578362142,508.7934111127813,0.9173954020587878,9,61.808467480499566
42.09690276938471,2.923560586412036,4.564853911995481,7.970173495052645,222.19505640076295,1.2006540202755356,12,46.53642330542711
54.22093159214752,3.6497360468042723,2.4166050374311405,3.848815144717282,739.2999600671827,1.437451402052901,1,49.01984884699847
17.905650858516104,1.4740104943926062,6.877906775850606,6.546848381203156,803.7483635917108,2.5214562418232003,4,65.85258984877167
74.7287097881989,2.1555397556366627,9.837370401990396,3.5133315520262802,464.7943799537924,1.7903766798217713,5,63.64938783062387
73.13469399886195,2.5913465020086277,6.023801752840388,6.3914867086957,331.84710736734263,3.302478260049419,4,64.63392520114999
49.12410078967333,4.678124098624199,1.2911984200991349,4.803776932798856,237.2462200139993,0.14658137843571428,2,27.999058935114945
15.76614136875674,4.973020061691856,9.19218652505139,7.104103987868947,89.82480121843501,1.7607391292120986,3,41.52073354589347
51.33688993991556,1.1796451959824634,13.584847503604783,3.3464461635658687,264.8000609579963,2.0447867609110135,6,63.72822556279662
6.342682264459013,4.044031693981568,6.05662280623515,4.874004916589683,573.3886239562543,3.220689451259959,3,50.1860396056477
3.268285163229649,2.486896265609373,3.636825275646992,5.077147576888736,476.89354504736866,0.17205483267499655,8,34.4758459783718
20.06853374982981,2.56983274491792,6.917371516025823,3.3973252402237395,805.2330226247419,2.007248547273256,10,55.5372153697049
35.234098798709404,4.01705989338809,1.2012593102073226,1.2400651451311042,367.0218099933605,2.9877047498478495,11,35.271647245618794
65.25216540022016,4.673705728581634,12.397069974963985,0.8391193146074508,605.0906738627157,0.8467470484173281,13,53.9676443071733
54.810511162706796,4.803714378010193,12.481941758777708,0.2317052497371015,441.4581979800971,3.0670232198337812,12,56.22213684044027
55.9602825687986,3.308490344153283,9.026006719729612,7.000920687537196,460.06097273936933,0.06665193246002138,12,54.70151667896157
32.48650674915758,2.4284846372020112,5.619991889606648,1.9681518066856871,264.219451683294,2.563591201968054,9,43.18677525561354
26.599189448475254,4.150196343435117,12.096858784463858,1.7709033193259678,413.96062147359976,3.2658962740902857,1,54.663170296838885
28.4568684608606,2.004005533049201,8.542961859431324,5.914679663365917,426.62799761016583,2.300191815740218,4,58.405924744801574
74.08606771646828,3.256296115334071,12.476018473975236,2.628127293390395,615.3140173991471,1.5366023539315679,7,65.9609915930442
3.9680801645237036,2.4343138460994926,9.6561524924538,4.097753070053509,802.5119993488911,0.1570835576545131,13,50.54055643731755
65.1603307130612,3.6265242948315044,11.87387936158556,1.383837415849905,313.45702198600344,3.2203983466292008,4,60.027416036914545
43.82198023435711,1.9615956515740276,9.179163401657519,7.681991199549557,83.76037486503876,1.6460367794205117,9,55.088021776660206
33.457541020029694,1.766371782939303,6.50504548912716,6.827493060136175,447.03610040051177,0.10148860517581804,11,49.37231836134287
54.6690668707201,4.672956346701748,14.390214968928994,6.923938021423526,485.56906571933484,2.4143737496506668,7,70.4899684698856
37.01350166542801,1.4072147317981476,8.34615046074325,3.3135126137188413,184.7524409055322,1.6864303875169036,7,48.08242548246311
65.63331961804288,3.0238316309397266,9.273798018837807,6.122653588286665,658.3716850208534,0.43520861104843755,8,62.35966858840816
67.65193793683314,1.8834111318520357,3.697070771513864,1.2366216275792634,837.9432867531933,0.7499513325859085,9,52.73269969777823
32.207348588635696,1.1557198533026698,9.571936446695508,0.16809012047506422,806.6197736067687,0.22571738159546195,5,52.26721546910558
21.485256995393815,1.1440752731657056,8.788310917502686,0.2577861673664222,207.68483105892176,2.0100273889800073,11,42.568502145378375
44.8339243159088,1.7008870884233094,3.1801567702318616,4.734153725496028,750.2905919206086,2.1771031773820324,3,58.37570513041335
68.51488757563513,4.4670814180240015,1.364012911620584,3.6976197514587326,613.5949091293478,1.7700980442440553,11,46.2653276057165
16.589001986419326,2.1299149759081066,9.263210135864181,4.192321256377306,413.07725104552924,2.859857465509152,10,55.76829559851694
47.099527183697724,4.801836682301182,11.573537905579649,0.15895880929603332,482.4887954597832,3.0135308745780476,2,53.77040120089979
47.73545628684652,3.326489171956774,8.08931987836912,3.439224295293663,729.6801399859664,2.154685388390943,14,60.064924098939784
55.25036365873079,2.7464567590750644,3.7882030671348628,5.7727384734868,434.10795171069856,0.04464767897600691,11,44.22713919214989
10.736008699417226,3.3203553386778184,10.164568662049007,3.5972802455427435,348.5658952841015,2.433303795117075,13,48.66215693715223
53.97104738647455,3.066793540905071,1.6615330358392326,5.884531729866556,444.59799442078867,1.4629972592212306,4,46.161061879225166
68.26840652925743,4.0351050150293,6.906588719628342,1.940849818734995,513.3038432280393,1.9794511912923545,5,51.7770931139013
14.296550056397905,2.129984263891409,2.868817996777093,6.523821835405631,201.26212302267908,2.2717821070660955,2,41.51966701642121
18.578206044366944,2.4122015664012095,3.174656240368309,4.748606799582273,770.7261842135925,1.2258281501447685,1,47.76815173714264
72.88323695908133,4.576377210133003,3.433262262793953,1.7650284854962595,589.3495590636911,3.20984476810128,6,52.290762574246855
14.392294500502242,4.785826052601622,6.1072523271376795,1.9700917592452805,556.6151338699912,0.4689120336242342,10,32.39301937628472
64.22449690934886,4.570232909945898,1.2416779814957657,5.061440670099342,129.5969809445105,2.350291325483631,4,38.60099950325593
37.42856137715457,2.6777919758292543,6.2680048934719235,6.656522786378303,533.3391505380735,0.015258529848031499,8,48.83343756536779
19.2950995058351,4.121462012027527,7.919757983163162,3.383459478030326,146.76852979079388,3.236278868918133,14,42.92209178363614
65.43549269416584,2.905342933204395,7.507767132011716,2.1405733901079786,112.95814015631925,0.39376446633332024,2,39.195662122778934
33.952588870197246,2.9901594085844088,6.050369455844088,6.949391694593743,471.84871651391467,0.3320948055165112,13,47.45476396673266
39.09648419079707,1.8187204362291358,12.667625817025911,5.387219504831596,372.228427237196,1.1655267156828548,14,60.73967244496552
27.58326933558266,3.364521213034066,2.6072370400973095,3.6398753495363048,521.0482161249786,1.307482001136782,7,38.63896449879708
44.87836300618463,1.7445435910133917,7.8326027848299224,3.954411542706485,121.37773444579088,0.7500502531300752,5,43.65362101867996
13.100766571291684,2.326258796268775,1.3996005458700373,1.7136260966975316,394.7864502778067,2.0479258132449365,3,32.916140692964305
29.940033712230292,4.420120806479741,1.5317573437296912,5.051740777512267,189.8293720361264,1.5501993431468726,11,30.572932520601377
72.73651185281128,1.8283032368434209,8.821054820317897,2.9340658332888205,839.6800687392932,0.11961456164380596,11,62.94948767333309
20.10187401988344,1.2846331406937312,8.707267160873403,7.9655968957273595,498.9201699481395,1.1187822178935523,14,59.29047711677648
49.598513176055626,1.2760303704512652,13.231485936244626,3.8934497705689144,599.9494887526938,2.8365151975060967,8,74.85527385179186
25.06406475262742,4.763138082012432,8.589168297071062,3.9384962888979445,310.3346245460863,2.41395537201654,4,44.95244297101478
58.23701130080845,3.0276817518473385,14.416969795870328,4.570229120544307,125.79113182347533,2.5370479875295815,14,63.00851461540229
10.684650893157887,2.6376482872680733,1.2060753017989816,7.342372424638099,830.6966902268293,2.4434092342923326,9,53.83744159683438
72.76675733581231,4.243514324031674,1.9211114293207454,6.426462988892027,279.00722830654655,1.0884055748406165,5,42.9255074243566
34.58042606238931,4.343303711642064,1.1389549927705303,3.6639275514029475,389.04654813885935,0.3488237272687156,13,27.974943671485775
18.467734287638333,2.3287641324624184,3.1865143298363305,5.777724201185088,569.89113736206,0.9536351441158359,14,44.011937612532456
6.438759302420936,3.774472229895181,8.348416608654333,4.7312604403680165,69.75783814888902,2.9112485506480574,14,41.25485269292513
13.562084976478015,4.084491263407546,9.860796630697706,3.989699684739867,698.2073044138295,3.431647792240749,12,60.05200592625124
39.46327219314531,3.618602747463818,1.1609847902556976,1.6192946049963692,479.2625520228962,1.7284645515954646,8,35.00177075583779
25.938235055915186,1.6063802992003975,14.21657790276119,3.7650964812936385,272.5737496550577,0.03395124223064777,6,50.984553985938945
62.3373690753131,4.503532334068228,12.711397961430524,2.0419668374783395,99.2863882339754,0.4901568424698016,11,43.1598165626159
32.885676750973644,3.156378210944035,4.80088099127785,7.327252983828072,179.99873237955316,1.1272820136069301,4,41.992730407336296
19.404856171484614,2.1298897054800148,1.6192191882837854,2.749713826621141,766.0270870827495,2.025048720075324,1,45.61360602643364
46.66872900869822,2.7009127417507757,2.9633625616763304,7.622885714813641,598.8193791487129,0.2628277603185989,3,49.529584697187474
53.30151404952299,1.1502843615956295,2.3406939994471037,4.311136791748218,249.92137730951188,3.3017505454845857,1,52.299992532354764
13.36110118467029,1.5114672048896702,2.2876147998347296,5.089200591541666,102.48061195602362,1.2777928564954024,2,32.63605828278672
13.403822005335506,4.062187002063443,8.019144485653143,4.38922951146569,602.4922499093091,3.1940447627368806,9,54.485394541361124
3.7136855930821797,1.0000465390214646,4.064787916154304,1.122106874036937,507.92618077421207,2.731826309649576,11,43.280248981672074
55.4937491148574,2.6662633139291687,5.693025889672595,3.068987630162734,373.615619566588,2.644030453804534,2,52.298334669733016
50.12153504401358,3.0900407243423538,14.847827334072676,0.883254286993229,340.8891593520511,2.123518529237812,3,58.32340096943258
36.12268480548623,1.2185376800038892,10.4225566094175,5.021336949048716,223.45142074328663,2.193743359681456,5,58.12356496677136
63.46861322372059,4.892312651889331,14.26021967218152,3.6303061420834677,585.6890052300141,2.2330113232568687,11,66.88776411675819
60.61959131830393,1.9045013249986877,2.567070047980176,6.2460812754104005,826.5344222350964,2.2005248545895375,2,64.7312069863821
44.31622296535966,2.2167948785451235,6.041022385072255,1.841716799895022,190.57219666946068,1.9380488098942643,9,42.13282219561505
65.25207475798113,2.2157700490201093,8.543611147594136,1.400071861591746,527.6932960124027,3.452449064690111,13,64.08799960678135
16.23224954272085,1.9216666484693996,1.6129918973867012,3.310024624613766,389.34804459678094,2.563016985989936,0,39.982388259985484
9.282051835431863,1.0058952883452457,0.560717932605389,7.420024527425211,407.3509773957319,2.719312359373824,0,47.92767272860857
20.961471252257233,3.9173791763519854,10.221297840055303,5.712332338598053,253.3178241022515,3.0536198527928597,8,53.69232746143133
5.224427350609299,4.867381999197141,9.806382993620812,3.4094966358640577,710.1079005291352,0.7547391695404722,8,44.05622595021737
40.30654507207637,1.8971739331401802,6.45643774499437,4.186450141059053,438.2044833177929,0.29331455683271274,4,45.99645388259162
70.30882122982715,3.6521887672136897,7.599839102464474,0.7652827882990769,484.72468175861127,1.6901305280950953,8,50.181299238692795
3.911422009469714,3.9675853078348604,6.523923508585299,7.878149581371294,293.8087302378606,1.799282434667456,10,43.63241447314125
10.036133636741983,4.393701516362099,0.8480731502508885,5.3646177070898595,195.4467725335598,2.9021362298247118,6,32.03156067592848
34.46272809297421,2.6905167880544365,5.362888290153205,2.354692140861038,118.72831056225638,1.553242527488175,8,35.46980955941078
70.10675129706496,2.211723622561717,3.0676927032607026,4.72788631430043,621.2953127399327,1.9979855894050944,11,58.15115783852745
24.39555176827954,2.3011805360921245,1.9271507419698468,0.9649106919450524,206.9874253502845,1.8447482847971042,6,29.423640902990687
38.53537584294104,3.8504853323940513,14.372446291395573,7.730109683579911,602.0602833510382,0.1337097431508687,8,63.7680607171443
4.076391569729015,4.267117866022544,9.190716013111402,1.480801404278591,362.3011568375631,2.153252138089199,14,38.49480285477816
11.977396871194575,1.7264558710264106,11.065516121430738,5.219439512636192,382.6198407917212,2.8981515002098828,1,60.23178472186538
74.01062909895467,2.483764032631061,5.072774277358704,2.0390902540575504,425.3419968742174,0.5512519182653134,10,45.74118896658179
72.41878353626737,4.6077607869966,6.2006333776632205,5.768734922923432,344.16680650203455,2.0801610687430854,10,53.6281401978446
1.3655585891463116,4.226774078778957,3.9353979115024904,6.23688880119822,130.49598177807206,2.0776369055624504,7,32.433991397891376
71.43407212131969,4.939433611049903,1.9060022289986587,5.420015858400318,297.7054480022766,0.5746473741972555,6,37.245039044291396
48.294875398347024,4.016993038728323,3.095958742902965,4.954545736016021,580.9874885551508,0.43212250805757607,5,42.08844443036777
65.22595379448164,2.572780804111689,12.063953656799045,7.150505842220892,582.6275211750967,3.4301818004176967,4,81.03668862660571
34.650749316905575,3.362551335978551,10.32441417516475,0.7211510168190886,278.9794457919955,1.3780170937856315,3,42.05329643730332
39.15410611486452,3.644057016989281,8.430468701789415,2.714226649663542,418.0821012461504,0.7959760505323525,6,43.60918666079493
37.17464693901209,1.3138232652684958,7.388803156568137,2.061471089083683,204.75778240954998,0.5996359055903123,2,40.21799978543462
50.34795505841172,3.1779878364154603,13.875297113013804,7.90531030031683,218.29766522386862,2.336605997541323,7,67.72301477816893
11.334192851967154,3.8372833138904383,1.5546567427906919,3.176179259368301,68.43767072528593,2.133058540645476,1,24.472038562922513
3.2180456505781683,1.6692852160042415,4.568711791949782,5.8876403239991495,767.3972399261957,2.2524324304559613,0,55.33392884098659
23.786815677748127,4.122526869702229,5.574098876775354,5.509328794659936,218.56533205992497,0.3080210962900829,10,33.03400635410645
53.14637644251186,3.3350911220564465,11.845174277085423,1.7754417760712842,232.02710154917065,3.1273710422445293,1,56.72493790736883
15.937155457098179,4.808887142790379,14.891461992348585,1.9880816736712557,273.6811461161054,1.362432388831669,8,44.49052202449647
50.834000066043885,1.1696891928275668,3.9897224639787194,2.3221480520689695,151.9264573563432,1.0967929225062527,4,39.021423338279504
72.77349141193801,2.061304550221868,13.177456344987668,3.347905498249096,561.4103065450902,1.6182650653670871,10,70.28626293806136
7.948652968416961,3.4062155171992963,12.544030026260973,1.9511680186391618,110.11436254206926,1.365231230116699,7,38.581265709743406
50.77255674865935,2.186239648823723,3.757532265805616,0.25524671370009766,157.36194106108022,3.0225195109870104,2,40.58634254660966
33.83751622853826,3.857696656284969,6.290322412888727,7.047205148776844,565.8053812720743,3.252413413192622,6,60.57262436970512
65.24252682393539,4.036021130087724,6.440256604741527,7.728317667908984,321.7284963851542,1.0620862575736219,14,52.80468968942973
14.109084419106557,1.4100638562658978,14.684199693635096,2.798406057549387,616.3582613609512,3.023775326109842,1,68.9789191951595
52.254320464736175,3.055417856827071,3.122932569994026,2.774204347461236,495.93979573611364,2.735330953365735,7,49.110858826401234
63.02053143396016,3.0355622223642236,12.08779058101934,0.1560253209175308,254.81693844921045,3.2578268532066663,13,57.91187359719869
70.90145224107772,2.4771230808621643,5.345794355510094,5.473980437809955,570.6623603914625,0.8601260926506074,6,56.77445766519531
51.56035409343379,4.731699450278688,11.097620013754325,6.620975176414167,143.0189442343045,2.0193570254234268,11,53.91272288588095
37.79093253662362,4.310025279492885,6.590159562287111,1.2582055728440251,479.1283064640243,0.9609060465915562,4,38.01763401017846
46.720695774889826,3.788837527638547,8.88621656518983,1.361364160000491,399.71848403602775,2.8843307166953096,11,51.501522235978896
65.29896885142514,3.85730654293999,12.572870713228902,6.341657674774358,264.2988662539526,0.018634666998724903,10,55.06057978678529
43.2251212512734,2.8468645752524764,12.16040069226632,4.968696911997743,533.2039981916,1.9768670701023865,3,64.62976788056338
3.248642417565928,4.683978084386304,13.063136161325652,0.45439840525896447,747.066873872226,1.187212009451713,0,46.729769444807374
69.89020346751636,3.7783817090131415,1.3644512174975558,5.018121224652025,849.1237598104614,1.1293929747723708,4,53.53478726963176
52.024979576335525,3.9159242466232658,10.5347330190763,2.540450010465752,536.2102149947395,2.2571721335272095,11,57.72672323248584
51.061990547516245,4.446763615149381,2.5298169624655618,3.0129287282196833,373.7646994633361,2.9801955725989786,8,43.02782229764526
16.95996127743107,2.096286357368764,6.52936923626696,6.180878204545353,230.1656801729613,2.1321838698766418,9,47.67629898982488
49.75752479721663,4.228283615466812,8.454532018292984,6.506388022113624,255.6768715160894,2.9861054252635286,3,56.984681227709025
30.145966018407726,1.7809624118259682,6.3397225288290455,3.2628173520346624,433.56398251981255,0.9260898915836049,12,44.93123607316656
49.191240301070415,2.3813678089795514,8.03436929914361,7.582508194450202,343.8221610245674,1.818256491677434,8,59.87510792298479
8.887884242791314,2.342441817079371,14.949631477579977,3.311055471821371,781.0516180999554,1.5768778867347661,11,64.681486995928
49.68055254062467,4.914101873556563,2.4606510488363935,6.197504678317868,344.6363741245676,0.04075714826083676,1,34.15602682589214
74.95661570702933,4.426148894991707,10.29411265737817,3.922630390057647,348.7556729163484,1.9488425009925905,3,57.495935294685246
4.567690875681146,3.804679446361039,6.2420140125914205,7.190505379524464,356.82760994718154,2.315335134511612,8,46.10620245915009
73.31088963237748,3.9082270464615605,2.4286420841562673,7.271313824836411,719.2961682941265,2.0717004154667453,3,60.876392329670715
31.111189093492424,3.2482911776102843,2.8016830689274883,0.7905927821815625,570.6306566775215,2.576979645741975,4,41.22414529109026
65.43575532495717,4.788362668434076,14.264460040561445,7.498297317350783,541.3350802551141,1.99968834958577,10,72.75704086434021
58.896525820312235,2.985035011529446,13.25422170232055,6.621725248011284,317.31441790708976,0.2336258919776492,7,59.7902973997028
42.95920331301342,2.522070839479578,13.652108426017817,6.351354643070068,704.3233414659516,0.40755933429649,0,67.76796434113973
55.64524148459816,1.652141347726364,14.877225249497105,1.6871995835156275,80.6910890845609,2.087661021403833,0,58.303302086496515
66.01015153629974,4.1448226090442315,3.52057315512351,6.460441749161853,746.6377378704906,0.9624271719077406,8,55.013558642561605
30.90638380217644,3.9377757283023658,5.653870391778895,6.816048604011791,460.1999198351437,0.27875795162168043,8,43.06295623524019
25.200453955679663,2.5374201540965395,10.203675933910567,2.3842876421877928,368.60018789073024,1.5036096020699137,3,47.790193040671454
50.40191053170527,1.1007736558369174,7.5151368279793855,7.622854619062357,447.73382457414857,1.9401290932927937,12,65.49628091476956
60.78059970365314,4.355989310872043,6.566648233985836,0.49389515655339766,583.9324244270648,1.1506109592236229,1,44.30739008774937
57.409099973469566,1.0456719338162945,5.688263115366099,1.2842831006524034,60.21234121431789,2.521517957790223,12,45.479376002621926
60.03821001553895,3.814799118516204,9.109819163180058,4.346890990606963,747.2414851665982,2.253197128354356,8,65.54280846651268
33.23316529615704,4.881028438904228,8.84610471528119,4.648760521866246,407.3916202491143,1.164864263820852,13,44.98195639797921
61.5197319969516,2.750645312592814,2.8411385939314813,5.196685658077136,324.3732157600625,2.6420538511799623,3,51.36174860937741
9.895470097425024,1.939893619983811,7.340227644017366,0.23405612159218503,160.5964525072457,2.270432648865624,5,35.81109363452932
41.292193249102866,3.819484040173527,8.525340755042823,7.6868975195148295,401.5722994867537,2.2310588255126573,11,58.84200332557391
1.4261408768609962,4.268512568062341,8.769160611605162,0.45224593259973755,447.0582170275031,1.9369969527547382,0,36.39760794789085
25.01935141262,3.1857212643113892,3.5465542972291013,1.230189426514879,372.91735559478224,0.039863838309934785,11,26.70246716049926
28.118153580483444,4.868141101024585,11.262935187658158,0.21071468845585015,592.9280750615177,2.437775142169112,8,49.5187832276171
30.3167791790849,1.2066748866318444,0.8653868749055097,4.578181623023348,386.7172230073808,1.3161462688820476,4,40.312926263863595
52.4645732950498,3.0191823932181125,5.645061905375859,7.464908382975681,819.1340622772586,3.2991339855552946,14,72.26298669720154
29.753299494005585,3.8738157892902003,11.813083403766687,5.360982612035667,529.4220142588734,2.8629466987702186,2,63.23319529970874
34.203328074067265,4.450561884596716,8.676447355303335,6.598994000995376,695.9823485215271,2.0569306433595926,3,60.239592549659946
18.57826568470023,1.7170224476311602,4.2868552714074735,0.20492150732278266,137.48472248758307,0.882636936367443,0,26.46974800382719
28.620632580571165,4.200013927054726,10.576820230474192,4.381920857989836,367.83303435672457,0.713010876471833,13,45.278882849870925
17.817952417473208,3.210828302874181,8.727168690263063,3.730547522293623,319.4781611577222,1.191346931871422,8,42.199483249922515
6.416498358864829,2.586214727959853,12.045532337117614,4.041846759344265,505.58591050927345,1.6679878025300647,13,54.0167709786799
45.65519591022196,1.5268601143163743,11.15786519975244,0.6704841641479847,738.8908160491405,1.0362292851363148,7,59.49413761418232
50.4477470930712,4.461183035635649,9.346564869525402,5.507039352447529,112.67057420960533,1.8022532338736896,3,47.71491349647079
46.84228560471147,1.6290928327188614,7.578576292006804,4.075441277383212,108.05983843576863,0.5787964892961508,1,43.09127873739725
35.29855924124235,2.239151436836397,2.4311408221790893,6.144675913903986,730.2541665260791,3.42199484488925,13,61.38314513449265
29.104147733263005,2.1601821278497475,4.289328759338065,3.9337960090875517,220.28006883068593,0.37773594237747854,8,34.24705177718071
64.88669006831506,4.485656136763417,6.576942357297736,1.2801149261888136,585.002603559851,3.261804488790302,3,55.36891299125503
