temperature,humidity,vibration,displacement,strain,crackWidth
27.243561663863076,51.77675576811577,2.6643204141241155,1.1447562552950394,185.82026149047783,0.511643061101849
35.310000289738824,51.11404595823999,2.15659223693249,0.860946381154595,203.8773652785311,0.53101338889736
32.24791518535967,80.78145612344665,1.6967483058921302,1.2819032152483156,230.88946901309552,0.33136044344371474
30.381218778758512,51.229578993227776,2.2279520975853515,0.5776079887360895,217.7091835671159,0.035645305294122576
24.18426096619411,52.237737675788395,1.7704548448905042,1.1724129652187203,241.9226769882868,0.6275532336565832
24.183923284706836,74.17292180880837,1.6526998154184276,1.204807584688548,166.42042533885365,0.5429705889722831
22.813170570354792,60.238292910274296,1.4228186658835078,1.4383801148835633,190.30454518277062,0.37824357129017977
34.126466040849095,74.95197506298315,1.1240855966241403,1.492086674828354,215.36011710713865,0.719807692294606
30.415610164404924,42.941477090397335,1.8050381467202774,1.0489291143276847,295.91549170634823,0.2689277319880791
31.913016089144637,61.94070371530229,2.079026744960066,1.15481579561102,215.44749846344968,0.23545739538498875
22.288182920141235,41.51261200824772,1.951688164992555,0.9701637508167986,263.4088905464653,0.6982370600635543
35.57873793026792,42.819394155490954,1.7920165360263207,0.8615812335576918,221.5422067513727,0.6375901238071884
33.654196971205906,80.78968540049848,1.5271269696516094,1.2929684338141902,200.65365450249726,0.4119838485186758
24.972747549495868,46.26604170029178,2.3041230958424843,0.8179243354210202,210.13102303542237,0.10458779156627998
24.545549540899408,63.95893070238477,1.3414340400267075,1.075611929828441,213.26321151884474,0.17205717717204197
24.567663137948074,58.499302117031796,2.388013956921738,0.9014478120302287,244.14582955842954,0.5249823923270454
26.25939140143353,55.63044968164792,1.4988914905366375,1.3649049558870778,274.9844507030622,0.30803299027232933
29.34659004285133,80.49250055592725,1.6237823813234824,1.7404290297799463,234.38723390745284,0.669178553332777
28.047230260989622,40.98205285489703,1.2666074046921616,0.8095236051590007,267.4831071496702,0.7599640074657633
26.077207962772587,69.87053587790152,1.7492989265571817,0.6440944551307293,181.40841049481259,0.6445095402199347
30.565940526113312,83.35274953960976,2.4876562292389894,1.1625339343949797,203.41477964743876,0.3020363383964457
23.952914049128587,65.20756825578289,2.2578140442219783,1.2047093387873276,191.02789863169332,0.6309491433851393
26.090025079493053,82.15701079148914,2.4892110560140175,1.2655977920271893,232.5777836349941,0.28115333877654675
27.129065806111683,42.35160456787107,2.261071272966968,1.0661038454296965,205.64166459282345,0.13368007021250713
28.384979779038503,58.845699358337264,1.4481650857348154,1.1398082103523703,249.19091748136782,0.02671456389268592
32.99246345950219,51.7071005932923,1.8346053878362214,1.3102531231621806,182.75993153470233,0.30857337020881603
24.795432950217037,72.88694342413284,1.6099004354412687,1.5121292677934517,221.72123893285126,0.7228474429578255
29.19928213779056,84.1583690723761,2.66528745201952,0.6134853689045151,247.47431644049024,0.1911892702045412
30.293803964068594,51.54385280999115,1.4016056767868443,1.0893181682905613,137.3878889983756,0.1652105319438272
22.650305778079968,69.43785706633335,2.4468488446945553,1.2641426381823189,304.86525229320813,0.7758566281928323
30.505627926620136,48.9143934741883,2.4464769350543847,0.9246071686167792,208.67392460480497,0.020003290280473696
24.387337731622083,65.43986145572245,2.914810100858044,1.7193508895301899,138.99840345295308,0.6286257203150035
22.910722301793914,60.87696190097513,1.7951567036852514,1.009377035931379,226.32375594307143,0.2570959645926963
35.284397521546666,83.74023983341917,2.356161079790081,1.187612193897815,221.33773871892603,0.029990365495727467
35.51884846304383,67.383727271341,3.1408259182694214,1.3668066290526872,216.7242248171003,0.7342420321676669
33.31756287363046,55.72778674390685,1.6911791615331517,1.0226145633594317,259.6476445170666,0.11171386416766689
26.26459276842719,45.134310319957,1.2324798762338203,0.6460280856586749,249.89779885708225,0.44142342698055637
23.367409596089374,46.80610729307205,1.0599949830461182,1.07140364192504,231.91504764095382,0.21924336594363825
31.579262371170195,50.13926184780558,2.3563560144306654,1.5088321667781122,238.0062253578659,0.05215424174775283
28.162134912354418,51.29349976031341,1.058424895970708,1.0989314619644583,215.82566202247654,0.039937988530703274
23.708535287826905,78.2777226028512,1.8138404735310385,0.9460697095623064,291.01963396960195,0.09244535906907103
28.93247674155778,65.25502547271363,2.2186565935194804,1.4777016628508164,160.83215926568934,0.057093611111504045
22.481439295613058,63.55259101184649,2.092587768414957,1.1007675311930842,225.58606696863586,0.6084464924159384
34.73048562910295,45.16459923411479,2.212722432092086,1.0469517559049348,222.6009852475512,0.3884529618267434
25.622919742400235,78.70628620072458,2.111144927900427,1.2448368268989929,252.53121624258372,0.27431367307918375
31.27531198095575,72.52664364438176,2.6394329066566966,1.4312250628856362,186.245844903004,0.33469512810560575
26.36395506525175,43.04507628550007,1.5238418096306015,1.9145140595197638,150.25309590413855,0.7431573884580986
29.280952296489353,71.85257937533959,1.6615024307707342,1.4481708322972269,226.27292064392773,0.7286014501905178
29.653943910805914,64.45921978041908,1.6136702773645881,1.5479519899165033,231.24921968874418,0.5725411840980615
24.58796237735738,43.67764055860502,2.415095905931305,1.0482101403036435,279.58397637790597,0.7077459019373502
35.57418478870382,60.62352886878954,2.4501992941975317,0.8922395682091571,169.18551814699654,0.2557184220700998
32.8518595270556,61.81133292085211,2.2256126596592543,1.218699404885737,266.1877506686688,0.3048874608066263
35.15298518189865,47.459854307347406,2.591746833444964,1.232150974577879,314.69657456108484,0.49096974548338246
34.52758290598708,82.55641661501271,1.4109795663118097,0.8764461775906208,204.88940449910092,0.49890075783781135
30.37059970335519,78.24889171662979,2.8336120557755686,1.147411641028796,168.36231122027104,0.3853598704098728
34.90623929032364,70.10600517980987,2.761619310856129,1.3197952805157391,203.72102534506516,0.32052627875036266
23.238895028726873,60.80330024502732,2.3678109986228733,1.308118018505424,220.56019869485522,0.7889442492869562
24.74376007386803,58.52944937130288,2.89089945438553,1.3512863560152817,242.5515150002766,0.6568989008941796
22.63318204474753,69.29380602179293,1.171688396161113,1.2872894190412327,196.3442108064781,0.34798415831043616
26.5546246306857,64.54443412331075,1.737775931868674,1.0478974022189833,282.2079413658937,0.5818339817916548
27.44148205565275,42.80228976468485,1.632348269659024,1.045829812005347,175.41870739967754,0.2156493546019676
25.798886444834544,63.062619194664926,2.3607396618786716,0.8403145806018372,150.431793913088,0.0801354609898639
33.602325128127006,76.28816277547779,1.4749296301989272,1.7354325117555285,264.2684169714927,0.28194482044219255
26.99454657371025,60.66579449186311,2.3787475746687425,1.204035109385788,129.015158751752,0.3223782400987154
25.93308313562333,42.33804598994208,2.685268071998357,1.1325440832615443,211.83480924509135,0.013229699648536642
29.59774516421548,75.38251897228149,2.3476014500419997,0.9213623755642624,344.7072451683219,0.6518336013087169
23.972939149646677,49.061370196118844,2.1418755118307504,2.080697370698333,219.51825788160275,0.2873547219113452
33.230757730556554,51.63793756996174,1.5060633295496255,0.8780015903331313,175.16929397215,0.46433453262411767
23.043709011516793,47.41178590445332,1.5765745169373178,1.0713456223181779,217.70410144852826,0.05917054981676478
35.816417112407244,54.85967791921739,2.6248094526483334,1.324751050885818,217.96796845521865,0.1399974630004672
32.811426770153204,74.05381775598858,2.3896745019526664,1.3800638897232833,226.42599761412467,0.711754980262048
24.782019541478412,63.372363677677185,1.980490240311228,1.487379616564705,246.4905192863848,0.4869500223062406
22.077309639730434,49.21965733678206,1.7910452271170547,1.7422825523307788,178.43555326529042,0.7602272401363885
33.41645999836768,79.50235351684184,0.9870960634443116,1.3518472966382136,287.50192220947173,0.7990000275130535
31.896002813866637,79.58118347281882,1.4645737906577807,0.8831907600099997,229.80457137490473,0.2974880922664755
32.20610035257382,79.17602912707031,2.9557095435698617,1.1229164624634655,249.07176185607216,0.23904245126661972
32.79778485360324,50.745829512169266,1.3597722144987667,1.2923497117541654,194.8740240097743,0.6866848441272775
23.036625124277265,60.30577048814446,2.0947399106105404,1.820467812451747,271.4552854798213,0.7988891416299634
27.018520199619815,84.32453452633938,2.5037219865975993,0.7806583564727109,209.7179036474774,0.5037129873859659
23.622166833351816,74.74056143394957,1.3725386659988539,1.5607729515675681,231.10210053974126,0.6361125780092179
34.08344796225831,41.22253395515019,2.092355237390542,1.253974310863925,182.67575691251562,0.6253966870522196
30.72617377558581,42.93420660672214,2.4689577687553275,1.4513491605688442,180.12273494391494,0.2842717665756376
26.63257234793709,60.87691195655498,2.006249660953625,1.1694015850092203,247.5282122581153,0.4594163042056698
22.88981690400433,80.9149092637702,3.434201527833384,0.9472702109621021,202.25572679170455,0.6664455530113709
26.35375250401927,64.24158090787213,1.1657003705609024,1.4252618338203995,185.8470764998249,0.5504911010088444
26.552566508374458,62.401562861543056,2.5293642649419397,1.3963293081316863,194.2726663189188,0.016931051185630607
32.214486496732896,44.74631649804837,1.9135991313017677,1.4916170897219165,247.95812286869685,0.2693645351180268
30.925804598972984,69.55510471259323,2.3859600774183374,1.1960086093864093,194.83848555185557,0.11558055727568428
34.42097839606857,76.99464222701015,2.220653575849623,1.0200533930040452,215.29380273591343,0.18637776966243128
28.61100895226729,57.1189003378403,1.6334219014450018,0.7323639014928476,220.60111001148388,0.7243915819930606
23.674319443136223,74.90253329163974,2.11449819622967,1.445811980441822,143.30604455958803,0.02951463112861452
31.98542702112193,83.40144942553653,1.0710492743008564,1.3271668447331957,161.1549437850593,0.175840569569539
32.65099068063657,49.16949066074601,2.301623750285697,0.9102652101408122,233.4511155699025,0.24765548179058516
29.857880765972947,63.54983340376336,2.1490792329952626,1.0384278980110127,190.5188255538921,0.49350725757311587
32.79354051936385,52.9212081138059,2.3193300843215514,1.0599723564145678,262.2689964512167,0.42728135206869244
28.91313834910147,75.67844885652278,2.529059162543575,0.7551046704052745,258.6722841700218,0.1746155862827089
29.318259611347916,65.9917014646521,2.1838099201048555,0.9546952810184599,248.76674665421749,0.13139285377852358
27.985574257019696,68.55620878976367,2.074044709899138,0.8598508929580937,292.7908714925039,0.18943842767689506
22.355867774417334,75.90613718271524,1.559465831669354,1.0762562964336189,216.67642689027267,0.4020237013613245
23.51047997790626,57.818671269810466,1.6438896181754745,0.9783907505011311,245.95527703615357,0.21694222856896275
22.44000859961428,81.17905307831694,2.5933673100886656,0.7118985237399753,196.62396093615877,0.7580820012861778
30.909745757692924,63.986299026076296,2.7181677028529894,1.8067770691708445,318.09479651474896,0.3710921771430781
26.40098373506857,47.10796702759066,1.880944781843973,1.575762219308769,299.34534609744077,0.04703681323570966
29.11998967630584,71.3154603175961,2.023001373626637,0.9662941735440043,220.47521738071168,0.5834131246693067
34.7059306349653,75.69676076972145,1.5476928125031169,1.2817264189960829,235.46344919620768,0.2630762305671917
25.490091208084248,54.2542754680387,2.5863784226337225,1.3252395269463884,274.3719039745922,0.522791145646598
27.74536092249882,78.57306656494389,2.332708411845889,1.557325756432043,214.11441980743572,0.2236754964185856
32.57771593960268,80.7764464644595,2.9706087182318743,0.9544184920019764,193.73503716801181,0.45659499338665593
25.203174316882716,52.4607019320014,1.5608384614101305,1.5276320351947277,254.95959004027532,0.6177220038459718
23.077718737603103,84.25846627218499,1.8109960504908913,1.0356284087379195,223.1375698433468,0.7424069934196432
26.05652034079275,46.33201876219413,2.115722961262786,0.799241278749416,227.31977798581042,0.20890171554646164
24.25709802155606,49.09070507811205,2.3232447688628852,1.4172409677943492,186.6291462772814,0.26788556079918496
35.01576713279602,48.29011776571117,1.8921661812261839,1.5872275272367284,151.29311406546415,0.3714131362287518
33.313685313901836,80.22953695035417,1.5635194547731497,1.9763726920592053,229.44569639516405,0.7417398701887912
30.867652591145927,69.44316485462329,2.4407037644617855,0.8400824204729359,256.198481659768,0.7211094854485257
34.20044826262804,46.84469274500228,2.3605676812727907,1.4096759055242365,210.96773003695833,0.07190262408051043
33.251409076587606,59.814553826575704,1.5418629497181375,1.0770596268619401,277.45718078235467,0.10554386060304868
24.6119808244045,67.6884111281411,2.677721400552748,1.4350076131572094,191.8433469833782,0.39640734186451065
34.495825978859685,43.75588382452225,2.585099354598302,0.7588531346306249,177.8118218013632,0.0852954182443388
29.55079138681911,79.70873657833025,2.0671482486238966,0.8211690672904308,217.31078771215476,0.276464698678958
33.30416217229688,76.16215909486908,2.039798931188018,0.9672375530500548,216.69629698594838,0.11870830257398213
34.545278198928905,62.73430481094872,2.2770288855579537,1.2236892137004254,250.79874925340891,0.5088322841055087
26.452048649606095,83.52069768666267,1.569148464871871,1.0076756200384933,189.0014870374406,0.7595963453913295
23.540726943387476,58.79924406737949,2.015015739582041,1.3977163031740258,274.7237694725959,0.7973870162355052
25.191092275587184,84.2849643566424,0.9238082276954098,1.5080683854773742,298.6766785003301,0.3001929059975319
27.97950904076759,70.05639994616322,2.4382278227514678,1.3798732623736067,218.4342389212663,0.47921010969168987
33.4522067229149,68.56020729642736,1.2192533887790704,1.6856362918982604,269.98841680737274,0.6850141228192651
34.050228165588805,47.467970288310326,2.7517099142144996,1.324747988836603,177.7401171749896,0.09396965823710719
22.09732982743667,79.68674912370898,1.834939953016775,0.8349309868979498,263.00886164727666,0.551651528841572
29.15046223608592,59.23703595642768,1.8941665090344115,1.609012954061502,261.89105634237853,0.3270749293800546
27.843754044082907,47.30050326021157,1.6861330469577471,1.0184531293182006,254.53749120759514,0.1649169282241313
25.109509346590222,40.56733839890916,1.8559805630389619,1.473125549905671,219.37747644518825,0.3222028949979536
23.678115142671558,65.18900576372721,2.709265672574018,1.6721202649665319,101.83004235031875,0.06076822957193349
26.72661239965079,63.73298299552043,0.7560956717324603,1.3370064032191198,194.33091425391484,0.5563257188714447
35.20073585477527,72.37091300661214,2.638482693044094,0.751152356050605,194.9633592926159,0.2021941349987625
26.524841048290575,80.0616123858011,2.169011740550854,0.9245363500470625,180.8698024775809,0.2491245160359024
29.263068704407125,43.57329630893633,1.3964891760713922,1.5968233400655407,224.88972018188264,0.0968650385931702
31.842265424532492,72.9173420653163,1.462343803475381,1.149263194307155,203.2414621791506,0.6917272911119134
27.090814433310115,48.4335374843912,2.8381965136041014,1.2238720604826496,187.01551960939912,0.3947554234261909
35.60494915809345,78.61796739207239,1.5272465600286345,1.4276473248490826,177.6479940700872,0.4577175022291202
35.474262129189555,76.85785812377452,1.4233247447020203,1.408896858624097,191.37948058059084,0.4555461464758837
25.524952141555097,64.3357189743495,2.5686572711823645,1.283639943715638,264.8599684739971,0.32839449163307344
28.961479082493398,71.96092593804902,2.169276438142957,1.1373994886338603,193.55899781490024,0.1540239323505116
26.212296337434775,54.145755093268676,1.5310372117318005,1.1061994662802928,199.4024517426691,0.59610619879872
25.987766921284546,61.20255545197666,2.1083124877023094,1.4573696475874027,201.73209539907015,0.10164501228613948
22.516417262963458,76.97366039697123,1.4871236581798613,1.366070859320338,233.55974055237678,0.0830990322230484
30.533900675718556,60.66693387279463,2.5504106992113025,1.122809999814663,238.2499795411413,0.5681160300772027
29.03750632520406,56.10092193964488,2.5306854824365668,1.5246336938979421,98.21373843027352,0.16706961636158707
22.720702517499852,62.2395601262635,2.2660030994109714,1.1612897654610648,260.8654085531043,0.24541820108226586
25.90105049931256,77.27121635967482,2.180830530623508,0.944501347699682,277.45472136975013,0.3801819736013922
34.71572240353315,55.084362131689275,2.880594062433687,0.9723087903289965,177.99253850553322,0.359481053383637
25.353866469337614,47.81927169110847,1.9998431636941127,0.9063777491070701,181.10807021060663,0.5668633000519994
24.028528209277123,72.04063091488513,1.4090629372895993,1.1182769950188938,201.98986448886913,0.4987454347546888
28.852338643885883,77.16901957186369,2.2247369564161534,1.5701172835008579,189.7598392217358,0.5155169298254926
35.79910635754841,44.528686533559,3.043023524768557,0.9584714456908473,228.95707495786425,0.5712434645243659
25.388773801161005,50.79433507401751,1.492620253407074,1.256542728305431,142.13898854564542,0.2340901819387723
31.4098976636823,46.388739539244725,1.8192686166530072,1.002993196311776,175.2828956785304,0.2578666494403789
32.66267461460205,55.657363521197496,2.208223019050726,1.1219072876185687,281.5678880069963,0.3503981983164433
25.326925615893597,60.265794050743565,1.9730475754971304,0.7469876364044243,182.87120130607929,0.24596973842682088
32.195028880566035,73.69718516334879,1.5088482098113427,1.1338385312530388,269.737131124117,0.7879502951766908
27.148963858069546,69.30164131967534,2.5609289281152354,1.1418883860585114,234.2135278236055,0.6512415411371437
30.852281628310113,67.94178553652941,3.1600203610086295,1.3620863832107086,147.62929141646967,0.13172375060482366
30.869415950652524,55.856872597434446,2.0980657295119536,1.266984273976611,245.41316780864824,0.004475324705495609
29.50084557704662,77.8651398888142,1.547965855132,0.8404823625143865,215.29330791228585,0.03422661459781429
23.264056780761717,61.20792253291741,1.2255197374732625,1.5252594732130627,201.78131775001037,0.19525076083434023
33.69423493824933,84.05972221068195,2.1289879906105904,1.2630909120665985,229.79828372688016,0.09143302866948524
26.490920909604302,68.53639622330816,2.551938671658129,1.2595180551532459,238.9853394226717,0.4266704919140577
24.61125914559796,45.681913370402626,2.237583873247691,1.1972452939844582,248.3036728789848,0.6863961781818869
22.570851981766694,70.42799029339453,1.998798079540573,1.0446727658333341,267.1301139019201,0.589400176730582
30.272501204635386,54.629680694426455,1.705364174105347,1.2653407019246177,236.32543651113426,0.17248725046575233
31.485901065791953,70.88472385087438,1.4539181836409552,1.3426765307785746,164.97463644854554,0.3194394048206287
22.232229604989985,43.13385166730826,2.4173756631624412,0.6759312925963336,201.05418169395236,0.40631536762502213
29.169302816189933,47.86966467291817,2.4568858106927927,1.0383717487961712,337.72193341074484,0.6481646796026684
25.170940852771132,78.50817665076039,1.2271351066546334,1.123515908878923,248.9796424152691,0.6712972824849319
31.0324190657323,50.22308006605817,2.7949194890903417,1.2768511817082835,314.7714920324599,0.7277746495262208
24.44113000606988,77.66685063593229,2.287035610447001,1.5579933017781378,275.8173632879674,0.4073962004023002
31.673128333434523,52.56742398044847,2.6997973225728966,0.9684777556209653,229.67208286222996,0.5554197971486904
27.414294848207525,68.92968595264185,1.3289361257574424,1.0506114459546474,232.0562827912447,0.08944029698714973
35.114219842314284,71.2367758079424,1.3170879222922807,1.046239766806035,218.53679840492617,0.4522311679631857
23.925293218043905,63.06946389152738,1.9255153451163516,0.9595417229686375,150.48781536614,0.1989534475769081
26.77492891470362,53.73898045135291,2.251392213447597,1.0958440514663212,220.72189009872898,0.3453735080212889
23.588629297368247,49.56899693669932,2.898180411463482,1.4312406659963912,268.4269821016879,0.5072404066453755
34.94571065589988,41.49352095530918,2.353039456907566,0.8838493513906962,196.01440020715185,0.2055887502830249
34.28275094733374,53.67758805583257,1.8786593615939833,1.328344318545871,236.4781199624724,0.04174804623740887
25.61118278801218,69.39232557390774,1.4868153961670538,0.6894293309944993,254.06364183572788,0.008187085127006012
31.239776644478507,82.22371683018173,2.615000286359575,1.0315986010673381,183.61278242750097,0.01772762843561724
33.44111080281702,79.20420170183735,1.5176472871246425,1.1011532099346042,201.9478854262534,0.00667979001101573
29.772811362392474,74.47291494408861,2.814234277386161,1.7024579018742194,179.28354038091362,0.08828404524630039
29.415108096984092,75.48013044639845,1.8578076751967454,1.1175593085741935,187.11337573242372,0.19159097165610392
25.385932072606323,69.92432065641978,2.7952910363089254,0.5396269579647245,168.49578865387755,0.17697721134583935
23.303438749282588,51.712908590470136,2.339465645029639,0.600333327941625,183.98206154487895,0.7894372753439174
34.56102061134658,80.82377638176234,1.9315022552787708,1.2102088759040042,276.77822723191355,0.2448048841671546
34.60585280028663,70.18295403576253,1.7403018140869366,1.3841312567369726,183.3809188363883,0.1019366266875193
30.86342040182575,65.2198283941198,1.82954606132696,1.3126367572881759,225.0583687624276,0.4364500353342064
26.74641707468181,44.99452611460665,2.214158346187619,1.250271031740297,199.88524985316178,0.6863659643180067
26.888934044577255,60.11749947128914,2.0385782481088586,1.5486778792517,267.15463748147755,0.5424483014301401
32.163379504183354,60.71612220408669,1.7030942959656474,1.0381226337788605,272.44649186414466,0.23686567130836025
34.55954363933608,78.90536242852015,1.917184294841184,1.4684731668080475,254.56279928555787,0.449292927833164
34.41920993971164,64.59916990845048,2.039288514859575,0.7103955344920747,232.24538212411022,0.5718847793603273
32.918257642006736,57.11802470366844,0.935632952792594,0.9285156501185801,210.75761852636407,0.5824835938941939
30.98844304616003,83.95601478297968,2.229084057394349,0.6578875815204551,172.32501183235001,0.5332307642381511
23.177959509930684,44.982426699684204,1.5101393876415967,1.1175464097990624,297.74115524488786,0.6966483398204945
24.262801997324594,59.014679274037505,1.4233337983971275,1.1861216348200971,189.61307928989785,0.6960843666752835
34.57975863937911,41.89111038271324,1.1563278264446448,1.234230447667956,246.54585388131366,0.46314924752560266
30.49000683523426,73.29568543451187,1.1030537510660547,1.2185650058661406,262.3826229049359,0.3438850952889698
22.128758722632814,81.31344484896178,1.3222762484438553,0.9217340007564816,197.7887801237868,0.5132562364520799
23.42060160012445,52.601679829772024,1.6454895211847549,1.1429277466760352,261.5205010926385,0.6545696010963705
31.28902476751278,78.62537545596044,2.976629568763284,0.7507659994182754,250.56852813355422,0.0045216838729477795
22.07086217384706,53.1498203707854,1.737060162052398,1.6089686925396751,289.11855341527064,0.7935976072118809
24.251312719844982,80.98465727397618,2.0888750531340157,1.1089121781305997,201.22614134293156,0.1463150178633594
29.682273051132206,73.92828566185528,2.200240693253164,1.0533341642868925,168.5654393088114,0.37619918852798095
31.686532767697706,76.22080495786474,2.0655325931079243,1.6766820985332247,199.78040978221955,0.6976237878742935
31.127457633036407,40.81029500202045,1.9612782696370032,0.8273260399352311,228.35414170137327,0.1800323192353595
25.13977033244784,83.32646606833117,1.4023531182003777,0.8623238657904093,222.32850908340225,0.3814361791203066
31.970509098865502,72.70019464316454,2.725463774139606,0.8711339025394305,204.26248414901798,0.10606574414494335
25.321487224955202,53.713799292375995,2.9035983218189427,1.1796385854901554,143.63210164091026,0.3160610603105541
26.555595774229747,77.3227599186481,1.1586706529386572,1.3294894888912792,238.81931984516427,0.14170836383440202
32.45087967165234,52.66845392867185,1.4879857045568103,1.42190264043535,298.893779163288,0.2909021990169256
31.094860586661007,79.27392278047576,1.860094828811497,1.9715985952484907,238.57004952492014,0.29877137343417765
33.88912774691849,45.066117568537166,1.5177311025449043,0.5251702637397708,244.36542076214056,0.7945366316786662
31.206580492204807,71.66586898573581,2.2529827767279325,1.382620676737325,242.89781224620407,0.7958504234430178
29.9563204466966,64.33143144902097,1.6358638987966936,1.0328608282283307,235.881866795296,0.09182902292848993
23.311446749593294,44.344051158794834,3.0825280339033014,1.024075455333368,257.2666386747238,0.5807750234626778
27.14802124283207,50.885222271647756,2.595274297171798,1.0140683615238366,235.81494724742663,0.04139638373528092
25.712833147544156,40.55818163247917,2.1062870153161075,0.927369098757608,207.49291321386897,0.024153612269750904
25.41585500730717,61.09455844590276,2.513493131659866,1.7053574503810354,188.16044359964985,0.08426711539597145
35.62214776653424,53.556936734200015,2.5529502121786543,1.4526891981041707,210.04105378877298,0.7723885256063472
27.503368145334647,66.92608679339915,1.7180262559708783,1.2069587935672124,232.56517985802662,0.752690838315758
34.488651772479585,53.37570134688777,1.5918913777290176,1.6053047257461,207.35668155508105,0.15514225622454436
30.83594076396168,53.49636001781431,2.0390715314848236,0.7462413104103374,232.5735473252572,0.1293378684429692
33.12735824958308,73.44369394292215,2.430818062248972,0.8007884606007221,237.5660053480167,0.19242806921275762
29.03691930347269,42.1664276190259,2.069530199326709,0.5466096803415936,253.32717725080727,0.41243759526011375
30.07665438476903,80.63027478363944,1.2115017589045014,0.9901756379630137,271.31179875355923,0.4557637056283279
28.895247713464094,78.35187434760317,1.5985877780245787,1.2485095580114258,223.1202967391543,0.17727474435155788
24.73340182917262,70.05121074518829,1.963013568202811,1.2308575733797003,167.68893739409356,0.6052982304719562
32.11432961366107,66.69497065483229,1.962167197837085,1.2448025733179642,206.19583612723238,0.24764253552212062
25.93081307417198,80.15361241628435,2.986271088394904,0.7766829506801753,221.76250269626397,0.7377050604235283
22.340423530040354,48.33985807879215,1.307006028800501,1.4409464227842066,146.5692497529164,0.5253781651653845
31.03661214270035,43.55361229858729,2.2527946209179373,1.2718882554716993,275.5465808040993,0.34908095544288936
24.479549511698686,50.77795764592921,2.744556554164145,1.4199162844397994,225.69511650041866,0.6319296013622764
35.166420180940804,75.75602254150857,3.135724872711398,0.6321713467229845,235.2541133832114,0.6543317008373318
35.35500007803623,41.56016200269175,1.7978012884080194,1.293447257639337,274.62105850105064,0.23238528448715493
34.80810146308628,66.22630757875703,2.2457147263601,0.8436704280247419,194.79428679430612,0.2717716350688675
27.182221803576223,84.79468822860895,2.2848801785993236,1.0808030242345914,242.9616772353612,0.7487641229828828
22.216392631404144,78.50632422268927,2.0977408657766454,1.360309469590915,215.60543507592257,0.13179283069061754
34.99645987622816,63.465056006961525,1.950577399380347,1.227328081876774,212.63652531936322,0.033720333570347365
27.9945780764424,42.863840917898905,2.2179876947500228,0.9445380060662043,189.11230448782482,0.3632442580876394
35.533167466611374,77.41180814735694,0.7338769573901573,1.2018819468553255,286.6241285474611,0.6409679201949032
35.49067967924954,66.95403286797448,2.341034745031316,0.740539405426907,204.97999839697715,0.6173344850485967
33.94213237654304,45.17198486768051,2.0630889518309834,1.5450802187694888,247.97856987582807,0.7356245031302661
26.1222844889742,44.22357781705103,1.8887625516108673,1.1384147941511247,144.99970450112255,0.4265605314952322
27.391368200426953,80.93320687464666,3.023431097859779,1.5355649832765979,267.1995411875915,0.08005173725322666
33.915913401236,70.11401183221352,1.662532990604724,1.0420404938711871,262.08844623828236,0.4709511794688129
26.436908072187887,77.317905969254,1.7984620054674847,1.042927203478025,223.8973644118921,0.6227164914825694
24.372898453605295,79.55405051270202,2.995776651102367,0.970743964008646,210.922301354483,0.07466249621586112
29.795217674416904,65.7297558421745,1.5839693475750716,1.4628521795079226,236.00000022454265,0.13812592087807182
35.106166838250935,63.28508582897686,1.7249423585317305,0.9871706528014572,311.5516264352116,0.009832528924536722
31.74441715344962,59.36923346444456,1.926487288284575,1.393378629724553,149.4705320438606,0.4749220635574483
29.980856381251108,54.26259645060037,2.4203672410647745,1.085264280699213,251.28109550296512,0.7093875135567236
23.36047091279076,59.55681823864203,2.1039012536766566,0.6072110100325141,183.5353079138439,0.5365306528016797
30.610101173788376,74.82458450785704,1.3536873264238687,1.0289057796640602,219.20326414801076,0.7856320700727857
35.86075390145969,67.08655439568092,1.7339157184364051,0.8462675356911455,210.08479523685347,0.05042692199980925
23.961176213311337,80.16354804796808,1.6963227833938943,1.2101708171047012,202.86726968808978,0.7224008681211971
29.256615133092314,59.952100647063446,1.9613894773884772,0.8428776792976529,219.58139483789083,0.6512546299093446
34.28322300699138,67.31903104234394,2.2129218293149147,1.4777925302143848,174.6331541888884,0.25139321639960394
32.370760648558864,68.4088398891395,2.209102877943986,1.1726772418940918,261.1672174451187,0.7788212414698015
31.758220373933753,66.62637230378465,1.111994122975799,1.1467212015723782,148.234259552056,0.23035019853713204
31.834777175819532,71.61851978884823,2.531970493780428,1.3967676413362748,241.5905805131337,0.7114437790625748
27.032876117076572,50.684506076866285,2.1262844229983116,1.4891720802227586,206.93856589861716,0.7045988616593516
26.11028581970291,63.05636998956058,2.692266023796953,1.1939703744691044,173.16300424770185,0.606126093282378
33.33105617669919,44.69011612637564,2.222099163645336,0.9686399101352128,228.0953348239478,0.4507763790502815
33.34158752550853,57.30300974401656,2.550661478867881,0.6678091151663611,157.7219565317409,0.09600219969351045
34.13901246012145,61.945018087956896,2.2332726557250635,0.9941850728894459,221.5885528687854,0.42557738759719865
34.7853677357906,69.35009167954627,2.673112878101374,1.0148363260056115,163.0849236875378,0.28543700452394766
29.15879358405313,82.77389736637916,2.2611253180088893,1.232117235897689,238.45088337271324,0.6337736265242815
29.021228125620794,67.02929799467601,1.951042376778548,1.096455935658592,183.02570665478498,0.6065033651974759
33.17613250553485,73.46172622794519,3.1362173602234407,1.4063798916154284,201.96023931882763,0.7284900058980842
31.09949503088871,62.781972677284124,2.444518561139946,1.0161050186187932,231.7579755177265,0.011864129945366298
31.82753628160785,68.53468141193491,2.2868722105022066,1.1828876499441174,189.09831552631056,0.6472825734584369
33.14109737210541,43.19194972601981,1.361847791730832,1.5551962329590667,217.6814400132679,0.7507696424997351
34.460074785445926,51.44762113788312,1.3558461912682311,1.3025475641864899,159.44677995020584,0.6314403592865201
26.7319321959215,56.28338919423124,2.1463577410709265,1.1819887374934306,245.23502414384623,0.10415556789629338
27.258161336959216,61.26220097529311,2.0727605988841202,1.019416667419447,290.5965522220308,0.0650232838727102
23.315747157772165,42.05419354760727,1.692938717495842,1.0100305809855068,331.68835471639846,0.01667619184616065
30.095921973946435,46.301084389899295,2.07049134980603,0.9448160241144157,223.64672586665756,0.5029961806624569
22.50319183315439,52.45664385060876,2.7943134640217977,1.03769794026513,251.52816563188748,0.5037381214879099
28.518372253854444,83.71897109054729,2.3477012372751496,1.4266997516232944,148.77497308370044,0.7895309713745698
29.597024885906073,54.91061531963729,1.429495745123631,1.1334335186123194,280.10937305222353,0.3184345392832766
26.011577529795982,61.69184761504371,1.9442455864285282,0.7950680791856306,251.04914018896426,0.2655250279179974
30.271665647966152,48.824397073227686,1.5975167595737196,1.730450787917935,200.64266220195069,0.499539941747514
22.427003499146693,67.48510319840958,1.8061500417957195,1.295989557343549,269.48723201156037,0.6604869380060752
22.522874642489,52.63074469821885,1.7931921671851787,0.7779169798460492,209.82095693418634,0.7494191596184016
33.516407849235215,49.3146660297292,1.7611772086979973,1.0674453218277529,201.67899267941775,0.6424993329432309
27.04266897975768,63.24576828006906,1.3724323140133026,1.2332659148485252,239.01339701709966,0.34133918449264383
23.778847177126387,40.24776096221893,1.936172659240905,1.711377627989213,177.46582000678725,0.5079313882496513
29.311405640767262,40.34488146921514,1.719696181576345,0.8675662625223393,260.8649905759979,0.6850394613728936
32.77990974338055,49.8580964095836,0.535275654998866,1.4928122158067838,177.76040752292627,0.39248775064939156
25.021494384955805,41.65246131253695,3.0264860122508317,1.6198459280917028,177.99780840707257,0.17334931496431416
30.720466661466006,44.861158935881114,2.544384827108336,1.0114037084776288,183.6124084636666,0.13577875179829837
23.19486450991275,55.248729220243824,1.811849637537502,1.1167459143419298,250.38000150064488,0.00012619566244538306
22.72354409636051,76.11635558109157,2.009409524870299,0.8891072257878689,195.3289855392117,0.5745903959850275
29.43896484195407,65.74218895161854,1.4141728263412192,1.1389616576759085,166.08016862531326,0.0888777670767924
29.568891702541492,63.07004766803874,2.847861438905433,1.1890230076971207,195.7728000025681,0.19507127975675234
30.92401862097489,53.20699704436547,2.948644347386556,1.3978949994247112,218.71830517278053,0.2383010652182347
32.16527867211726,81.92891737447674,2.0783468641232625,1.527055041306134,172.7611006534246,0.4483038881094147
35.661929112475484,57.86567685567363,2.511765322092672,0.9755711806135058,173.93275563862625,0.31836582183661544
29.228204876216736,43.919174505809714,2.0876433894669617,0.6098024807322017,304.4518533639834,0.5397391936185295
26.521390621177446,67.76799322530105,1.3316372805620347,1.1936265662171273,185.57738384744454,0.044510927462962174
33.13260672676185,45.122727706447066,1.7940883155181713,1.2880612589905922,207.07830524907973,0.09915135541155157
25.791651517669038,55.53504142607615,2.0659639833859784,1.2748253063055124,205.31051996802856,0.39936920282661337
28.145599889878905,62.833537242301404,1.772726140628278,1.1019980257472868,203.14572768918234,0.26957183027746384
23.098389338791723,79.34001361083291,1.890673361282482,1.2374256298991804,244.8538695987641,0.23665069020108778
22.354910407816405,62.209596115305345,1.9543002212454428,1.6546334425056743,257.925718018882,0.05362246323001818
35.47707780549095,71.60164447142489,1.9595607510672695,1.3145202506887528,207.76182273873633,0.7165753397984012
33.703721687170884,84.67675775495817,2.0261292452487414,1.0879894724990746,170.54086853630605,0.5534548689000406
31.74363888531177,45.91701039540917,1.4696974668016995,1.0499406548712011,270.97760911395613,0.09729452545571951
27.72534122179978,52.36291864837838,1.6414919254360318,1.1490442926966808,216.1863563521327,0.052036766189712494
24.42612048099184,57.75592340189409,1.3577078671500153,1.691021988549192,289.21287259428675,0.7798980267449944
24.190118597395205,58.98226803424741,2.4889077748431,1.1450097871421407,130.17656409739348,0.5449380403516039
25.503400574304337,58.495948386949564,0.9471765290798377,1.1940616966437876,227.81612885133282,0.3339648568749932
29.68917330588569,80.84249511504497,2.5767951716584627,1.055305928719109,296.74425335504833,0.5613848326046279
32.00434291780087,72.13146900100854,2.6931746986314216,1.5296950072325894,205.86943458247367,0.6050654291841273
31.242763274048237,67.35573463408167,1.8489097065086892,1.7879511764234024,210.98026306661455,0.6239697619110235
25.9190745572432,53.92177230382519,0.6984314560863507,1.3351839148294165,231.82046766361356,0.38230184452244614
35.36811392928472,77.07056728995826,1.8193447190163547,1.2248318711356276,197.64816724460172,0.3439062064998784
32.33055683374076,82.97772301682451,1.9679079193555904,1.2110348499522703,207.5171227178907,0.008822467415120272
29.76095673515961,76.9539227147602,1.4947008900355434,0.48470796336427624,206.48739623234388,0.7412456921134705
30.564090447280932,40.07042973361628,1.7423908030958786,1.4235452592854452,194.90317062294508,0.4826463027111545
27.87440087398906,68.63806165825332,2.7650975994316758,1.240249924798753,269.1542620080224,0.1625231497519745
25.468233853016205,42.301092164894534,2.3324635811508703,1.3285026151982176,238.4431212918574,0.7356827355371494
26.983617501117664,51.592324915017485,1.53771794281095,0.9865613417748885,230.02512928413208,0.7319455214162371
32.60984554650117,42.67861151564973,1.201200415202284,1.0846629363068725,252.34284027560466,0.7913473314928767
22.201508840816583,67.17079538272245,1.8364913411951145,1.0766925190490482,209.4257666718613,0.6992452505111831
23.625016967096826,70.89654610716731,1.8932716103247809,1.5064868952219115,189.03184726588398,0.7982275102560519
22.64403698830454,45.15194371296573,2.2480995936816583,1.086372049019072,195.8950278154177,0.19574895049861807
22.57020323246558,57.27274973702408,1.7323416437161705,1.8247980966329393,220.07132164418437,0.6737996681593873
33.9764481761541,60.53064290299939,2.255749787680931,1.3292587257045112,177.6315316650839,0.6584226470366117
31.85121003132033,56.60738597924124,2.967577020030115,0.8172952020012805,199.98955933653298,0.184752287376587
28.638433607222552,45.44612502183369,2.4077505112221314,1.161436112024413,199.35533432514262,0.07875003920079263
23.36967824911402,58.852650558436395,1.9759557463346138,1.0044974633530752,304.98224919316056,0.7835364109420797
28.882622251635652,73.80301215137882,1.9084247644733527,0.5416852590539927,109.04740240264333,0.2368196412164883
28.62860479092792,43.1953449039965,1.8216634329100643,1.6798412820341366,212.81521114377466,0.6967134323742449
24.42482617874021,43.60810063368565,2.590320456226072,1.4109427626660012,289.0277517125908,0.003301723739683116
28.073923089331622,55.96470813261929,1.6863432770243485,1.3599621953697938,224.87377856529815,0.016819845775681765
27.57906628156323,82.37765702285162,2.022611354499991,1.2496210980899112,250.13669893684371,0.3726970469570947
30.62190137273103,70.08576910253113,2.0255989509405428,0.7853947293922687,223.99305260399072,0.19097174714805087
30.891311112147015,70.54014805026542,1.749107903594234,1.054914858133369,193.30666475134078,0.5518730267487715
22.634256136808624,56.286399587703926,1.3137672260579496,1.4525342324352037,130.3233626196435,0.45245146045436346
27.244576604770597,66.71473560438423,2.161487251808834,0.8846339910652492,228.21822748145212,0.06198863796039316
30.76203881999931,40.45590328124845,1.9694980140723082,0.44046920512475585,188.97573581590436,0.13010263705257366
29.043907620121228,68.6243220884294,2.2501202347182847,1.131868197665722,187.98658375338783,0.3104394160467314
33.99085777663651,81.09791264093064,1.7331998467804166,1.1574727337917383,200.04050976083553,0.14848325116434655
31.22171084266523,67.56580607551686,2.610410649406524,1.2406690249244128,289.79445626493975,0.6337778777951429
24.281081979140016,79.31643670598552,1.5616131093940777,1.4185555930543607,316.1935016901589,0.33285618844262405
22.987962463606017,72.57878749597421,2.8560201420089464,1.3912817436693625,228.68831750113603,0.07474549347399942
30.99386989488842,45.42512873816606,1.1261817450858693,1.2776309415731764,201.4093110435309,0.3874743218176999
22.371158347582707,80.61039882786288,2.2173850322784454,1.5586594164260128,172.9109433019516,0.07267054484913134
30.200858137828487,42.98997299600987,2.2377153412633115,0.7443090657560056,238.74160646184276,0.10314984433585375
35.16322337994941,64.02853626464938,1.6022214660295588,1.351374544343217,291.31622400260574,0.19168786562256424
30.056638490262305,46.39617057070559,2.212196968930506,1.3879615090010826,210.10638451899374,0.6876221641979918
27.43437896689131,40.526797482890686,2.6397593348800794,0.8281313141759281,124.84015836987103,0.7396900258663776
31.006035058192943,58.99154170574376,0.8915905803229678,0.7491388173952832,246.80198687262094,0.6610061834656553
28.415540466881232,53.27683184443703,2.2513724037454073,0.9762173620573196,259.41598845800195,0.2672617739342778
29.63863505042309,61.87002222089214,0.7533645898349612,1.0015375672454123,156.5661743845661,0.21795715288706533
35.18050732287135,65.97399490305479,1.5171675982383959,1.4260258390507292,227.05936734651812,0.4393245526321914
27.40543692921084,41.96825825390263,2.8145831824504723,1.0156383648926715,238.04904064544394,0.5774825284264898
35.4566678935348,45.535148280568556,1.709108983303973,0.9430954445156388,217.07570791964247,0.7946982305281399
34.674908987384896,65.13890784026914,1.4130600177955137,1.0165098789916323,188.36916323658585,0.10525656950314098
24.74107588705015,55.44253089276962,1.901031135507659,1.5355897002462635,260.63748894254223,0.03943359921904355
22.971058212252316,72.81280693972516,3.033953169081776,1.2039130123130857,203.8648101612527,0.5554847111962168
23.410892019283974,69.35312418663729,1.084158876396987,1.1462246923929265,160.5925534920027,0.6657806268031244
22.255105559121695,78.05219633454581,1.4743450441803279,1.1669983503896846,138.02102057321275,0.6770790238931386
23.322201450582998,71.16217720011514,2.748715841589813,1.5876181002979568,270.4339807999724,0.5427708392617285
31.562094827828997,59.34689848255667,2.928851171768866,0.9752484820190275,244.66655905884474,0.7632126432953497
22.996641078443204,70.28349800774946,1.9482843878548581,1.5946524872820311,223.51894188516675,0.4088038108356695
26.46565882411266,52.39215284149383,1.3804736487366789,1.2631488896764511,202.38901452596787,0.73105183866897
33.82825435357236,53.78410744501957,3.0479217509045795,1.1518741854073957,198.8400634318749,0.7742497095932185
22.325807100301564,75.5043321964357,2.7972211958745983,1.9502701493802843,176.97053406233556,0.6777259656024862
33.4025587562451,60.0888782380712,2.3394734938811164,0.883308153060421,202.74177421760461,0.2478068506068965
25.9459668468276,75.92711532332586,1.59379882553129,1.093894272129898,135.19651139519303,0.15697252093623623
23.654307586703187,77.00900681507252,1.9754853295809816,0.8302706282507999,190.55745386125943,0.43849605198545477
31.75432031509811,78.59030519475778,1.9198199594775847,1.4857385911608507,207.56249934595624,0.36241180030415077
30.805199854918378,81.24858561285433,2.165425652307789,1.7067566800955036,244.39520188761676,0.7022066737541864
34.284608189378744,59.39433492309833,2.725500719065668,1.7009768344213916,218.40294146506545,0.08002533685372298
32.2909946132544,54.34900682445125,2.4397085205687015,1.5671846259438014,251.79692455502237,0.2061920490492149
33.24873302538788,66.19894359673512,1.4613119615076209,1.1407138596612103,273.9654042045372,0.6014391556149669
25.94848401599829,56.702759054693246,2.688248225009769,1.090427706753046,262.32680375296405,0.07598931598184971
24.48415361291612,67.04833750601048,2.1565660700065776,0.6986490682517804,238.82039389514227,0.2566115312173602
32.508606522972016,71.75136381897211,2.343532897929458,1.8107620605545378,220.47450716723137,0.30972431524318655
33.2956863497417,70.97822583214617,2.7332704296393016,1.3406934234445402,180.76847966345764,0.498075037250152
35.86707198800943,56.85487991590546,1.4442098752432244,1.052412928539155,249.59776205517267,0.12650611657549168
27.77664747675997,47.50870907644388,1.9820872106467686,1.5984170666960902,287.1898952888612,0.6884835922797676
27.208253201098962,59.37382023079934,1.7342727243203924,0.9081706449719997,233.68424158601673,0.3580337883730194
32.869781450387954,46.416736483685895,1.216070287317272,1.321986610266802,296.69036593704493,0.7336173695044452
26.77124956354225,80.05436658327137,2.17335498880246,1.1482112597127496,158.97713167755666,0.3742959309071453
35.03060255844991,55.56448573320358,3.2557782757922116,1.3916031419640902,173.83346460881836,0.2200322071525867
34.017778525802164,46.95068862504957,1.0799611277471235,1.1809279382441635,254.2080603099305,0.11346306295013991
28.00591638325026,41.14514919575879,1.983859694475265,0.7647216326666326,230.57160840613005,0.002996075769027851
32.512194949080964,69.06200738289179,2.3202714675373866,1.2226729118010113,272.5512870628723,0.42572598798786854
32.563600237185554,68.66060428546345,2.0615391008280906,1.5146592425626086,219.38113437093043,0.08572535754153875
23.443734163703056,55.327187496158125,1.9434359737421298,1.1912350782438044,185.28098309886673,0.3133822109049426
34.63574069351393,43.2270349981443,1.350391818277088,1.4325345364767257,211.4562703117983,0.4714174089896694
29.07353321427,58.43330027028544,2.1163933714700818,0.886341154297784,158.69264116305064,0.22054871752216024
33.57040452550838,54.004787277852714,1.6216180114920369,1.1921217620190443,174.85637307611862,0.1401794338928922
26.480694414428562,70.47042878807542,0.9050391475107233,1.0126468634734267,258.8977599167204,0.6197772980874734
34.5373251989468,67.26006622537106,2.5972961102568655,1.4240942520314128,254.9114965787844,0.7574329378252965
27.448823502278284,56.4067177688893,2.479192909921021,1.2094474686785988,234.52017139224307,0.08035233428957281
22.15172712072418,49.80516494147456,2.02583048842554,1.4070221029009837,151.15689916158124,0.12447225950800629
34.675347669869694,84.46161847700164,2.1145373441028514,1.5263131278473598,205.66385697948445,0.768010125802175
23.27801347500587,60.43007295382517,2.537159006357781,1.4074855725364164,171.00000445359797,0.030227377449797022
26.470390926265807,70.97234061011066,2.112169828389041,1.2819355302880933,267.0613301515106,0.7821058692403778
35.30086753871127,46.32488354102624,2.4520087773806574,0.9005363224465783,196.65111465749595,0.003715586467991017
35.308500057125784,61.851536484672906,1.851258899563075,1.1991641667999295,176.570091568738,0.6989349245210651
30.028130433726005,41.239152394125945,2.6559918692869733,1.04007287939525,221.19184660485698,0.24586014479019963
30.84572097037719,62.74548030597025,2.160392862966342,1.096780812988732,194.39382172661553,0.7508710865418373
28.27823730769648,83.38078332029662,2.097025971802937,1.0876397547749246,279.34975640814827,0.2535562309084684
26.1049508037729,57.28930208436101,1.364969455643984,0.9060223275653266,190.60756409863237,0.5234450572272448
26.601303635178823,41.75482056587102,2.143477927150854,0.612798423259803,164.03086963101475,0.06402605581274932
31.415258385078538,41.393010591370455,1.5840225412527744,0.9995570855016699,133.88345936969938,0.1938638491629912
32.53324341212752,57.45940419760913,1.680858636735753,1.2580138355772477,218.7685399034634,0.6189434771834006
33.08210661216188,47.20112214084373,1.5923121858419393,0.795546886371753,197.52279544568296,0.42294868294305576
33.05465399912376,41.050844334768364,1.4668825340503875,1.2047046709414873,162.84381573953092,0.7423752494296358
23.276885442681664,74.02961262775796,3.0623857015084806,1.7700805272932894,267.5690584502314,0.34300112667308347
28.92188426583614,60.63353539968508,2.665669530994202,1.5069169665756716,246.68980589716966,0.6958498926511385
22.80582264023302,53.01601473876946,2.9601837510721305,1.6930624527361586,218.87128484251082,0.35916434998259006
29.693404352532298,80.50374323574164,1.3885524902222182,1.3173383630798179,274.5730497668347,0.7833986229615882
28.18142701922728,45.22625320902365,2.035626874955446,1.5502529468959336,246.50144133594452,0.7678675051191015
34.427858558616194,83.01634730298937,1.3532461873979522,0.9828105808596638,187.0857639392627,0.26330936444486425
26.912810175729103,54.12850228198088,1.652152561401468,1.0066979198934047,178.43119344036936,0.7087389363334426
23.638938229986483,79.97816525389067,1.5409365082917126,0.3782579381587582,252.71926177815445,0.6780890993725195
24.001883548739702,67.13242944157577,2.619792003220781,1.5558436422126896,235.85467825869404,0.16854431786205026
32.66114884404461,77.20183118836694,1.80188516094912,1.6620971939459657,226.78991071882646,0.4994323206266158
30.655052886427654,84.28059234447089,2.5341896668470083,1.034046826395819,186.1400878852437,0.05814585247185189
23.415717465719062,52.97824470184356,2.302060444794259,1.1238144880808294,244.31790268023016,0.6693685764667694
23.177495285609965,83.25109684334168,3.1518193760523943,0.9738413658927115,189.78004467464203,0.13963670680279724
31.81356784042768,57.526685270608915,1.260277888430138,1.3147960654432473,215.92053381625288,0.056651761108611615
23.01868208909871,57.34803571316151,2.6296166198933992,1.5374797635909723,277.8777658554792,0.320175276431049
33.50604083006499,55.317419691452756,2.573220435200364,0.6771684078356877,193.56663056759416,0.4615377108797148
31.887391180190946,64.36334233064133,1.5133105809864826,1.3228315591926756,157.08042971708556,0.6839335668478168
23.138882928986597,46.93652694303192,2.50356666823658,1.1169984684842564,177.8981123251956,0.7793940204173893
23.187727997192688,64.9170168411105,2.1680724815131143,1.2340183175900068,259.7719530675049,0.35159401005589097
35.81295409901646,64.37671655845018,1.886261870023296,1.3376982005022873,230.18924549520838,0.04835753838821617
27.239791140585684,74.28558156721914,1.5880322565140002,1.1435392683681536,214.84490485244984,0.5992924632206965
27.188990058936472,77.51424828719135,1.640445274275407,1.1689239439782657,199.63624778753723,0.45213860497915
33.37919394160504,59.81986076405909,3.024906047892963,1.1358374497336083,239.4143963021276,0.35831307587557054
35.261480083374025,53.60499622081722,2.0003414094787413,1.4910948605364844,186.03580596039106,0.24741510303375175
35.80401489352019,51.67007037926925,2.3910650007657295,1.3256279880382489,232.22662274570385,0.40191882227482856
32.54729459362518,48.75807265171924,1.6045503091662234,1.2661750613212082,190.74981724748173,0.27094368356562476
27.26763419743282,42.59414119895612,1.6100735268891806,0.8187144836723151,184.09362458899784,0.6056094941978882
23.169010033781362,55.410159047562104,2.540992404624971,1.0864260770360537,194.50050260699953,0.43511495719411286
32.880056822984116,52.16114614588525,1.325211894224234,1.4696007481017523,204.98370214064153,0.7014782193232896
29.81765949630127,83.48878236398832,1.7923931160473643,1.2113089719371768,218.04680656265188,0.4348351317195537
27.93910812945767,65.09689718125198,2.017013705536116,1.3978594408767415,229.4182318044446,0.19060993067194404
34.6889613913263,55.62746675637284,2.0556863009200264,1.7299535400982902,72.46538834286224,0.6808735057857156
23.556764752286117,66.12104204471632,1.9104533574919218,1.511581820762645,187.6939776901294,0.4457752359440352
28.89675146007203,46.2638515605563,2.1979098905479617,1.2279475013099226,204.33720090575844,0.165472830514849
22.158951026743868,59.98196871409913,2.346427877908906,1.0467032489412817,280.2024815443332,0.49880624796497774
28.561248987917768,68.18054446394787,2.367318772729665,0.4339351211832305,176.7998956647147,0.286173411953942
22.78824585954572,62.000402430660316,1.5070980956660867,1.149484523258144,226.5118647239965,0.6755244898336527
23.663450827753007,58.08004602944459,1.8579224510356014,1.1021962512549452,279.8012123894335,0.3626397909172343
23.64536745487947,84.72317750048641,2.597381430938469,1.3171098583186127,167.4812588021091,0.5811530864859334
31.08894422962489,79.61416429670172,2.447323593786936,1.1538284319075938,235.75900903457608,0.07642896610898973
32.444628309715924,68.05326811717481,1.313570274259468,1.1038844821689617,187.90912664261919,0.31681947704187696
30.167162711360234,65.62198125320273,2.175739950176101,0.6661803208478337,199.81465030843063,0.786593149177919
35.47041567864359,67.92972159210629,1.0108873753125949,0.91800965125498,187.8755666418674,0.6467682315817187
27.248188113331857,49.05904485200949,2.023467451030185,1.3429953122401672,190.72570766336457,0.1279526418935429
25.99996920794605,57.78119844689434,2.9488835083729885,1.7147722893398083,328.87648591625975,0.22221123958180408
34.16038779465244,41.77567898009047,1.5260536413655068,1.170742384876313,253.77823488286663,0.2638526470850889
25.13034173927234,61.3995716869072,1.582838477254209,1.298343322072237,264.0695144714484,0.5202924483963566
35.48511555216856,64.43610627809484,2.38201489078643,1.4857434470858415,239.67973947345985,0.6055958075917245
22.170162645657427,50.24873812464443,1.228599242395177,0.956731819139925,155.74972846392168,0.5996212870463279
35.57830357390695,83.38129812244811,1.6836224850574806,1.3100442129856327,235.79831881293228,0.40789924504512226
22.604238767308065,80.9254574921759,2.2982205687908763,0.9778529681003524,262.91718458029385,0.648656430270521
34.476003591772994,72.49644559551577,1.6828570761552983,1.4594473315473033,185.86402103843554,0.34966246620598007
29.387815527208197,64.00239829444132,1.8820150063945142,1.2454209143855197,258.61306668644505,0.09910445223644954
35.90150714567021,79.14861218414583,2.372092855157517,1.2895355441944318,248.17344839416316,0.4515534733230506
23.033151906295583,45.879355472055835,2.2107730417682805,0.9652204207744233,294.0816017925468,0.7618411076808854
29.753959981618493,75.57294074236982,2.133409198147701,1.4121097078832354,203.28867949945524,0.6343949211140091
35.57023549866739,45.61693662850817,1.8304388603649806,1.8254138763693049,176.09556070897094,0.4629605181537939
29.323369818382083,75.73947981472324,2.1850305576344775,0.8976264913715382,205.53487562509818,0.5174445282792776
30.811580933893676,52.40954057131106,1.9381336599501218,1.0980722977057429,277.4228397265449,0.7444496216284582
31.74048164578464,79.4690761458185,2.2289028049628925,1.2694822422504275,146.86376476632148,0.3426742355479684
28.363574906748823,82.4818942221429,1.751533987441011,1.435921863598745,137.26497138275872,0.2651153111541099
30.785813121176886,46.6958186232302,1.9087155128102293,1.0321361144131593,223.57581115726452,0.7817932520003592
30.180400366923404,60.82040222794271,1.5050211037239931,0.350090912957178,202.29642828903377,0.6907545068082668
34.61621214687385,84.14443201732084,1.982496194996882,1.6077568482492075,220.30911572702738,0.25843486769488194
22.63624932478041,61.7533346187916,1.5944995681855776,1.4281518358752427,257.8124708494346,0.37102447788873827
25.933484654291224,78.85963851315452,1.4429767749190034,0.6771157408540005,197.8972261552459,0.33206250320623926
35.305760777071825,66.4929184959094,2.129330573927694,1.0177293624661332,145.0797667627752,0.11927654293714714
34.46369297447283,56.88984585638208,2.10636988792883,1.6704547288581977,301.77926228799777,0.7662554590506073
28.379194538999982,52.86025999866416,2.3914368674742863,1.6343389255373597,180.11086850244897,0.32344994497580704
30.681856369221514,49.14503909887392,1.7844372152124506,1.4815920068036834,177.63851511951611,0.7002632661103264
25.88333656173586,74.28091861199638,2.204026423418378,1.147166269812041,264.14880054890386,0.15148498214453207
24.633696236132657,57.394322807036254,2.2753987861368317,1.224896225643753,204.6204351583393,0.43829664850977584
28.491777669159752,63.0073957990338,2.2223869039157975,1.160722258462162,217.46440591860758,0.019169108099415855
26.94693119236474,62.154646600053184,1.587173158598929,1.5384719349806513,239.31160496241273,0.6113763870738469
30.17118556591221,65.9775563154909,2.0746817411355947,0.9372472780514669,263.3433241243998,0.4647311185970227
23.08828491750979,78.95097155310485,2.182070148027331,0.9582601035347386,206.66157227272913,0.5004716667758021
35.64152730732633,84.13327046125431,2.003589233453971,1.5030823760508047,280.798080236572,0.04137670604372277
35.806950422714436,58.34128938582177,0.9567611708144577,1.1866915633465314,134.56800605060778,0.16883066416689232
31.77426399627643,77.23835149478364,2.08024481198674,1.6135402066361424,250.39148947812308,0.059464697882864126
29.505349128817684,74.4037507594623,3.106265519698621,0.9985463379058362,186.4188976792937,0.23113145264304943
26.33338662800859,65.8088028155008,1.8199803656215086,1.1835664918983524,274.89085266431965,0.5019512061457209
33.39313027589728,83.02212146253699,1.6359614510723395,0.923276104546814,225.6817791532218,0.4529487874539002
31.58623641575431,49.02135319877813,2.186674279855699,1.20220880442707,193.08378671962393,0.4897198572907122
24.276637150828478,44.91688946393296,2.156189105233286,0.7564359189003602,246.5136437208653,0.4394010171023155
34.75298058291379,78.42828851299399,2.5963675827082073,1.0537099737135112,255.72753388829005,0.2184230365406875
33.515521400924364,59.76174174851867,1.371065922045556,0.7691238405215646,245.67576491434554,0.1956059978755402
35.29719878608694,78.11359843931771,2.3656901262874963,1.4081769699573774,178.81215041467757,0.10964774682926502
32.16007311743704,80.18905923379367,2.295211030625732,1.4149768019278954,200.6393150551166,0.6792566999227937
30.587812743101058,42.81059171285821,1.928926731529727,0.6809211808546964,219.8370865151426,0.4931834868329956
27.855402508068664,79.75591433437273,2.169343658960845,1.6001657236501718,218.34961389399757,0.14920881000324782
35.05819876695618,60.174357491623994,2.5147287407991787,1.949224537925956,249.9898190175339,0.14176750385699163
34.124894453005716,62.96946200519045,2.436157690014225,1.2138019160209021,139.40395069973567,0.6984284812209094
22.63306138148665,68.19666299919446,1.4284903439631358,1.0076657219326066,233.37308218214014,0.5941846910106555
22.36913764296153,81.6872173028539,2.410079093377742,2.0472991773009137,208.40074582253442,0.5275192639242972
27.270487136292694,40.86022424933938,1.9676556974837407,0.8043094505092467,186.45997534464192,0.32549128603143984
33.347746630945664,61.45795607430177,2.0364370490077577,1.2060319400607296,190.30052888921603,0.20958045142281403
35.82186581040922,70.94749190937523,2.036598495500847,1.253886681789577,211.41849341928145,0.783560610490259
24.105836475449394,72.52181309642029,1.92487850560087,1.6035442861357243,75.95659582161929,0.6377916600182402
30.317830014929893,71.16395941916986,2.5958537485535325,1.3079216925380366,191.948417168338,0.24142337850902118
27.3324719928343,46.04958082336548,1.958141020075394,1.0504098312634644,184.96740701414825,0.6780518370227958
35.57880156940445,53.47280147672566,1.4402269358084157,0.914644688883613,241.31132837290497,0.6071455588917453
33.78966492389992,56.14219864376561,1.8032350720151356,1.0974534539261593,187.77893269957917,0.23766443990239872
33.73660186595593,76.19967434557773,2.089347358405238,0.8979217917164568,211.3954479931804,0.34124228339331175
28.561704237129582,52.54419425865488,2.614607392148525,1.2143475959354049,281.6910651064521,0.14876275631282132
27.807473032727312,49.48172337402414,2.3015473424744166,1.030741146041854,259.7740607926169,0.08884195550248748
25.82769900702989,83.08516085671432,1.574732360626478,0.7517886620130747,256.0908559977381,0.5782096262717574
22.78925695311298,40.3988478301061,3.2425949583394456,1.576543736512471,200.00510278356592,0.21400948588309332
34.10611326757075,84.90193850568902,2.13238765548899,1.050698242971288,241.7212911715861,0.6560474925970029
33.38061412782109,70.45695844858281,2.6376953689995073,0.8195589585074061,210.64408798185625,0.7964869692115409
35.99604742600583,77.28111847521026,1.9241427832113853,1.1495222596537376,212.1562715729225,0.06129585114371894
35.95291571903468,53.257872835578695,2.266679622352725,1.2205114697902977,236.387413749862,0.37842810006696026
29.776043878436784,40.6441874950177,2.4197342522592025,0.6760599823262899,196.12025646316272,0.6416500474486425
32.765823812527145,73.20412833526885,2.609097355877128,1.2994943001377288,279.72012417772817,0.6311607172329868
35.22672021835399,77.53650686503042,2.5286841526891126,0.8858527293929206,213.59479441608252,0.6079977266647748
33.89506346948376,73.32142593790836,2.436098500036489,1.7133086427572364,244.7344226503866,0.27919594824152877
25.46287342440477,46.428262928537734,1.8424566344029456,1.3571881536230204,278.2240191702919,0.36308260454804187
28.30761789434131,73.90425650156361,1.7141269790219693,1.080030002967205,261.266150983007,0.4759746858731762
23.80823181212093,74.60152519484384,2.1663037551620987,0.9764496689047948,163.643235892379,0.7791524668586058
35.35671438162211,69.63432320515247,2.4665640361705345,1.1685096877309127,237.79583580039537,0.26203781675079435
30.48644488231232,74.47521697580137,1.8886396496116964,1.3838372224749869,254.02877577842588,0.7385151101734863
25.200999277048478,78.06646478549794,2.532585982857193,1.19235176142444,255.67452088642995,0.2154855345443953
31.403809581681994,67.61218514068563,2.7263083727430897,1.134852357858943,175.46820663541476,0.7912595723789637
30.65379536641054,43.987212128635555,1.54183954046329,1.2175110872453687,193.71859051930704,0.5362109494620734
27.014278052459765,61.94325143502449,1.58153964810186,1.0188423206289134,259.78232942966486,0.3708091842868408
23.589806290794805,43.494220060222226,1.9298124705473318,1.0970382219470887,189.52958517269417,0.4907123424508839
31.402024738299197,58.33943639645939,2.153806334094598,0.5742622683284988,208.01215773342744,0.21802493523216546
29.284307812653104,58.319792010653245,1.7377164931164746,1.4921178692557102,283.03503238007875,0.2193390860091733
32.812457484298946,42.97044298631087,2.676101339433572,1.2896393340965284,218.0880299846084,0.09084363507479508
29.28228901556791,55.69692402862657,2.2120334307592255,0.9679632467899709,190.9290344866463,0.09124023816431902
33.93054100445956,44.99491444560917,2.0197235241203697,1.7696204944065714,184.8953057254838,0.2781373931751291
29.726695742842796,76.370584450415,1.2820452380657361,1.2261049441177159,233.3087731834075,0.6102843823170974
29.853131601495406,82.64596116840119,1.3420920917862464,0.889156928407441,166.67407966091164,0.48637693407853
34.27315043721683,43.254241386607234,2.140504625140903,1.4570212264411375,210.10656144414327,0.08206764826481666
27.648760126973556,82.98018432812657,0.9337021869225819,1.3194144649527786,233.32922139960087,0.6817892199807288
23.87621319830897,63.515946970153536,2.5063187048220357,1.3183739956452658,271.9659928219067,0.4810941015920531
22.402957468386745,53.480455507924326,1.9209230778138398,1.0722733186045228,246.70192321479982,0.7686844614278239
32.571921579430665,43.458793387427356,3.6215464847973666,1.3351487171334104,191.43739528071285,0.5361483739289661
30.684333718948505,62.5280920631688,3.1539581253080553,1.1214725129336716,267.1367727025488,0.1401398909633448
31.85711675338913,75.75319950208369,1.9092754653762416,1.3667824354937526,208.01939849810088,0.3790266898462578
24.98149826112475,71.81889147700142,1.9468314987343425,0.6285166637968084,170.57187911802365,0.5187980780377633
23.909200658214775,42.26017051587882,2.497790757001015,1.0698379611062432,213.1183456293811,0.022611760839982155
22.203625319350348,43.28058259155566,2.851586304959019,1.7166465293424582,277.5267680458281,0.011928211323846317
26.90822582329236,58.12929771846867,1.1809854712819916,0.9698797633799098,226.609602002597,0.10352240047885433
30.25884761596486,53.28807223215745,1.1068122673226566,1.018848510752044,220.50087457319145,0.20133154803637662
27.491416631396252,50.45729453752215,1.6889825972228092,1.0656115984650074,285.4884657881141,0.34363929881654043
28.124648908332205,52.645202450892114,2.2913687915869323,0.8355581592334069,162.74580611782292,0.38995237900783075
34.65822172291248,76.1567234483598,2.2484367952537987,0.5375157671315244,168.57603543788912,0.11042208715031743
26.875576538326204,81.81526241343343,2.534885727491925,1.1308240804429162,155.3661411613267,0.5387132632926647
29.19585284823735,58.22962125374049,1.4001512358173458,1.240757827224497,234.9059274592022,0.4769104493572279
32.971142178376,80.77499509596237,0.8419280685155617,1.1842484794384043,226.659725084605,0.23557127907292819
27.551598952497784,54.46730655615469,2.4290070976510725,1.156536431415634,281.709454691191,0.010927906748233608
30.70921380319023,61.43966438547062,1.5859018635173827,1.2129122612551162,229.7390030854708,0.062118332282632596
34.07309192245443,50.171304901719985,0.990756067805681,1.5068524414652291,203.8337136208279,0.31335582040867155
35.293288731206985,68.82142189791298,2.072531872979691,1.142866144221235,220.0717949151243,0.12317948093254714
24.05902873300653,84.05415018286641,2.3965878441093387,1.0277752268738192,224.70829673843832,0.3014556849183767
34.97222675226092,67.15718932195205,1.9389714339393613,1.115662354533574,153.12954906687332,0.5025460836082841
28.889628103113534,56.1016337851097,1.7710758069087553,1.3738040279270327,328.4132657733957,0.4377899423034268
25.615421436185418,69.15178506957378,1.9203188839270466,1.6236080635629748,240.79484072407647,0.1849407065099154
28.427900587335657,45.531430530942444,1.8147086187996087,1.0115568782492466,228.40033232090357,0.27505799300700196
35.72045605399668,79.98965861194293,1.3259764440299164,1.2296801361086651,244.60655937114322,0.4912249587589205
28.896653315900174,62.638777785092635,1.6426596615047842,1.301507232580788,248.3764392234642,0.688684022434759
26.602522544025113,60.2207383917839,2.2606399525069074,0.9022265979813531,214.37786057990274,0.6025707509911018
30.86761196043416,66.36391548040837,2.16083927068825,1.2061251501638754,194.75035455037198,0.44272002146673195
25.362038662894705,68.1152738255231,2.08402990298341,0.7602978427973714,243.97802745286816,0.289834398653189
23.062086593521293,43.229911280193086,1.5024257590733103,0.6692849088781804,235.4284336212581,0.29204102203344434
23.804316106749088,70.7177749550531,1.9092484189321663,1.310023922367677,187.60439603642368,0.7035338482115169
23.792641745408815,50.88692561419883,0.9114674767785726,1.084837577600765,276.76142445469054,0.03139486083243712
24.126637709172122,72.12786846279654,2.089238331942695,1.2606841222863656,231.73408145291933,0.7903861155362089
23.94358041709174,77.01406574728885,2.714428853906784,1.1946315068974949,249.19277449070523,0.5315003286812499
30.972246427245004,76.17813283986342,1.2629339339789472,0.9070799854008608,275.67683550719676,0.5449101592579124
24.546321181588027,64.86254353335501,1.7070361633411224,1.186423709410699,220.8755528465934,0.030398269843793724
26.839341966534086,63.40764515398381,2.164553389355065,0.8300696084955435,232.67808027936462,0.48442341991301774
34.55503773868416,46.42941826027353,2.626421317213742,1.61729170740042,252.40108954024464,0.3878224480723576
28.63546296368021,74.8905767681411,1.7758876918499253,0.7932088965420108,191.0055566479979,0.0846231255152536
31.34580833929438,52.213422120102145,1.6538748353670518,1.1412644187094256,222.16206651384005,0.22233760861548726
24.412478196822818,62.351294026807594,1.0155384287919584,0.8873185235858254,225.02194346604594,0.712251564970921
24.69204626332139,52.792334181738255,2.051719064654053,1.3711263520082386,181.75765793266422,0.43999073269276234
22.572160627730703,46.02227633498619,3.021038020071872,1.100570588615549,312.70547154695515,0.330733260139127
24.365090883010303,68.33009636012815,2.138679230982338,1.0443999841136369,163.7082622603039,0.05814572467264876
25.90026474644742,42.444941567030675,1.9888605104081434,1.4559604635154662,168.07584385251369,0.5712972219218445
24.478146779874457,73.689035535679,2.1610411553834927,1.2088291775032656,272.56906302814315,0.5622806587168261
23.24183547259878,54.291405786750246,1.994453998025699,1.35499333378079,248.53065003186168,0.49123488557805084
23.68890219540841,40.00606118520184,1.5934928138699351,0.9056022190447606,178.96140730076888,0.4082101169765194
28.450902752458163,63.00081126567534,2.4116399578388528,0.7785549168217478,244.2915606040677,0.3470275217658982
24.888672057681095,42.10833588374214,2.112880761555877,1.23216238861204,278.7140177998924,0.47461687439039385
27.099778054673056,52.42763010194048,2.0088066259668285,1.1043460933515805,218.78947769612057,0.18671636138272538
29.047841791967997,71.81394193550723,1.512316986360875,1.3879304017361833,323.9529160029833,0.7530072513421182
31.665527600811114,42.821032972983964,2.6517539659673797,1.176027464201235,151.0375275652786,0.4710356233441837
22.550369957775384,77.77023215602011,2.332351372666555,1.2615226017703889,247.75293815436407,0.24895395548350124
33.1917455847266,40.17189651963624,1.723539581316349,0.712985241017627,266.66113344884013,0.35974388070812585
30.79060545287271,51.1070741140856,2.5009124268409684,1.7665310818842768,255.65375606420986,0.6445478311015139
23.144626447284207,73.34068252684321,1.7512145808073964,1.1507274044903903,211.82577093417407,0.12929284858423795
34.23010073749488,54.232156737818805,1.6089982537444816,1.4092760911017597,208.38234071955404,0.23426849796820834
34.892213607445385,44.585157462970606,1.6201484412598566,0.949172498934112,237.76580684349028,0.5436064181892444
22.855091437968092,56.21052634601925,1.1144657234559543,1.2924029706652023,252.63017946608278,0.25239136518577915
25.87628707406085,52.167697887303646,2.235771190209103,0.8091465709425764,244.09893745129455,0.6340013454891729
33.28681791710286,77.92203559722498,1.084427560830825,1.3356203514779013,261.60231563173556,0.10436278974188867
32.475635665371215,54.10065629133144,1.3857780843671188,1.0932077746842501,179.2452017173306,0.6101489363636868
24.58329427098928,75.50196122992033,0.9622059954607334,1.2087571511806703,210.8891608350546,0.054681371880452995
24.930890526713945,80.13424651648306,1.9569651536045534,1.4093922090390292,182.39936271504985,0.01007409013399583
27.186609439079348,59.52178388094383,1.924839769864064,0.8302379066339158,204.55548895655434,0.7185788150657297
28.7833217926743,80.94744147344764,1.836651893406818,0.9946524808161609,260.60883567257224,0.46507137354583894
30.655566801424143,56.979312428343675,1.4787111526647119,1.3371972843260296,224.31935682900917,0.2814615176694492
27.164790953976812,83.38352874205486,1.41388312328168,1.8294664423640241,324.2743665259908,0.18607570957108033
28.475486025864072,44.018028603650784,2.232184931773287,1.1585752996015555,227.73625468758868,0.4935086266086529
32.46459313387259,70.91586699264593,1.7247240341457561,1.3773408353771797,222.38767522318946,0.4072017468293906
22.51356484046837,62.22163182056179,2.1581791607680723,1.167908559042456,224.24731677760866,0.7932782204239882
25.53411722081629,57.444196245504116,1.5573756569378887,1.7826736784268897,194.48765228560256,0.7865727893229967
31.986894202383734,68.47203454368704,2.0905313713855413,0.6758334999104233,217.68653550489626,0.5080196529132878
34.53289572762079,71.67356912354491,2.651639018658032,1.2283863134008073,265.11152108446583,0.3542964048847124
29.163484189619325,40.19634713426391,2.2930829001963917,0.7123367899313817,224.5588267251109,0.3929127753077297
29.44958879371442,47.512888993623946,1.7937930908917599,0.44802852883898503,188.26161080466113,0.5459832529894896
23.500408158756866,72.08707227854434,2.1285994851779635,1.2892386159353448,182.99661518085458,0.08125963538830511
28.263773135528364,69.9873436110193,1.8796674127348936,1.2418493388442375,201.99192433336626,0.26268165904857455
29.456641730370325,83.47213773079048,2.003940092347364,1.1145489186773396,222.9545373764352,0.060217792802883086
25.394587050886216,74.24670056128524,1.8371944739257482,1.168141772988074,267.7434614190505,0.05868860761353565
25.769405233291334,82.7847718479102,1.9178323970573043,2.1294898302213774,166.3804543453425,0.156671393515387
27.281978283464717,71.61432256906632,2.1060466765370878,1.1225474585905697,207.20694888444976,0.38820260367458154
22.28099676888817,53.41234938877494,1.5033206502090246,1.3530373083750225,225.77240077740316,0.6278194569302316
26.509108318164497,44.74142150128854,1.4920605865050107,1.0051905541158357,146.6517692948226,0.38839671293269806
24.960272097951623,75.1820738505221,1.3057287230843944,1.288569772512181,186.65606868134375,0.2683812884486958
26.584962930490804,68.98671496641622,1.199864447748145,1.1285298974833147,192.80445841055254,0.06588239226940651
23.67666984546952,42.16837055769833,1.3913586538897604,1.076844455181081,188.16118504598006,0.4402364185465037
34.46738193035853,56.202270965544024,2.0797312534020644,1.7456695596600973,227.6755818008659,0.21701486918654142
30.31029434975668,83.05599169679289,1.553606242254058,1.5531554889553016,213.5776156199281,0.49194734233371795
31.507432468022856,62.51805155695905,2.2568072321155483,1.2410239942197692,197.78855589595855,0.7817501913059347
33.04839734050274,59.47281112088671,2.017356874376281,0.5087364192168099,237.11850506210538,0.08905145718204013
28.978190785006802,60.59648223216823,1.0157478932809731,1.0916972330242292,288.92298870585,0.16970031897755194
23.21688403322393,49.399722580232364,2.327487792110845,2.0109082693215248,285.5702606696701,0.37847563047949984
29.51949158545967,56.591822688915784,2.405399322795855,1.1308015000080875,143.08912911750656,0.7748910522767436
30.215775652292308,56.64159651942295,1.5030686625825733,1.5309652716160973,243.08288735340557,0.6174478210159965
32.43615263858062,42.35597590843626,2.210095771447496,1.6325827205857801,212.87906839744647,0.7185833545302641
28.043233647215512,74.54054328330632,1.5717508812954004,1.2656891747567924,226.20621371461425,0.26697187878063433
23.78612423913789,58.74269943567455,2.048835188374168,0.9474535104395543,204.06867865829807,0.7936307790228757
25.972862681182143,76.99809490673906,1.3677507965225173,0.46940630046513343,224.7035451954881,0.08226625285132592
27.08315214958089,78.2656600503953,1.1034467737327116,1.4052489625826863,226.05629584288076,0.04237832483688067
31.042841378642418,49.53973246143961,1.8085914051935157,0.9555731991529355,196.84192970604306,0.6844821016432225
29.990896265364768,69.58090669765579,1.938135526862582,1.2528451355663075,184.14529808699277,0.7418118961655891
26.98535416256985,61.252681187334176,1.801160153192698,0.8250538981231907,202.05217269522063,0.07246828603688141
35.81121348310172,79.60705320646683,1.4079847208887202,1.1204287378589393,229.3703705782706,0.0907419413966732
30.48084747099642,49.70833056294043,1.8000504689344314,1.210115716470316,243.95985366737057,0.026539326204619053
25.321175084303924,70.50159401395199,2.134647376290367,1.2805780743132893,254.13395909360588,0.08360605011417928
23.424954616685653,67.34884550137252,1.9775534849387315,0.8655533437942757,200.2323990773235,0.1675358534402247
24.14002794858065,53.28856649073248,2.0912505152996066,1.5590732846284057,231.35378269210946,0.7760612951280008
25.443408197383114,46.147040664302764,1.6649423997728836,1.0209315645804087,258.50010367813195,0.5342881777917444
24.24953922563378,69.32378922147744,2.58585895735808,0.6976591618640264,266.6237958057651,0.6228424204148337
24.611938336718282,73.23688561595489,1.4119133317226096,1.1672929740109608,217.64668583473912,0.6209115229532177
25.99133236171386,54.20323046935075,2.2437801485433595,1.210312592707938,211.16273100241548,0.4280589998233717
24.427230334126566,69.01746718100412,2.590945546479981,1.248176829951528,227.64496935345568,0.6379911821704138
34.55471594476995,57.78089084251765,2.2404540463744476,1.6086397211055237,174.01170108410378,0.47664602591197575
23.12327243926299,72.0943097477178,1.898737886467585,1.1290653489792422,212.25561955857967,0.2516368780826861
29.343159453983567,48.96468737023239,1.7358514766685105,1.1641141126893686,249.7834559389252,0.4488880870147206
27.74555557785526,80.05967511862784,2.518043825523128,0.869044685630072,245.67788517774804,0.42680686890761077
35.75330063672049,52.93343184095109,1.2885125373691635,1.446166050866369,209.18929582544445,0.6587624430074566
23.568544630352733,56.55036944902688,1.5149378698101783,1.2552927192234309,228.70872804348667,0.7853817739053273
27.569978386640383,42.61413784361574,1.8012211172541392,1.0739916818117512,187.0139863883725,0.32883405233674445
35.57258606585516,45.018049554457434,2.618826878755999,0.6285975919603609,248.139685929001,0.6107125427530877
34.11709976251572,63.213785622054765,2.189883818020448,1.633323658516526,216.88714255454107,0.07981040323050684
33.43900899328992,52.041670452758716,1.5159771207448773,0.8316960106631828,208.96194193215447,0.6214650955586309
25.610639578629158,77.59661015839875,1.8448461473075481,1.0226165971890882,205.53104655626453,0.2971335295945857
24.392426223460923,40.66120248947292,1.6928384279518527,1.3075033533228009,217.48424532400568,0.031512130311749334
31.361005078942036,57.059232190237125,1.6451055038832325,0.841032621414994,202.08489420272167,0.2905969428497418
35.0112638477862,55.18054960460917,2.4894447792783896,0.7519470665240569,246.32572144010254,0.48851420073731583
29.794680502195018,40.86974339129205,1.3141284353682472,0.5628157251898005,204.18865807935276,0.09540013414517326
30.002577652578598,45.59657795502296,2.8043904278671867,1.4162990858716906,283.71856384109526,0.7392275939442037
25.91970731124398,58.61392037133859,2.4141148450923113,1.0364441265821034,278.60842013925526,0.062137930618270866
32.77290106468712,62.1789063001351,2.545430835301849,2.0781810277419988,184.33826040581982,0.744005375866533
24.61861247980533,58.19303862646911,1.768530243987371,0.9016934803107379,222.78817077717122,0.5657100143485492
26.531509309659413,63.89219552854422,1.9250296404604452,0.9235646929713236,193.9737351465522,0.2637697403313629
27.956110140629836,66.78092537075567,1.283424092737644,1.0303821089143794,206.93409747245553,0.3126002781672746
29.106545301582372,40.446571950752606,1.7376687964665984,1.2729403965415467,300.0970987057919,0.5926474917861954
25.393736253811124,60.88428217540768,2.2468274238215753,1.0589389983644066,207.69714331536804,0.4811768807049659
23.60771554634885,83.35746583994148,2.648031530890698,1.3836996642007535,234.40904148309716,0.5373143371639562
30.548680594182855,63.35645260582969,1.4464215915987741,0.9064234830034037,241.65285176033115,0.311331693210784
26.04082774536358,70.48940203565289,1.817247031507367,0.7855224844609257,179.9748251006704,0.3902507854460792
30.13733509991657,54.033873606259746,1.9243503898837389,0.6605355781772677,185.7961810236318,0.7918939872303148
24.161078013838832,74.82961201687431,1.3021053989037574,0.5329277496188409,171.75910514367524,0.17113829639977418
28.735961425967446,74.78146668442517,2.2956746208792,1.044579294157483,184.56117064408892,0.33428494921770513
29.456252055722203,63.45832214443625,1.6380048341286955,1.1097059062820334,105.99879562731272,0.23345855005917385
22.725529515513976,83.92062204756462,1.902304824411488,1.010568891755045,241.78329603174512,0.6120892083518799
26.71245989471489,45.649759664319404,1.7740253140440612,1.5730217391561485,302.1677536502428,0.6112101005325766
23.88180547714564,40.76264492003114,1.6053307471401628,1.5684090628824405,225.91282956146108,0.2339563687979167
22.887249586618747,74.65711952906932,1.9964775072597227,1.0995591037666494,163.3492456263757,0.06511225330638633
35.85944325345923,76.32199918141971,1.8921952107159887,0.661823666042411,194.28894468400208,0.009146141337763236
26.512953829646122,45.40932531042593,1.8140710588606672,1.029988467583484,201.6449261990001,0.3419604265939884
33.33824224196489,51.951227483137274,1.6357691891598285,1.0200535818248815,179.29660891146497,0.32827007546861675
25.564969166692695,40.7898563514983,2.159762335391478,1.0028595113165826,254.40730553580627,0.7907119029118904
31.54103811113501,53.19888748512541,2.8268086342461425,0.9906843288305265,252.41040177501336,0.3758416605581437
32.643190038455614,74.79138432634022,2.0699436164195637,1.0039611312825578,173.78192824729362,0.2051346956603365
30.33894236850982,63.30822374706605,2.4980591074555645,1.084037515230672,249.0032417779003,0.712983552825174
28.602066639702215,55.66430169257296,1.3048890374232687,1.009337670355333,281.07250654309064,0.3928543597228628
27.76577279806176,56.728268270784866,2.0788807196468846,1.2624967525876776,296.10232820918236,0.4793405081684623
26.884155731601936,40.06091315719607,1.4513158405144666,1.3081106147714583,334.6084809234385,0.07653496834257015
35.013408019469566,53.491023740435615,1.2615375362340493,0.926806473845253,183.92029402227212,0.3063331258638193
33.62867170902821,69.09064337370687,1.6303142962704817,1.58131959780211,332.96881705580813,0.7553789395790295
35.51037674933117,83.83874997173606,2.5959496672067863,0.9059813094478157,205.83174445964846,0.47160430734034037
23.740161128797627,78.11773721427548,2.4750079143348227,0.7146598158553988,196.30138178477944,0.27560148411396934
32.23214465285102,41.06177340904881,2.1215023610271997,1.3142334214095155,233.0828949951138,0.5005337445052745
35.13676639549453,80.43522721036777,1.2336497200550345,0.954777559675698,196.7175466362795,0.7283288716624929
24.537262926319244,75.24392859843817,1.9018596743060316,1.2963874412272163,235.96176562586103,0.21919248037807204
22.930947743134887,75.11692556069411,2.150850004450868,0.47889941966984084,167.19691249050794,0.40409337477653956
32.37568909006083,60.60980915516072,2.087768114789299,1.6177367824449203,210.44989591746264,0.7669525231294043
30.042623584518765,57.910238182952625,1.0781032082596271,1.4016880224121206,271.4232893744672,0.13791691463876213
33.785602874615805,53.631207797493666,1.5548410759900642,0.7498570352510995,217.71754834275376,0.5757311404773693
23.956813272768052,42.95626865294646,1.9679611179256418,0.7563668628461142,225.66383146959532,0.4915848065623859
33.13374236603846,50.27059135721646,2.268145454758595,1.7016797712292582,239.01034418869247,0.5437401049125079
24.822782480668423,51.097163574011105,0.9019360894500268,0.9787860289506124,266.82646517270643,0.28097570453405574
24.291183200119864,61.78346813695907,1.9189380122600708,0.9497445453802129,153.7910115124227,0.25110349878701194
24.2997211710339,73.63499829685122,2.071524384939476,0.5201843717552151,243.3809620734974,0.5473677364706964
33.40404608323935,61.32144227790759,2.4248059942581066,1.0947665383195337,209.27443443032948,0.1724346280836363
31.3127610897468,42.60300022512223,2.3464287921187186,1.131684115549274,226.66551581247353,0.33572379588720414
29.322915946767672,83.10054104446917,2.2912856594044024,1.4146479290308456,262.39800679049506,0.15053971684233441
27.023626777729035,82.42259435923505,1.600029746649033,0.7802764715446573,172.23253394352622,0.006643872898663795
34.28080757138352,75.33352944167838,1.0459989314383462,0.743913962327817,179.49422234227643,0.7760458880304556
27.494231503916893,84.60975557038992,1.8034736214692995,1.335288790432943,142.58280161144774,0.34536238292513527
33.43239215260208,64.50170497601184,2.50081591260428,1.5020190213681195,198.03364232944895,0.7754796915358603
28.147888719983058,83.32457576139427,2.6967272637622157,0.728654294664635,273.21729377515265,0.11225881581426088
27.277222011948705,43.402226827753786,2.355274551148893,1.5244542258899223,215.1765124610612,0.46989342356598884
28.47751699937449,56.45563367176171,2.214670411400867,1.2112625524460463,166.39500417380856,0.16077922623299168
26.21929023829799,50.14215706030446,2.1898198241929827,1.5275416017223935,200.57285021699812,0.6320593015706198
32.46653132246752,48.81248878604215,1.7219406266196098,1.178933891544715,160.4855318603751,0.6269623910087803
29.038085461294706,46.336132700170424,1.93496985322319,0.4433166247536149,174.99255593075353,0.09008571923144944
25.250977732055443,68.00861387046984,2.8345347629131656,1.1544097853051882,235.55275641054854,0.7296515623011114
34.59404402584396,75.15948350862872,1.5287209971040618,1.518043145601381,173.04506694775884,0.1557037177625797
27.37447709922496,66.02342797391623,2.807389395354926,0.9318761942748857,264.5053722081321,0.4903818732714883
29.60974005559584,46.613321931469436,1.8389859227539709,1.0836105093277644,217.15518836678655,0.7885068960701633
34.690609553503656,76.50056964700619,2.6627160545475395,1.1471599489347064,223.42378815778102,0.7059172278130911
30.73933194279589,68.61796182236779,1.2965924952512309,0.33014583603945546,208.86508129568423,0.7652511428489353
23.636572569917096,57.467456775714794,2.2929521005823243,1.7014042726312428,250.9139135417489,0.27407901697449555
35.15764973058865,70.33586329912283,1.631614932026189,0.9295872960308476,251.32639551108042,0.08446051377557069
30.78791274299985,51.69572406592748,1.2923664040379061,1.3517206297418396,233.40217407648686,0.1506774986315601
26.688678605199208,55.533649382239474,2.109267021205473,1.1739896591555374,242.5915642363059,0.4003959160612911
23.94980901728742,81.28686294093956,2.5047358942979843,1.577285716907808,211.51641320318296,0.6345837426186578
33.11635264978415,53.07270275521392,1.577529280703252,1.3218168367284242,241.68812027636193,0.12012291534710018
30.68101858299919,61.14947206710715,1.2504920197707994,1.1295227185437076,206.48488898104773,0.5277852258086057
29.4684552876685,80.05635118282066,1.9540776178325225,0.931945472244216,220.08926488649607,0.2588620832316095
34.51449616271341,71.84746076203874,1.9562823356114094,1.4393552104146417,209.0142500253481,0.2729616579137228
33.040360957143434,42.799145177411624,2.274159813777249,0.6379676088136149,201.71125842723217,0.5295341841263411
24.123448316258518,46.628636992553666,2.474797285682244,1.3937671260827678,192.4355280911284,0.3735995356265762
26.364108949137673,40.352871584736256,1.970292409363753,0.8702865745335382,238.7076041543554,0.6496266344207952
25.47884795740252,68.39148056031235,2.9277516573971316,1.575685098586992,272.4242365125385,0.12473480773026165
32.41524809601748,60.14530414346882,2.112117372267646,1.2483898627988086,266.84407886678235,0.6319586158136308
22.46945408630091,46.0423682906024,1.8267867469965502,1.3932371303550326,169.7373865621826,0.0513881984459367
29.978455588198432,83.10703544755467,1.194216320448586,1.2245966441474159,271.56812205627494,0.15524310419648402
32.67442160036967,63.8346875775529,1.8686702398419162,0.6742868714577009,207.27365993528284,0.5249197716025323
34.27471891466449,50.88519823508001,1.831806527294432,0.9417812509813984,244.02932060582367,0.6839405252088571
26.789144482022706,62.52716070196184,2.480152398140735,1.4017168012834147,183.75138671811158,0.20214370219147926
33.497602265408176,70.58291497307985,2.231241812033427,1.2499967452079532,225.6791965549602,0.26175328466313036
23.5488443173729,43.4307648088104,1.4103154391836914,1.5542969715917017,232.54892731587628,0.42969659862939197
33.85033208428325,52.361671677155144,2.0861271932055185,1.3209823689111515,160.61580832321388,0.16925824519144186
23.784841272647753,76.31344708977971,2.3357655858645265,0.909989432789202,244.33068665376757,0.6489250092700045
27.56202206784514,60.684919168119755,2.7640156796939164,0.9611807586838097,273.8374003135326,0.6189093160046086
33.16213512091375,64.59597139145328,2.44375198370703,1.230875217156971,213.01408217273487,0.1162333695726253
24.098843982882833,59.47672009942612,2.380423327155739,0.5057867801999684,274.40672523312054,0.3710637854533057
25.20951953325698,41.975497418935234,2.0300429973075818,1.7020325656868955,212.4122602619037,0.6198622133236972
32.11153595750293,47.45874009190702,2.1941560027117246,1.3325240209132672,253.9833812418647,0.26986362488273186
32.08051151164504,60.04937374338509,2.6247524503530792,1.5681103791146616,131.25720136195602,0.5064854581741853
30.976066860394162,49.41334594335675,1.3336113012601751,0.7258188177572493,316.7511111725386,0.04017049716605819
31.7152782225394,42.24905628968554,1.825280336391522,1.5733695481065766,279.8183298097183,0.4869510084234544
29.598142206866346,77.96423488233206,1.6137156256218796,1.8694496733083246,208.61497982985284,0.12212238400048561
25.52518682469734,84.15366381238522,2.1895765593630623,0.8037364933868048,141.1164389342473,0.6644666600915611
26.839743909054874,75.69142932985328,2.615111087825394,1.43142053847113,231.52113473221956,0.2843595708643828
24.54236803521996,78.42032147671001,1.701512856639463,1.200332983406188,162.24297811704972,0.2252430901825566
34.7183078586708,50.888970864267044,0.804847816265281,0.7366698455255267,237.7941415022995,0.6727111813691881
30.167485126725687,83.228213898094,1.793889627487765,1.3478651915555608,236.46262876657127,0.04011521845744817
27.61191983469096,48.861656700404275,2.4567368660087032,1.4500809614512045,182.343873239919,0.31728703946747583
28.468081251017857,82.81434146628246,2.2688149514749396,1.0196620341993459,264.8386809445751,0.2960028324600251
35.261966754565414,84.7668682284678,2.214093123905288,1.5497749560765668,252.22298811224692,0.22784029939964068
24.14691964362512,72.0275262585722,1.86000334906276,0.6999709779632407,259.0329334915425,0.7294034656011816
30.20721764823516,84.15146793063198,1.360484631890107,0.7515731560651067,220.3543081467558,0.6007427148133778
29.082441504382523,65.62929008051967,2.2576471608122337,1.2409792186766258,163.37903732345174,0.05113853135355102
30.560359296085068,51.67938024292407,1.5828590949826875,1.2076155833916815,259.11489088844553,0.5717499595479633
22.253542573491767,59.66481485495294,3.092048366690228,0.9850279534727684,209.18514403456834,0.4218393065030352
34.20973472521812,66.71024209204538,2.285253604177258,1.4428783307915656,164.40879427229322,0.7206943155212634
35.04965595477057,43.288670291215674,1.7096758487230246,1.3592682942647847,274.08157463897305,0.2503564938786868
29.911864570248923,68.00544690777608,1.694307376305686,1.4574417212802047,303.9763008201004,0.45932959968766635
31.753111534276492,84.15300265430325,1.953527896693206,1.1630590693943197,218.35007484083187,0.4006042197927888
34.91499133648214,48.55484424026774,1.880249038989125,1.3807740803935022,306.3648461841317,0.3916487249820846
31.90134088038758,75.66678023297725,2.5584168877649773,1.0663049090910015,223.652589144454,0.3648843196137701
24.135546600799657,80.85544572008287,2.0932080848720234,1.8161456070259785,204.78176383334596,0.16450358042582502
30.068037042335384,82.46657167690994,1.6341841305457359,0.9562362689634042,194.7816618325809,0.6045679379939143
30.494010649359982,83.20610219824513,2.9452203425778913,1.8315892288374935,285.48329631970967,0.361068826191431
27.937829398233404,63.46568374246624,2.0246541657601114,1.2104663841268226,188.79424474448913,0.7668130200020846
32.31021929874612,83.97885585961767,2.3844198379844483,0.7873467331293771,249.41077239899948,0.20864674175422104
35.08113820676621,74.07895932104975,1.6958867462776204,1.6104238051465802,197.63344659763166,0.546195071701633
34.95795918069487,47.275214630663285,2.1815578138722618,1.2377704165184877,201.58772949702546,0.7525736637112868
28.31175119965785,61.46050479105865,2.1555549955715976,1.4553372295140714,261.2099877587827,0.5307666584128741
23.585332641770574,72.32490289174018,1.0551753539519235,1.567156775562778,204.79852614842585,0.6970183260939158
35.78777678547269,51.130314211858746,3.0076375552303203,1.3013866662435076,203.80818482318827,0.6619847678056049
33.744573210243075,68.82768325969994,2.6453222304612733,1.0223277465561555,265.31218788699226,0.2880941723912031
23.745277536845737,69.99702155709787,1.8014023419270062,1.492714013300775,283.8958917288649,0.48009915195159725
34.89178635664321,47.321488471385464,1.4488651297720723,1.2002266522363787,245.78759213136934,0.12500907184908447
34.1785490688698,65.42883906037403,2.173780806901776,1.4057573455825256,193.80920897504203,0.42842070615647965
29.26373279976501,74.72321099403734,2.0433488497071983,0.5538808278625615,199.57566002809682,0.18433757745146978
30.27785610042901,62.45030490411739,2.1778344742816147,1.3340945151029555,223.1966105496015,0.5949894519619565
27.586037854181825,40.544640254924836,2.095788698097045,1.008424252456491,232.8372024770263,0.4224467375136997
22.76666294350844,40.406731108568145,2.253120494652963,1.6959928911535591,180.48536359440914,0.3289818901053284
26.692761383042612,56.06632047865055,2.7236528496959034,1.3869262043667285,248.92151758319454,0.21503767693358206
33.23994828037216,81.67873307943019,2.284051602564323,1.271957323754789,223.42053318558396,0.7989587854730296
22.06484832206444,50.290455082162396,1.4751722505450293,1.3458929980050665,151.37166725447483,0.05736841670794615
26.668988403676018,68.54636599922593,2.681281426356226,0.9004677441369845,182.8429407015708,0.03484854445793602
27.574361710273205,49.99341418119943,2.8203072817441437,1.686977007158416,199.83485305393344,0.17380592039509166
29.52353844113092,54.47514953467969,3.5760283672560425,1.7974111255250713,217.0856924463578,0.7768579669022557
34.877978629778646,78.16189403206678,1.4382529833802011,1.3178740531644648,295.57115182015986,0.7833905346559876
26.848843921123457,72.79876490214761,2.1214410065751377,1.6771210705720916,229.52685224558513,0.5239421878177087
26.857344826547187,44.29296747909448,0.9589506484055064,1.0292555403982397,186.36912440405501,0.7040853337651238
32.32501747353648,59.29159094438951,2.2765745781896047,0.9608659301325058,228.82523217228652,0.17116938467263632
28.3310511724573,41.3126393640369,1.7258998509166137,1.2122774246186767,205.91649010184477,0.7776336753412989
25.144467521159747,61.640056597135406,2.9617228974124767,1.3304823115103694,232.99032958134168,0.11422788011165173
28.33415322585771,69.80953052654806,1.612692514990709,1.0818039956270638,243.2227074814246,0.08090015054532662
23.9719982853172,45.33261806191682,1.1554084810163692,1.3613304571105451,268.36922588895754,0.08976923139781832
24.469417811087126,52.99982225091246,1.7643681296487401,1.2919168446220242,219.02854017319896,0.4585023386180518
28.977148818352717,57.90264814759706,1.0122561143914313,0.9005079674126835,285.55842110399334,0.624779520574442
27.86495629306367,81.37889610952223,2.375549727253655,1.3556379052355163,256.32090650144767,0.2933337422997065
34.8078426149534,84.69647569403338,0.9674584768718397,1.4590584727564564,191.7024182075125,0.7823167902289012
27.073514587632864,42.02100845480271,2.0142287905915794,1.2514407952771172,308.39422662993854,0.3475361104946636
30.128236903892606,74.24535655729264,0.9610940900719016,1.5457944309785077,233.0797805308039,0.12035884061857303
30.851700030873424,56.727582988105446,1.839851097731679,0.8347788619509144,186.5950198411106,0.3727733985489094
22.183322392236672,57.660618380326596,2.821689077902267,1.3403851266395554,286.1165220492169,0.5432297323379519
31.28952320823395,73.94192380061602,2.1803239457178973,0.8489157880809675,303.1111034079378,0.6657806244035029
24.49250353617652,81.32918944654338,1.568253197517533,0.8657755925300736,218.67898945121757,0.36701463196527434
35.454984444572375,82.79178675261468,1.984398255530458,1.010720749878663,199.85398958497615,0.47488546083933403
24.081278188543582,65.97051637172444,2.0090084360222233,0.9173819449277265,213.10500170185352,0.2138757697270827
27.80473773217833,56.07045216852263,2.236315172921703,1.0356012543776587,248.58926910070798,0.5167332211244112
23.194895353101014,75.43970886364507,1.3165708183595868,1.1357549067866433,271.1142662012206,0.788777555160275
35.95623952584326,51.29506224680351,2.296283636923665,1.4511463458994154,242.81949323454293,0.03924285807023509
29.030730144637396,65.3833312975083,0.6478041841986124,1.1036522883882893,224.0689283388708,0.7092245365641343
30.335390242480614,56.13603076861929,1.6850577238180948,0.7243122879691222,279.9204708121771,0.44982600221401825
22.939070683437986,69.54839831685442,1.7558630787742278,1.542020353948548,207.4865410779391,0.20167892764983997
32.49944658558849,50.81795108020781,2.316663413035619,0.9488729599154881,261.2367735346763,0.7639117680074063
24.9386783033382,48.621682558067164,2.0113154263384345,1.1823838718686113,208.47748806594885,0.38668344244711916
34.57276005217,81.32075890039467,1.2972184730718568,1.3339609520822133,237.24091832043572,0.2653522013387085
24.8719549667481,44.58116573272916,1.5075034370914924,1.2598831255208347,215.45749740838195,0.14519810261667293
24.669628089291333,62.768105848071926,2.0993400047737034,1.5282538642564427,217.76591269388757,0.19556176820532967
22.511695349873328,49.9383752333354,1.9604663290677218,1.3437009430178275,204.9045393015116,0.6662792332731541
28.60893723153999,41.751848349655035,1.7104379451821268,0.9416071260908676,273.79416124722775,0.4915280074537327
29.90777586567663,41.620846823114185,1.7595831052440103,1.8535686521974983,190.6829584756586,0.7305964955906529
22.919920951996932,47.884979744762234,2.3480839985796447,1.25830003900147,190.39070989805165,0.18557476172622867
32.857386633730144,79.00466595277001,1.7411537135653927,1.155797932013548,304.83974263380435,0.09691085907912118
28.346043686472385,52.7115434789662,1.9559543779854633,1.4891776269166712,259.11390258617325,0.0048700247804720044
29.34146377058612,82.7706626758883,3.084968294040271,1.2748352837790216,124.59545205227855,0.40628963009279506
28.170678457135196,66.1730031845137,1.2881586815580386,1.319768457881798,197.38965043158385,0.7986455443055905
27.610682852254563,59.647638539594475,1.0740786342126707,1.9476551995802058,147.52042649751783,0.5559722150549112
29.83496463831505,66.10399756012546,2.3917948323993032,1.117463571523486,181.9723722633898,0.24671567357211688
24.173363443029974,63.25142733518205,1.6606784693529484,1.1046717317947812,94.45941335063841,0.7014868664209374
24.546993826933797,74.14493141907963,1.84088123612869,1.2349735536037392,214.5204168922423,0.6253778127903677
34.06499869418924,52.71232296877835,1.609421810934443,1.5214547806743115,174.32232723354753,0.012332132861231405
35.24561646987086,55.88726762201361,1.8700999296162437,0.7480397909428802,222.39621027185754,0.653488384432818
27.22633042791654,80.23424361399628,2.799269056048171,0.6103332325570484,154.995149644699,0.2404214057907968
25.790425424009754,82.59054309176824,2.4010642293090596,1.0238654188139558,223.3164741268816,0.11973877166688088
31.01599360534622,80.16512023689135,2.4311117559434887,0.7098231122822138,203.4033488751869,0.18106467178965968
27.72227839537335,58.87515972807911,1.2918864721036774,1.0725505957423085,280.07811860754384,0.37486384350011126
22.355408979244828,75.11644763530967,1.4244231317235654,1.350749908838787,276.454274469825,0.33989434165440885
24.186136363126664,61.43510799854944,0.5804606702572865,0.9327753409343209,251.41382412041133,0.2311098394993814
32.02361120386357,62.3892933465746,1.5953095894586231,0.7719520269655973,206.93544877355149,0.13777465776562617
31.22493518674212,49.210604907577775,2.478351593192829,1.2208011485146044,299.4152158104117,0.6097846317137354
22.37934389504877,66.60086364663324,2.2584732578741855,1.458763045384551,157.87858888640716,0.7920878269879337
25.107610267061293,48.37611539890066,1.889243368523938,0.6915079684450162,163.8576548174535,0.6222332643357524
25.235047152233,54.92041145802372,1.9888498581409735,1.446069719491795,216.64867600443742,0.23674957413723297
31.4064984103822,78.47635907289708,1.6555572287122973,1.4451918611214978,310.1615243568448,0.1958471691297067
22.275947528561097,49.31841141448849,2.1023794412008923,1.4862255306469883,211.9064437251965,0.1741327008527506
23.457520147784034,43.20212283280448,2.3829391397403072,1.565544064461506,212.6701902716287,0.10935605959122903
33.19882519522465,43.10534166757673,1.1920566062947637,1.8606041773978848,162.32358575552763,0.441064439753841
24.49962526876067,82.33530342263985,2.149823843918674,1.0931723854142834,257.83718341081516,0.48432029756267536
31.138445509926246,62.81141970828256,2.4662174354773336,1.2328714740233573,258.12705017317415,0.5644021285305099
25.334558934654172,58.42354323176583,1.7924498555183153,1.0750684700255924,251.5630080559964,0.5441706967469344
23.39217949863083,76.48953614535634,2.350350306060292,1.2005930534267433,194.8311730861055,0.23386664902670598
25.40441067399236,77.61216675597322,3.4073272222362765,1.6598620066908936,191.73172926507976,0.26424880431747727
32.111737045979226,54.948596490202206,1.947828603506554,0.7964956548207993,168.2751099838012,0.5452116283538703
33.979750553488,71.21281258632078,2.1966535250026618,0.9416850983503273,223.35490007043734,0.27955811262690267
33.623078103937885,74.7005267133349,1.6309714581693042,1.6131542809513684,176.78370682885992,0.17009855169545043
27.560569414658367,69.45928090896795,2.0906255813010253,1.5060109520706269,172.90333979002844,0.29946892295739164
31.353191911989047,46.82177836600447,2.230135812491152,1.0910605059548766,203.05237132357297,0.21766732606238215
24.869780135821493,79.41473875826756,2.097421170135069,1.456320600336216,200.43375299263136,0.07065017697486224
26.104068223654185,64.2592548731204,1.4901523401455716,1.3023647527476099,198.4808588471218,0.6641111218213229
34.54870145929568,52.71125918665017,2.1031808856627254,1.6500823827002964,238.65778387361044,0.6824891113256291
22.182026929150304,59.13526834469623,2.731097969358818,1.2223528781480317,223.16191208601117,0.1758002401335036
23.19711943196255,41.69069906795083,2.224317882257264,1.5076896341617747,208.47375877955528,0.0518177596201614
24.910407572044384,45.75400605500879,2.4809935945359207,1.992603573147786,227.3205171324593,0.5910619498809436
22.371450854233476,74.44960377321374,1.881494014993686,1.3794297465142398,180.3389183558147,0.16922290069073098
24.540096091257162,40.00052356399148,2.374950119711855,1.214798449738453,224.21114495638713,0.3147483915494882
30.16258185357569,58.74546228170315,2.139633919108263,1.4167340955662937,226.02409971378535,0.05130820178990661
27.89994370829497,63.51295814885148,1.524544635156384,1.0904157425388346,159.87812562570076,0.18101566780674816
34.497403955077644,42.45854890004375,2.1592605023994373,1.9163903116574197,259.82775017481447,0.6343218226637086
33.44420986433818,83.78851733375498,1.5041516682798448,1.2540213113087944,184.74265179092018,0.6435171575321615
26.785442923770262,50.17563990623523,1.683559862557604,1.118120003932346,223.61239196825738,0.16566785991016833
25.631928068038093,53.688942383632636,2.094664153646187,0.9492932984939891,266.5764696214108,0.26873107608535163
27.315693714341737,53.67741305147623,2.148622136690062,1.5291660574819315,257.02707030855476,0.10739073527499486
30.26412919520731,50.36874979528075,1.4053837674614353,1.4601562238483217,221.3733355427534,0.05933810422793791
25.752890971520266,40.06632199388402,2.5269928855914383,1.050793688575772,205.50003988471727,0.7937373715587276
30.738084709887875,72.82051573395984,2.2860031391502362,1.3729354035367267,257.90047634302266,0.5244751609958714
27.731763130677365,83.50804749096784,1.6476357821945582,0.7474332095361431,246.9877991123448,0.433677207358655
29.728660531927723,50.093206747827026,1.2312076017754123,1.2554911725219469,195.2653991982348,0.6123988003242397
28.105771407894434,69.83712363115401,1.9275477104592844,1.3358269056230083,188.2042541199324,0.6720617277501794
26.12252063358685,73.38533471314219,1.77702814306942,1.7121989428677669,137.10579273216007,0.6453718144357821
35.27834629747019,78.17914205907361,2.0565702285265113,0.9687543591813932,226.1612736673435,0.013231559431901286
32.69048111823665,59.01831386561241,1.8184416694222167,0.8164942113593027,216.69209019926404,0.1494463185523988
23.961584460730336,53.63189075381932,0.9962715696274951,0.9313716117224875,265.44765498570166,0.5239242416942649
34.15855166257078,54.6382810310364,1.8058265308494208,0.7990294499055239,234.36220373921466,0.30060747824317036
28.82403677549319,72.06795998943308,1.8471904444658436,1.6009972073276948,273.3691677669076,0.7859861208488856
34.52373117651728,76.75507599275363,2.316830512387029,1.6645917885072108,192.10543088335316,0.5323238341106032
33.19797358326241,48.17262854904712,1.6509001626944753,1.2960649733846485,265.52601323870476,0.7652391269833653
27.95298906256927,56.692345367099435,2.839337336686283,1.5663884837055444,198.8433448358138,0.16115718531663506
22.314570316481642,80.58730885371176,1.0441797246741213,1.2401875141740706,251.10384247169088,0.6911656224920185
25.761483031389247,76.30120838626326,2.655583748901312,1.1714665056897702,161.64966429877225,0.25708184465218026
29.58287900525214,84.3186281243114,1.8878405145609476,1.1000887142838716,229.40541197464754,0.7916518465902455
30.868695077566063,73.94117168569363,2.429792436171778,1.1068827025867303,140.61248234216362,0.12615093765851784
25.61042759606483,57.6937840462565,2.0399007420293667,0.7356595331072906,209.3145005623298,0.4130718550706613
23.95098503701954,66.5787025297587,2.5697777680127345,1.2792764290822016,237.61415975511653,0.6342756270696976
33.689023315190184,69.74564144112941,1.8063190177235944,1.1878998269357868,199.16125795075618,0.3461139844832287
35.78163052984973,43.530511734270576,1.4506897874110938,1.4236082172233626,177.9824948497613,0.3744672481501174
29.3596625522376,64.50236315967393,2.7102521436355316,1.228057048931583,253.84473877183734,0.7890846364045929
24.40351000187625,71.91943728126743,1.9432596770589294,1.1511888895292723,215.86148840612307,0.34024652024092267
25.812302571271164,47.52945868004772,2.1107792368121054,0.9386420909977107,200.41717411877315,0.4832576804792509
22.257469471664535,75.12842728415006,2.6173759570223973,1.2216459710465284,221.67583684617105,0.04363172854012057
34.800183291846984,66.26977512313502,1.4840223789527824,1.4214711692448485,325.46676567782356,0.673768064168208
23.648515160461976,82.84998035639177,2.2977454488196285,0.8569983026748418,266.1401139912617,0.5185344391836348
30.07123065719955,41.909003419310125,1.7050526217685547,1.2262421261042218,266.50294672751363,0.32321608229025084
25.836773089620884,51.939676189996014,1.933915322177814,1.269912885458845,237.42185275969456,0.012935631963615801
29.75849203522111,67.06992456849208,2.0361394826921444,0.9845805649145207,226.65941090308587,0.4733350564748031
31.119885436926097,53.34519604926688,1.249889069276532,1.0236431085275999,124.15670846678336,0.010126262787329754
33.61638525190082,72.14908738320591,1.6105814785897827,1.2691832546298643,192.84078614147472,0.0009628911272143271
24.889897804648445,74.1552377134869,2.6755364462065696,0.8599736945122131,200.77702347190103,0.49287884971948376
22.153941601218726,44.61321838299135,2.443095594292398,1.3049771145748177,145.00431743809867,0.1512136538676434
23.916398820963302,63.12345088930455,1.9686802113363826,0.93139368790224,173.70336839138264,0.15351003977447625
34.600260985873476,62.900075001597514,2.1215617292564466,1.518856107909965,140.76654116309464,0.522617252666195
34.23446108587521,56.61763465969935,1.8528787471817711,1.9013483236164899,218.4670465721051,0.04295775035149943
30.363783430384316,81.98161881563524,2.678291692913991,0.941772959489454,252.75063883395265,0.2507244491796451
30.407236046071148,77.23778439429495,1.8998237111029181,1.3602623587124023,264.27098074497314,0.11954552171361527
31.310513443647576,71.37442218593365,2.115921046067424,0.9819774285353942,236.59137848316965,0.4641410958372271
24.455197900728294,72.14469860807489,2.5730150720710325,1.5122862521393368,181.46414635205724,0.5294121237819167
34.80176724294944,60.77722647159036,1.6113142575770467,0.8204224772744355,142.7173936592016,0.5769086828792348
27.86278734848902,81.44475344934591,2.779394592248447,1.3441760275283137,149.72525202393993,0.20418497353485235
27.363939395492963,71.25679422639784,1.2347692951283116,0.9381033099331941,169.24069690982006,0.0713998013092672
29.264847873959724,72.80414777451173,2.814821065556399,1.1379046232704892,184.44561207857302,0.06294692555351826
22.65752353485077,78.77609067043053,1.8136622080240128,0.8906924174558078,213.61006008033652,0.34092123876057906
24.32796716258511,52.333221520398595,1.8786506260873592,1.446705141268726,179.43343127492128,0.7566755272501721
32.33247062996919,76.31819067400164,1.0549949144085287,0.9489058936681238,233.55903574673044,0.1741832273976197
23.15918135095177,48.78582713304214,1.7726026413111535,1.3655892777995482,210.7090598880211,0.20539328107323948
30.444129532529434,55.54038785101995,1.4800967344865579,1.0967705915213002,220.421828469641,0.08071104168468715
25.434887535538493,55.10247044214292,1.6961768273132636,1.165658288460341,265.6100221068482,0.48445621911514425
27.45013859658767,84.03364607751132,1.93134451710556,1.2443267722200386,172.79073063198518,0.5438982991577399
26.041712314789798,78.5441750686567,2.478895807236453,0.9714525985023453,236.74818313169473,0.5143449665286081
26.979418030509287,71.55264377156169,2.103801675700313,1.263110134062266,219.44107086095707,0.6889041944358251
32.066642672579434,72.71755427269255,2.1538383267005567,1.6591003693063233,206.6605487612122,0.3891406680208574
26.15970401872445,65.29327574811569,1.4522403055772188,0.9665715642501856,255.4102528346384,0.10756563261365155
29.92966496415656,82.61908001988336,1.559622955198635,1.5515430429821535,255.1605661822803,0.23152410456353012
28.664705630787395,62.33164387970627,2.899362509175656,1.6494292900463352,182.14036816046288,0.5299439787370814
31.291396315077073,57.12329694414525,1.6323994826183768,0.9551535032915868,212.71357664568305,0.4904975789932479
35.11561635054661,47.33659016192159,2.8281041260286477,0.7634836184728344,231.24846730336262,0.42480250379437
32.25600936094351,75.37925435174762,1.8784694005595668,1.2905882700515294,209.07973007909663,0.5463715349509498
25.009165300270595,73.04997694340162,2.001143968071752,1.035777743169938,243.40085329151194,0.5099126802986395
22.436563890857986,57.29597673358607,2.535182580114965,1.7605809657489007,231.24768071641103,0.7050599115719614
25.67169662019755,41.13370362816532,2.6359462109693284,1.2104422621499495,293.3024496142405,0.4688131019826373
30.331091029803567,77.75487974731048,1.9445937198604561,0.9593401775894462,158.7888345628085,0.6228810869604452
22.719961388779506,40.513809255433316,1.8058784732392306,0.8558521466964866,215.1025604101041,0.1989657247731743
28.94912746081731,71.6664900833073,1.9720397757388934,1.526971487727249,183.65989953951237,0.5425460676712545
30.35579988483645,83.66156993767257,2.168978764116059,1.028644807774744,244.16429821756176,0.7217552947061406
26.67941447143745,59.69475976666915,2.4456518434348777,1.2131486398381284,155.31312439817822,0.3085858623198666
32.79277085244151,50.57380322481787,2.002114929497076,1.4867408235337443,233.85250840899548,0.6232833498709174
23.492375543872804,71.71919545195217,2.3094431490115768,1.054722494420751,194.79806274606636,0.5798314409563483
23.051928944301324,76.77076639070134,2.8191798661354706,1.1862213513779518,190.63352535515943,0.04762095749745798
32.19464258685045,64.58936422350313,2.1906548061323923,1.195029477053244,162.1400718583725,0.46520664769925785
28.93687842688678,83.51658738652658,2.1558264280023893,1.4049973534548275,201.39696215195977,0.10415147936064191
31.637633549988305,42.32509247460825,1.240544587454966,1.3772233006530976,263.38002121163703,0.773855337784473
28.087582740452447,62.715801923703765,0.6846349315854683,1.1339658806235513,218.9924526588208,0.649126002160525
25.449628465347494,72.33042762951476,2.1941878646150843,1.2190947184489553,245.107216714979,0.0877790409976961
33.467432447438796,78.81882120171306,1.9525878843595639,1.0884662965429535,286.585672878651,0.09740159811814274
33.19182230556571,48.06650253585055,1.742608662542629,0.7567162779241665,230.55022339290304,0.4755790839300952
31.725750591961976,76.00015667936566,2.1217651020931725,1.2772802572194388,197.64801711750638,0.27591133933854667
25.810031921219476,64.87181840733453,1.969798135401546,1.7676575282499203,238.6900886073116,0.027924687258487426
30.26322933616722,57.844915689548344,2.5638901253169495,0.9348842577926811,198.2281541474283,0.4333132062664425
27.053634557160375,45.92717628605921,2.043055434129489,0.968091087119189,199.82309266811322,0.31027607974867755
23.282149026572878,78.93830915090106,1.6265383574649162,0.9387816685068775,159.2042880152406,0.08086119389739413
34.8423900564714,47.077294368087195,2.4950831194796446,1.4173775336169367,257.0502996433757,0.6415363138047862
23.91546083286546,53.94045366440947,1.8914344625268988,1.334545636258932,204.55989697402242,0.7320614122230449
35.30332295349123,53.05204893830966,2.2632683418361537,1.152438692275063,227.28392983263447,0.605275147211304
28.24408082141138,79.21363153858844,1.7612946469035997,0.9245942815083105,178.56152285573444,0.6579378480130219
24.591861003740675,70.27163473940041,1.6750865572512819,1.2277130374919771,237.43790518861888,0.17319245381289392
29.586613263297014,75.85066287361175,2.042084115092848,0.7306133617992587,189.52235047459664,0.21085836073488082
34.221241702269715,51.271055445662455,2.0064143217718424,1.243027970057248,214.33165113192703,0.16682203223935022
32.25114840973386,68.11933448231495,2.2399135176834166,1.4614573158263802,255.11304124956504,0.6120507450924513
33.2918560700603,65.72856924146869,1.8656771233451288,0.8246402590098967,251.63037248930118,0.7583336631475976
31.222967133950043,77.4773669554722,1.0818201081148013,0.7402445169511009,219.1187970993224,0.5734697653871221
31.691871903249933,80.77391772165672,1.7836130582058056,1.6738313675084577,149.27475869173128,0.7051734119036448
33.88873912191447,40.54705471648241,2.396909233571908,1.0164721081486245,339.71242280242564,0.5109592759065381
25.495352124028603,70.33089635764567,1.8513119603784467,1.5407843537831465,289.83435881092544,0.3101279204470393
28.851949491003968,42.332610960387804,1.876808298742726,1.1538007004406505,248.90699299553194,0.34060929194424416
25.09693218547443,64.69863992848101,2.4931882529529688,1.1514135549176017,189.87184873636116,0.06025714573392387
35.82735211195306,52.94347280696552,1.6440133863705386,1.3315238098489934,215.4563135319214,0.025165756196820866
35.216830755612584,53.80494697849635,1.2285983908785503,0.9348003429760678,198.26318280893932,0.5563804833512619
22.551975359159083,55.88313265535605,1.9196844402372528,1.2397491430486935,270.5542375638555,0.3507431136089445
31.87805241521964,67.95816020723245,1.7579130243756316,1.085553175552772,230.50011563407335,0.4417720544437036
34.95347644381932,55.03224845509462,1.516876840123373,0.8038519669784905,188.6334456656067,0.44612899809793305
24.52805483178267,72.97145727656262,1.9123107720506547,1.3012446224179197,201.16979603500872,0.22190065066664114
29.951233227736815,58.20373235082414,2.2457528236233917,1.121007657936625,264.8475257027962,0.38071400866359256
34.816836166232584,43.07589401394814,1.9953557192160922,1.1528925514665875,284.0039138728191,0.37660817733416185
22.475243700201183,75.26919291178483,2.153490536343119,0.8369517169757525,281.13326253944985,0.3107417769822856
31.763883741455757,52.85912460667177,2.9067038492577115,1.6774201103288413,250.2812826021591,0.6565403067208564
26.162886103215712,59.474509581966814,1.828560569221218,1.4630142559158348,209.89500524789452,0.36093120295007675
34.94154673527142,70.84497474498556,2.1391743173223348,1.4892467652515935,90.33944698683518,0.4829156196047903
35.594815432315144,54.96052707169204,1.7453933187004327,1.1083665892674954,231.88640095232887,0.7164160963046609
35.219730847588075,42.5463545266022,1.5768201400565136,0.681245133148974,219.92684964623598,0.692986898287138
28.63899903320449,56.82644711557661,1.707546173291115,1.785875214746853,225.59928385285414,0.7123377630233322
34.06859711385039,82.50018622124365,1.7606207142391557,1.1816707475982395,222.15589388132827,0.2160039971720112
33.82369157949098,68.87804787843513,2.179737898773563,0.9753600611939839,166.94951352203373,0.027985990646450267
26.46740662540558,70.2165616900243,3.1745378933503785,1.325040472344934,242.29634227404742,0.20885343991626337
33.60481663810948,68.45269691369379,1.6419782818620798,1.5501362364009892,245.288652561274,0.22296587649656693
22.518106886016895,48.95464625317466,1.7916873471922687,1.1930848331743602,247.29355128238637,0.7274882613799745
30.347778298748743,58.8250238846026,1.968438493444376,1.5835725503818123,257.8630801429355,0.5193941862703765
25.220123722027843,73.79229092634932,2.1978994243548735,1.5248999815550606,244.16206579686494,0.065363167681783
23.687936400881902,44.561780389892164,2.1317754059773923,0.8770856437793825,203.59882353844358,0.10830287680888091
23.07734482280893,52.503374924037054,2.6420478969740584,0.997862968302157,217.1665260833564,0.12454090043358033
31.748042862293957,52.43435988096341,0.7868039647323959,1.4872611489839302,223.64499469013506,0.5043373985351386
26.758249492752924,59.440851741752766,0.8065350649021636,0.3862162308568686,224.30797796426475,0.5883312204056025
32.14673480140266,84.11659334239832,1.7520609139949253,1.1551632920505033,259.9287062388692,0.687715128452317
22.914988771185193,43.03761460077199,2.5486500937718546,0.7707506395125985,245.74675012089963,0.7525092406449945
26.414064729628546,63.341544747126775,1.2171759841972019,1.0570338595699424,303.0937375827981,0.16136364590915342
29.55287809325472,48.07141069054947,0.5,1.1103539732912386,308.2587591953869,0.24781798777923925
33.07012430774549,83.68044454343848,2.285589703109604,1.0925266866277477,223.185983304557,0.19225830459586454
26.46253504104898,45.098657712735886,2.1218286118513574,1.0343216243662174,66.53377806162521,0.2870092539729102
30.762479270118128,58.162045106271606,1.4548957966002851,0.8708569051113557,269.47329864509067,0.7317320859389995
34.40368847530662,73.20482431755727,1.507230199639535,1.8875733800456058,198.3849464405178,0.46009005355148924
30.622084634552266,71.70494926123504,1.5151281401826628,1.760238601248405,187.9406431267597,0.5905535178595993
25.261432646550873,59.02278866022695,2.05526765873697,0.851380253923115,204.06218900042532,0.3920953889014256
22.341610941791533,55.59358755787232,1.6868423619084965,1.67463502539107,202.13427812741574,0.023086330668899625
34.18138423461302,57.892557034879175,2.2470319594877597,1.080160352858144,244.4907924042157,0.05135638879825147
22.29777175190542,51.89243184213877,0.5726866685478045,1.238756241999513,157.62256883495098,0.43033842501430863
34.24582341757879,49.23998224180599,1.5715740674361003,1.1810178120309252,176.89117016833592,0.5750312278560206
29.40511987638097,61.736786390150044,1.436973019544475,1.0020754076238103,233.72634216789666,0.1722644220229852
35.14694777918055,52.08401902304233,1.871829660813754,1.4951557030818439,244.9177612165323,0.5775276591938433
33.18296530083131,52.935774920376254,1.7309761207549308,1.2377659591729973,245.6616657974405,0.64853261878681
35.97107754746672,69.55402285635506,2.3989218899478835,1.0570345730342274,188.51854884266805,0.329517982689689
26.909965416323942,83.58417992649515,1.0703316141699712,0.8086231668598582,180.8693740293504,0.597135386275284
32.74063604503578,67.16367402517187,2.022745738165376,0.9319214958842639,199.73460664848324,0.32322396026276795
27.62703279052939,43.46407601792348,2.2791682116058527,0.7075859653193709,229.594910091389,0.542680503564016
28.718258684254724,43.40126262343301,2.9283237182809776,1.2036670645245509,279.419094770902,0.6111976394556344
30.785076485057182,82.81404493805047,1.7591170144532624,0.8410003223146811,138.10251256917,0.7935412946464887
34.23147959860874,53.37808556383001,2.1622293021762586,1.1203318462444376,211.17084972166535,0.2763173296508769
35.77716856879013,44.143014373711395,1.0980686037188176,1.611030556083111,166.69286235899185,0.3288326244596892
32.755827794103254,66.95700642176718,0.8040218978434881,1.5597898718764756,153.91029290586042,0.13249604752813707
27.848734950342674,68.06419502306197,2.42238718789085,1.1903169317692146,258.6782658137927,0.16325844672144552
27.898998031878982,69.18271690534097,1.9972198531759646,1.173874582157055,241.78498297997353,0.5547160020787022
32.32615222224448,52.03309125358936,2.589256344899211,1.7639623648263023,237.97734063789048,0.7336364721235809
25.34288004075623,40.679980789651374,1.3132985555151255,1.3562268361076133,256.8410335892397,0.31568396132899246
23.546637583839527,83.42569162545124,2.259951069764376,1.101658062037043,200.81124412935455,0.143875557468433
26.96471020697087,51.29018705609961,2.9344089202719266,0.7721945648638644,202.69449934665886,0.22807959950639525
26.021345883157146,70.42118296236464,2.2098528041786327,1.318161965449423,307.429224668903,0.3640413638465109
26.14831368638386,71.79834414454193,2.138290752795524,1.4487971317748587,210.13715782961702,0.2325202634922947
25.27050851469874,67.45033376857685,2.0042780404121747,1.0105045426459067,249.40528452216364,0.18686326649749302
22.589304654909068,54.080832739614166,1.214559271437044,1.2873608265414096,220.2552616385326,0.5887875910056637
22.250235086267793,52.19933141938296,2.677786467855174,1.0909280115254911,146.0696587968634,0.006275936992498555
35.82811345630444,66.89507272162164,1.694571180097467,1.1447902802402992,138.21483984794926,0.4313844218691865
27.98882387230207,78.97430351252612,2.2522416281915083,0.4536533827313006,196.8406312024038,0.6350134456238031
27.380573060235545,82.6030178015528,1.2184828467143731,1.1334655788851593,262.24405006679956,0.21298262905397458
31.515061957702976,44.765761198169095,1.4102701677461098,1.4908107907224162,251.53166626544015,0.4826332084896139
25.0555544301109,46.9672875668974,2.7175436996111175,1.0105792333300325,256.56308656896135,0.5351200844948942
35.299456575303154,82.51313164523859,1.8263488555210785,1.2157579104645948,180.51815284254738,0.524019757124072
33.00883020181773,73.14408527506566,2.7266377380212723,0.9732147879924238,284.63489960489255,0.3566797073589742
23.251754032371633,79.73472211733979,1.960884670470741,1.308132502887832,181.40426799254462,0.2772623903006234
27.846130860988996,49.11846853609044,1.0790511135210714,1.1350430407391479,228.51297594679875,0.6687392584222508
34.30765630587031,66.44136419992309,2.44603379986586,0.9182275377953979,219.58590840369052,0.6067567655998914
35.22624831207975,71.55128174878631,1.705053841122196,1.5997654402995383,213.04504718741654,0.25700413873113004
28.543621157498176,70.60503484511378,2.349344406758522,1.4786796040596646,273.5436855318243,0.08241535555376488
30.58775944894991,58.366826089001414,2.012605433770041,1.0185279708215476,191.7955791933616,0.05744603635637535
24.338475245289054,40.69277012610888,1.2284408860285647,1.349336492825333,166.01578977152286,0.07542078231914884
35.87636076591767,66.23167255619184,2.0821473826852843,1.361223600846114,220.79981944825678,0.46629548895363426
25.243403819368208,51.38956926308239,3.0981115710764,1.3926903705033526,204.00693062853895,0.041329740663191755
35.19824483789176,60.26144107643006,2.2464932292572297,0.6917232312014766,355.09531676330585,0.2695414999712307
31.09505308589316,83.09114567877178,1.9712411234972684,1.5019819623097883,247.060299057599,0.6025597615313836
30.508315128304027,57.95658929390956,2.537671700978449,1.0290903111222804,203.62637699125503,0.2354785332123025
29.17763915423112,77.7910722998992,2.1053342326015554,1.09265161996762,177.75553723251653,0.6106464617441039
25.229377364048624,48.4843272587163,2.104767115131397,1.99136452567806,144.7884635772486,0.5963736305656443
24.471392448077115,70.2607224111263,1.4541874139204487,1.2905620142163035,178.99123657050268,0.19666170610657308
25.086806926982455,83.96531294975246,2.116924012894799,1.0841032573658473,224.59767087036528,0.5830577440741964
24.610135670019563,44.585189539282155,2.517721708208472,0.5384116881732282,277.09314606379075,0.5982213106176806
32.914182629934544,40.37439740022364,1.5819689239499877,1.6169292401839066,264.86756569551676,0.3179631405336215
26.90175362833422,59.511225668467645,2.712247910623474,0.7964370987574192,229.1637932658552,0.1683363869932146
22.80979747188755,44.168146737311524,1.954146987927437,0.8989683289501489,207.0732933719006,0.4170166455134953
35.567436821971356,73.67729573543042,1.5561152442307296,1.1005943102736453,230.75249425648616,0.7371180704001571
34.37300238948796,81.15468987318515,2.4988160384601223,1.6249235375100877,199.25448010061697,0.5116933859456496
34.988531964732985,59.530943771894144,1.8566028821308653,1.4319719959997277,288.73455983055504,0.13833799810180897
35.928709517050095,51.64202389699484,2.379757443743054,1.1526487470479219,212.4323927489968,0.546205539786816
24.434533489072823,59.54814935529744,1.8541206838707314,1.2924876190916463,216.54648567013092,0.3417624218254677
27.54738826463722,72.55515180325006,1.9700869282350482,1.0198842921386682,131.36710299917326,0.4732230378842984
32.61533865985728,40.40743727111669,2.2467801021671456,1.2418961068696053,212.18260613908944,0.5872512280184864
31.74428865275309,66.52542952681137,2.145448528795003,1.2220010234334409,253.45936551859765,0.41195788121155585
24.15454268875797,67.59812581993205,1.0022341097741307,1.490630968704406,177.2910969184582,0.6511871796586469
33.42166374986865,68.69597111031709,1.4393781299528041,1.4901534367316849,189.97118662028748,0.5777244634533022
25.14216800571325,50.89099359913948,2.464704992395408,1.3481932146616935,251.70844070934658,0.4920586720148086
25.133446607516724,72.13237255201571,1.9339317055492264,1.0912957327361692,160.93371105927787,0.1206342526658812
29.517641920507792,44.112616884929935,1.738134348614289,1.422546688317038,262.31204030167675,0.6687592887292547
30.301159087783844,48.967165141006035,1.3207129923712628,1.172409460139086,198.71424439307592,0.7487244682558529
30.121206909729356,79.48615209945169,1.460131839362076,0.8754256893860601,204.45727118035188,0.10957209904743587
23.28081572356857,73.24254178269548,0.9891006800190263,1.0790136624267184,175.04486379497624,0.3905929035467445
34.284452076825325,40.61854993051054,1.9493596406492335,1.2253580951352974,235.12185041711533,0.2071109935764036
25.718400596241885,51.17693171664101,1.7007812097094765,1.4730647350994235,318.3948794011752,0.6036186459404518
23.813208897959257,49.64829173469241,1.5167060545073423,1.144941548352854,251.2598895784253,0.57730370880376
34.44247311816568,52.186284761663764,1.9659382874160234,0.8372403866281182,185.42858952237856,0.11270809645631896
35.37912097521655,51.14018966259489,2.181985315426369,1.2170225049890457,265.42482341965905,0.7016218170093098
34.069786641716306,42.81368330842806,3.0465989661049724,1.2340368120169656,207.33281816263002,0.14477845118240182
33.33322504614829,60.652323246856916,1.2440582902183932,1.255751288670826,274.9793992571024,0.637807220518486
31.173387728946302,72.97300636537743,2.579690521650261,1.475961454786329,252.2670560865745,0.3655842877024039
29.71200318852795,67.30292761228463,2.486550780507536,1.5056769720269694,102.27433738113066,0.262617834846521
23.21781463875974,70.27922508691358,1.6104536303116497,1.0217367382855,179.8368146817989,0.1265914101393708
27.718344982989784,43.651713034130765,2.1016179772930155,1.015156962585317,257.7754089134156,0.1340914049173035
27.217639238172396,82.81708195795542,1.7711833753311923,0.887940386713358,226.0662908858007,0.5295124437607203
25.636552972644566,77.73213252293613,2.0928442902093694,1.4096447010841429,179.04976209168598,0.44034431035769644
32.12788159164019,76.22906433230483,2.754565506702275,1.6346460325013146,194.65641938024748,0.09766833732098618
28.94226029110279,77.03427122687954,2.3028031163156566,1.105475421627323,143.75053519642478,0.09015828835066016
23.13464702270707,81.97197286597427,2.254304186616721,1.127570830582502,216.46506849894416,0.05784845981823317
25.082564827297357,64.4914284751164,1.7848453400226787,1.6400347670696926,308.42758904063055,0.5950138778988353
31.565622691234342,49.01269080404317,1.2579716675378325,1.3516673559645023,252.19733562929304,0.5695056681834314
23.065832032864204,67.75526235336434,1.895765894729796,1.3308707114403164,307.61668004753693,0.04674479268366012
33.916896796682764,73.42966721505726,2.6033040774319574,0.8427250482078819,255.2958835915992,0.4482160604775784
28.93205137819564,73.20628270093114,1.2364160717051762,1.4036184207838256,261.0991737341077,0.06774092419415192
28.728212082573073,63.4652060875096,1.4724553159116525,0.9212590978470725,298.96314750980093,0.7229966164871534
30.293708985233245,43.08064237001101,2.063133868117034,0.8597939442195126,235.09053037368906,0.725693935344106
33.545533522952084,56.70008222935575,1.5076726075763687,1.0959685269699864,212.5109071397248,0.5585863918505041
26.869328910630703,81.43449738085107,1.6037382764423938,1.0242621829653928,261.3063006648805,0.74095113715156
31.49222613582689,66.30020093908416,1.7882007091359116,1.133520091684488,278.1536094848754,0.6491624243309525
29.920247495941076,64.22493744650711,1.3171912979049254,0.7677055096425244,200.80141429151163,0.6628308607416395
25.7383957823719,52.09840814719871,1.5129390768918158,1.4876448919403016,191.13723670639882,0.4557662804559466
34.300819808972214,56.58020139624605,2.3517139583936544,1.5383058883549285,225.5542412972352,0.2448473585729407
33.16396430249699,80.29057401189262,1.346315108884518,0.6157972577577557,253.25995467726648,0.17423929209313727
31.218325685217955,69.9908371387076,1.2010639327525812,1.493537341699965,251.92364194646245,0.26176001763114337
33.90814420731939,75.43241620385498,1.6849875102330527,0.9568414110535121,163.03329599249605,0.5027963440712496
34.142118813437236,60.44554403804448,2.3659777512549227,1.4570926610948358,296.46424268253287,0.13812522866591914
31.917081674010486,68.36112487552711,1.9015390960015552,1.1794660522000753,194.353402824126,0.2069121893098573
33.71818659709141,51.17726239344434,1.7677094609421908,1.2086326692242995,209.39740012445682,0.37444869023637156
31.764600463369973,71.74573736275688,2.0221793987578036,1.1444707051736343,183.89382560048722,0.18644007881969246
31.521970804644205,59.24206001665018,1.127146283570174,1.5636387612700458,327.9331534374835,0.4709149357728493
30.660559295012582,59.91454816666355,2.247352826887516,0.8281235962424915,229.68282681151868,0.7385408227650639
32.538032953806976,69.21950460595967,2.1917175157018223,1.3823521016205025,185.96099677273742,0.5984714925625012
24.220471474103032,82.1326279661017,1.7953457629521394,1.5303990494668651,254.55694199849785,0.5331412913191305
34.332190628785,42.88028559738794,2.5029622558982085,1.414902024162123,250.76543117240132,0.466177180787023
34.20580938843325,77.11344568061534,1.4362519505234808,1.8974096742970252,212.49091905680464,0.3903583274056519
22.409461962483828,53.157239968548694,2.5639544966267844,1.0413159711825903,253.62426851133534,0.14925108770772777
33.561434507906675,59.976375452787,2.0772468327976257,1.4871914467780594,186.98832156676542,0.7157683643414925
23.80417814462823,40.9860997948754,1.8317237050609134,1.1681728093975738,200.2832690020299,0.19882880161026906
26.691663959627988,53.54707350254409,1.9900631823158441,1.5700218229058007,139.59133381735748,0.07304710206252861
32.40911558808251,62.618405918355876,1.9463676170945292,1.197693301283589,167.0419566312175,0.6000121433829562
24.250638544676313,42.527923480634755,2.6101414482088585,1.0836372654412592,292.30523222682746,0.14049242746493312
33.451538337666875,62.09930782224243,1.4616604362644932,1.5918216611614886,285.65714510889256,0.2975167996329408
33.64987849140839,81.71997829862923,1.6187403804267009,1.052531418294321,222.6315459459585,0.022627942632783782
29.104548272651705,44.742694814851234,2.51815144603624,0.7761822723298331,286.5172578875935,0.10965435403235846
22.08940220403567,74.3998327633977,1.7022325324080705,1.0449459350478514,213.5970205356678,0.13856290460792967
26.018533864448777,58.435197401919666,2.4502665386657956,1.3857098839765598,210.26358789728368,0.04352810220014236
30.636976857260393,69.4828171535952,2.8497179915043547,1.6176116254761275,222.26042593862226,0.5253255652982761
35.73660649238393,51.710646909335324,1.7991024865291831,1.2333388125889535,215.00313618705738,0.6696062366424939
30.845389378233357,47.177151814361125,2.3406811632876527,1.5954591201702075,211.39214705759278,0.2986523250927528
25.63725013489824,47.22081764220519,1.4231538593300708,0.7925475235567219,265.7359242859821,0.6996611813745606
30.876079843394557,43.17213755394151,2.3773666490339047,1.067020960554629,226.00542615824813,0.1706772596481012
29.559795316021976,48.35410172055594,2.0997119929933836,1.1134274648537696,248.49927057735218,0.2603123388489916
32.91783553211601,69.88987232450357,2.2365191410801075,1.165632171758244,261.2552210110932,0.12058959442493472
23.497728943577417,79.67607753295786,1.6772139639823025,1.2252283164750588,235.52743182618934,0.49644735633519893
32.65439063502839,76.63565585160228,1.1694582922164138,1.4072732872176579,181.18914696367045,0.3358956726962455
29.577732101465543,70.83104394435179,2.2516260323747526,1.0665579485488528,165.88536444143844,0.49062667747351896
35.48188805402592,44.96943385349962,0.9682984237602728,1.2417086060859377,225.9512253922922,0.6093399243153469
26.786210324541607,53.013435083317745,1.8413247538787325,1.1864631329027844,213.14974780700263,0.43656241282635877
30.856706503875273,53.941309389511105,2.470590933209985,0.922233028832655,223.49565715680487,0.5021042839214304
35.048393477140245,51.24806258789295,2.095948867936518,1.1658999932755694,219.35783843005655,0.7482002515154664
23.43513619186951,63.175254686937535,2.9741713223949064,1.1569021410308644,323.3429464066627,0.23925144768707451
35.121198821310315,64.09992166958527,2.5125545762908867,1.150475830499086,166.79094977434647,0.2873311509071625
31.630400112211387,56.05986888269996,1.6730508058372118,1.209527836974435,140.402149207155,0.5741626893674695
22.949718827472406,55.92051214313962,2.0136566899257193,1.222702062184016,233.2950733407844,0.4890444136443094
26.213489937255428,77.28500190577367,1.976314648727782,1.070311446267801,204.94309781647218,0.14282632363177186
31.914409241033944,75.51817817438585,1.2089116183269364,1.5818144201913793,232.64271478919804,0.30091784800839216
22.942908420562805,53.850812425633556,1.5298005417578233,0.8491558112390949,243.35532089136004,0.374270410499772
30.150386442467827,81.12047997429667,1.7196195465100699,0.9837089674590311,271.3641878071559,0.33551187037471153
26.842362797341394,82.87667576511276,0.9818897485720317,2.0339890872670665,159.71096718464247,0.14261984665763264
30.69281724874468,54.703414391351835,2.0237467341258215,0.888602593503231,197.73128408571347,0.7395440734274099
22.64038847337518,55.94912269568747,1.8754640776734797,0.7938735975870723,237.15045035523056,0.6098550093551807
34.20151528613327,62.75353690398815,1.163553049344213,1.4203430235003653,250.81854382748907,0.38508466568628186
35.628845568483555,82.35043656401531,2.202106432638666,0.5768640438678377,307.73798201153545,0.5440488226454693
35.56428997399968,79.43437449140401,2.35793637234548,1.1294178270082682,258.2281588445547,0.7178261377084175
32.49512564440094,44.61555831626154,2.1135172394324444,1.8437474775229465,217.7284561645489,0.10893931388925698
23.821207361828847,57.67288344721373,1.837965912395515,0.7365192233539799,184.38256988229352,0.20029844056558216
32.61568474300631,64.90170353873972,2.295721075875927,0.605410654278386,197.42840589123924,0.43416099780531603
22.34421683042322,62.6409612648193,2.3401101802383457,0.7502456394126905,196.29188708171574,0.639208297081887
22.30972972140596,48.72383805716017,2.153701784859844,1.4695078705040956,246.20934514055043,0.029003916353221904
26.53054306809358,78.64675470256697,1.5876938747826195,1.5374330159957437,230.27989782343323,0.7872145201570885
28.84100466566532,70.46233523485768,2.1383003827555904,1.0462233609064473,167.05401716631286,0.36392528230591775
32.7857038493091,77.70587686833116,2.5977403254127394,1.4049637212003205,202.56394123638268,0.2873849124973784
31.566135272491074,78.64439257072624,1.701685470694135,1.6170765982535968,255.10190213805683,0.2341795502718175
28.242637889274476,73.67601341495829,3.0489696695662154,1.7362039243289475,234.06649419896235,0.1394853661206973
25.830773327943323,59.76447705623728,1.7371845330073077,1.1260994156460455,242.7457846405108,0.6332591271440223
35.95974300220796,67.47460397569411,2.016203506670068,0.5095584846990039,235.3168684022905,0.7643313317968773
27.966538231303623,47.21644327538844,1.6637572019968319,0.9537363232770939,285.0572293843544,0.3309158038763186
28.319418340615456,70.31404378637085,2.11163541796013,1.0719587415194227,229.4417225529748,0.7619365558027651
24.29073349668337,48.06639650826763,1.1288891536823624,1.1223183610264829,204.55908808517208,0.6590380923480273
33.127333682499014,71.22773157295705,1.7269791005916395,1.1436421796973841,183.36979835465758,0.38484090198105464
31.711551160940843,50.33191723392859,1.4539393998257164,1.5356683793792008,229.98437832838846,0.5392209433009062
25.090774579042645,45.2898085067599,2.0676691739461455,1.5823285280062744,122.37183940899664,0.3479873433363704
23.153334638621796,47.437802056433085,2.497223687754454,1.148497903822565,212.62843992669153,0.44697872657004195
31.526990229045985,40.08964608485816,2.3230030935572756,1.5295454628155456,211.76640560314624,0.04643706961480305
31.163156999935893,72.34328280340887,0.8141703195705539,1.3072984099893268,165.42116585530877,0.5570107802404265
25.82563337797493,72.95804720762706,3.02103482646394,1.2193517918587715,182.86936645376016,0.04225971558730937
35.31208987150575,63.17200074609667,2.147639970310434,1.471963247132989,252.38630120592964,0.6536679575357196
24.114810484932605,47.26132604749227,1.6117504297535,1.2216756144713747,229.2284699629985,0.659957543568446
28.052687214596425,43.75994518798104,2.0785639594954706,1.8173433531293286,224.0715333482931,0.1896618300449717
35.210622882346385,40.86080348967791,2.0880949112513463,0.7684766499616322,232.2539013572809,0.2589302248286402
27.876182436965713,47.458667963434934,1.666575641524218,1.0454487302723947,223.70510351795693,0.38504830284663466
30.939363267297196,80.08849907424161,2.0989583336710376,1.1620443309138149,269.7145025143326,0.4773303255459852
27.566321571479122,50.86915787657568,1.6962638561898464,1.3318358071373972,224.93716726814594,0.2298829293935974
25.83901283288138,55.942209724774706,1.7978190036549886,1.5803881461309266,161.67147544724997,0.47398912370554
35.775687071437595,44.740546801659995,1.6568604321224578,1.192680429829153,285.2051985949764,0.2382296585834391
27.730676088410604,50.00625871366766,1.2836643551301736,0.7733311051481377,234.81361069315383,0.04439257685684855
34.51738885150788,63.36510568510923,2.072918235107692,1.4527541689365013,196.4298507681973,0.002022039865527159
25.219364482475207,67.34887073930437,2.292649718258169,1.4264876298425893,169.86393126819925,0.08092084633474289
24.983465856351167,51.0408541374795,2.2574417980381862,0.6174424021861782,235.83656883832182,0.6338005601312147
22.43587716038316,42.59794716513027,2.409962626317617,1.1988587598987601,215.31311980102498,0.7691450499066698
31.12333555526239,57.59647911073294,2.162170105007434,0.7229574507959107,282.9658714412964,0.34157295942497545
27.159368812132655,50.539151691685035,1.7336372508915483,1.0006046707493812,206.16370877332687,0.4101471627599542
34.101015497754915,49.879926545341085,2.4198319322155943,0.92915732191116,186.5047684127013,0.11747853525874091
28.6249386936818,83.19382612210549,1.3212412300790324,1.4427794094725956,255.83184872943713,0.44082508214412564
35.55470799080611,67.73352186665758,1.5496643087437598,1.235049052251655,257.0112757086732,0.11572392160558148
24.597357219843694,65.05952994274432,1.5178999642883777,0.8143226997731916,226.7460547044078,0.4889714649590641
34.16072435137855,58.70987965854948,2.540028029569655,1.4640197888872026,247.05428190699632,0.7466069340646831
32.872355939084386,59.30249500435649,2.471394257070038,0.7698582528214757,218.4925151703105,0.15655883144243168
32.79290582501673,64.34072517271363,2.243652618522497,1.299034137141283,229.35460404036988,0.6116509744456816
33.826965193636426,71.33934131662483,2.5359649326058986,0.9557967992125332,266.5996353025569,0.018801938254659235
32.65433587320199,71.59657432818233,1.560358608794006,1.090296875240844,245.01273336086012,0.3003977930572968
30.767084502839815,47.72622584674523,2.17429755993049,1.351281224411515,213.229022466695,0.08859880626440725
23.837428287553426,62.505073843448216,1.9374127858084178,1.3564348197178586,274.09450183704604,0.28198035327655957
22.455366512877525,58.538114276534586,2.423441051942457,1.601090722066788,125.40578508833951,0.13882953571110682
34.891869869419615,79.17371348212228,1.9423878837239013,1.175323890098564,302.0829324568774,0.29864399209830994
30.633104403290332,68.41385145482694,1.8075285557949594,1.291935258889002,151.76163620437057,0.3340182448860243
33.15152207366647,63.96268298871918,2.270454259280495,1.0686788032787025,194.91628700910815,0.24047289822473472
28.7413129211757,45.19275889805128,2.438084583595616,1.2545969647868394,218.36329859219722,0.5252975595785033
23.642314645473522,67.25370501955351,1.6658274025765991,1.3318458144025533,214.14077317087356,0.7350816410071278
23.752601090835707,45.2741757556105,1.969462164323812,1.1705070457636872,260.2564416010622,0.3204762992842179
31.597914021205597,55.174295900458844,1.4707796831791735,0.658874854772251,177.68653525559063,0.15387452518001715
28.02428252859248,46.42788841664493,0.7509694912535303,1.2994412688992685,230.43067269932254,0.2165782065567867
24.807346173804714,71.1433141160966,2.1002298157068644,1.309368443206637,196.87151607120984,0.6832006587970952
28.882323654380116,49.28134512262687,2.304452678127316,0.9959479570956147,231.80563917349667,0.4573117786161183
22.898925119051878,57.63367179346117,2.1310334045433628,0.8146838891782457,217.40910960808495,0.3640088258455658
30.147599626801583,80.30536499284504,1.0252191411228164,1.6427637451511896,223.7174261073191,0.11970937720714137
25.76590766209137,49.19423725295366,1.8245752849617627,1.3474336532683207,198.00300670142616,0.3597818466590256
33.165827408920634,62.85122787814506,0.8908261199744594,1.131275690723487,199.5974419961567,0.22279360268590934
26.345067424930033,58.86722475247099,2.6848505538270926,0.8588901350557537,231.49090056109708,0.7545305022826794
28.373082087145217,40.815581847057835,1.456972708940957,0.9534555514735962,257.7486202302418,0.7072560875325851
22.162687558713408,75.67411511077657,2.627701804729948,1.5907771190358695,196.0688266320861,0.0671220334625584
23.014256429123826,43.10706578415699,2.472934821842073,1.2412985822604137,185.2492982170836,0.4133227914089943
27.494909789693587,61.34147594396291,1.549704823731969,1.034823879899788,244.5384066268735,0.18004667641173766
28.71914368603973,65.23052327225275,1.4336075243661275,1.3529067693673968,218.69984427769242,0.3286216716194325
30.400287673670253,68.27919054765641,2.175185108193169,0.9556805437661029,253.2199253594381,0.7014783986011652
26.083276101930245,70.9884233188544,1.5778379814084644,1.6502529090841134,183.7681114651541,0.42201161591083586
31.729746405771596,51.39725725852218,2.051242321079104,1.6058401604690176,148.82244298306279,0.26737223469660787
34.041713560648866,40.44904494963022,1.7585862045965408,1.060027778639167,198.67983672694663,0.16631068328399767
32.9179138445069,72.55496480597104,1.1094207927671833,1.0113989258907419,189.34589562939937,0.6402598875251915
22.554663554877,64.10454697064104,0.8847659904377705,0.4145600403923161,216.848463996788,0.49961441229147774
28.727097261609607,77.6252966443262,2.1133421242472985,0.7555257685345895,194.52619142918442,0.374452368340985
23.469022497854446,76.96247633053125,1.7192211268346873,0.7981590675126731,249.64067805345798,0.17398748309038245
25.388630222075385,77.94967755045474,1.7234550915429339,1.2405571022962156,208.47398950309935,0.26739709932570505
35.81327630574005,61.82925969907931,2.347931919546893,1.102129888667592,226.01897995095604,0.7678747413908149
23.994937600621185,55.013277812658956,2.5867211383162223,0.7963993537754275,226.30538233763775,0.41607195008466746
28.984434148318986,75.62011911661165,1.8637276393190954,1.1156507872606327,227.7982036964875,0.3205594249946024
30.654180280453666,60.30823508631647,1.8297006465450694,1.3516011442942044,219.03483558180108,0.41713763387865915
31.834509587617454,48.25489883815455,2.250071516556942,1.3583518049746761,240.42402761641253,0.623190804719687
29.835081568816797,78.47383088026635,1.3215322151502122,0.6300989157423356,188.1737946469677,0.27208714920229504
22.13679186386857,79.71519445475562,2.1115765273738485,1.1615209558548507,275.97671706615535,0.1429648967460871
26.570458315415888,60.98393902630765,2.275942985911077,0.7849977669085169,210.53850466525859,0.46794889467123824
29.24796300738596,43.406487728940434,2.3401151042088144,1.470518609142082,167.53803448405273,0.5321632827848538
23.230130988027668,57.4521740462619,1.0316236487487676,1.4352439249060496,227.52293427967092,0.5701744023668397
26.90877703692853,76.15919467581716,1.6193223650955297,0.9305918321026625,185.9527807021006,0.7055900726129037
22.464843523079132,80.5798312845803,1.5608683735882667,0.97018643927988,246.613381380355,0.2969392965512904
23.10009896017029,49.15627341239181,2.0499434772046063,1.0616198848505078,308.3842230416951,0.060283916983113445
27.556925866822347,43.01381254113722,2.240372289883992,0.5241619815805982,188.537116337686,0.7666788669047538
23.858020556602845,79.48077039097774,2.7483552037229906,1.300790452032173,233.2948933289594,0.3480095419499802
29.945571875661813,57.52322225404939,1.7525172598159635,1.1181466360979608,149.77977645181488,0.49860600773850505
31.65250956792172,64.37924339204035,1.751213750845393,1.4910525247703577,238.1562091776539,0.5330442585026338
33.20821378752716,83.56296154228414,2.5748360094393736,0.8704772346112342,184.5714480080124,0.43721096696096284
24.80210341942734,42.99541275614003,2.1482884692651525,1.0142631155250204,195.0066152626207,0.16420602378901608
24.344756151626978,69.1743103353443,2.633825755593987,0.7480424225882654,175.9485404064069,0.6041144400929133
23.463949764681605,43.33474401586902,2.1443640015049183,0.898712830951724,249.2860490421894,0.6430015794432653
30.910023493610915,56.89610178099252,1.4214416906433645,0.8454054011795342,260.2921742989305,0.4423804688139519
31.890660170816616,76.1716545337051,1.3334358226110967,1.4987921036539338,220.93540858634032,0.3908489284678733
22.44220602755899,59.50625047400355,1.2242438754705356,0.9905214453745823,185.4229317865712,0.09115054650238825
35.10697144741166,84.87320592563276,2.3310259173792365,1.237252705423384,283.5809214441545,0.06716132919982708
22.727597971120613,65.15766782259709,2.594298411543504,1.0857709788414587,189.98359488981376,0.271651876450823
29.57814869421499,54.45229686861791,2.9246810706931905,0.8191604201961561,133.51870800290243,0.24867692441391462
31.92684727231283,49.90500966571389,2.4215526661616202,1.1495098730485072,238.33556039828272,0.762925160770617
34.193567732445196,55.77342404287728,2.581419288767493,1.3797309995590783,175.80901305433935,0.6268981939547439
31.997217049853987,56.763997319179786,1.7099918336731577,0.8376721822369944,259.544351739967,0.5279394362072479
33.22419316297709,43.09211549757824,1.4217920916280717,1.4427338372194136,204.75449213306325,0.41411847121408407
26.752302695599283,56.63083897420479,2.4250396662087765,0.9450837235566911,244.14852962176784,0.13389402458132107
33.40755159245117,60.89073338826512,2.2088403761197,1.0551048221781478,276.0600138620863,0.7827653377474272
23.12160784938545,72.52319885074621,2.0537221871704463,1.3592049369030144,171.64564541517112,0.30003255859216804
34.52743318484739,69.55282681247236,2.193685740316495,1.0009691528341536,197.3625147643038,0.08554048195779584
29.66629326615231,71.89445448531194,2.1615927412291027,1.2112724578007596,216.97315709371748,0.3950391165725969
33.44216877947491,40.37636568445857,2.6419084299267808,1.1055927513635722,281.50205276137376,0.6991984092904666
28.332455983256203,49.79503298112412,2.647492792408478,1.2388104020111455,193.6646912823822,0.7098328014218636
31.01008773275135,69.77579297799355,2.2721101761701736,0.4857782683429508,196.2198521620397,0.008772732845157805
29.369637253105587,61.779521568088626,2.4229014362814643,0.6510954554375751,239.12562302223233,0.7090365958011198
32.242253304574646,40.23910640507557,2.257031276212388,1.3847901018140514,196.91085097157716,0.21718737399988683
23.142819748428256,76.202258909432,1.7694151339826905,1.511154421694715,226.10103531590465,0.03117789117473846
22.844929175867893,74.77643079806518,2.37828233745657,0.9268539889405436,157.93850316127492,0.6782322162902995
25.45944527614205,64.67886233471032,1.3027524655703693,1.1267914943486597,308.5731977022639,0.6910934047905667
24.233625521584635,42.990849659932245,2.5269457761479415,1.2884157758706904,166.09163078762387,0.47698486387388006
34.20496993229082,74.49317722896632,1.4027385301169826,1.4079652804976113,207.12989184039168,0.45954700583708674
25.06899582301262,66.26711144791138,2.1429016433973667,0.5916968184987453,218.7007585663162,0.6504962180971355
35.662113581467835,75.18819897210815,1.5774230207869206,0.9341879259064868,296.50752537427184,0.6290476421682238
26.716541084795494,73.82861465781282,2.2766944915372136,1.1002261860450375,167.00616876269038,0.7120843787541633
24.54965081964179,76.13509323810267,1.9830373870360456,1.4109420591708148,299.34816541915006,0.4421979580773628
33.05577909999471,63.31036298820811,1.2026220209183338,1.9495291451164483,250.2870728440809,0.774117674186247
31.221908857012266,46.31460331870817,2.2103498155092396,1.1315982819570847,236.68381297692986,0.7969174647466708
28.974740030343945,70.20208630208599,1.7110396115836446,0.7779067613688033,180.61465251928178,0.09323568799890608
29.77508971312684,67.92132032733868,2.4405733604066846,1.3206804231603892,242.84564968152296,0.6796350076432978
32.068824895811694,73.40139342395892,2.0006628443672034,1.596298736862213,191.060535103208,0.39985780619887124
25.198366378638184,47.644645272283086,2.197710492694019,1.2324042362938503,270.6664501279365,0.3100530706398657
35.94867482479439,48.77388399551302,1.521215522492394,0.9280054364537121,181.15751883569067,0.49045784790617203
35.64710427005497,80.06842827486977,1.705333884286319,1.4873981824440057,215.47366022175663,0.04477244580960563
31.104559608857116,73.74900093034319,1.7706806819494578,1.3990636855495304,197.78907647947312,0.40516889501366393
24.793594313008033,80.87028199151453,2.4283512401212777,0.8921757467413127,180.4990815029202,0.6967124560213334
31.523195394038076,74.14218945237644,2.8386885439027445,1.3144276852603025,249.65279267631658,0.17076921291117506
23.01077772570846,66.87198876956359,1.5974141241285618,1.4991796702976616,241.41834989638534,0.3411119158155401
22.429135030881284,69.43597316625431,2.5384240723288403,1.554567012767668,268.36040795603986,0.7515847101719004
25.60756043915699,80.01075657730044,0.915161291137149,1.1800653074071632,148.8049956716733,0.34285107024455785
28.476721394350427,66.04630395303732,1.4029052994538553,1.0925761661462043,262.56682809364173,0.28669410586591865
34.15581507571733,68.45760959477744,1.5206107719066126,1.5681821466243788,320.2179562142758,0.3524293184987026
32.18036697672831,47.04145222016203,1.3237456552796387,0.8369518491057344,201.93435643292213,0.4155622132140451
32.397891296799735,61.32645490522462,1.2082058051062101,1.3315737872763016,295.8059444843588,0.505593075305175
27.956906682273054,72.23787003811445,2.2064994560688986,0.7889920117906712,209.47354911760692,0.640554240733385
26.84308989565748,52.19242142423644,1.8929661511360694,1.519612881677881,165.10361049754772,0.3616817646114514
27.194542681784437,49.10143812360407,2.189702698802555,1.1225863453166516,207.7747023037282,0.6539847480721123
35.82709389230481,54.1222063700987,2.3452363430607566,1.5805749706942407,261.92815870701105,0.4269765290816645
22.561528679774753,50.867528259677506,2.1328084965862666,1.347423826906658,186.47294070673874,0.27078440829438216
34.13844094571428,49.671068666637815,2.3288815880751867,0.833033930981421,195.98645363974052,0.5263606624955314
30.101455720013508,59.11828792906391,1.9652338568788652,1.6273883196231729,243.74157729172762,0.5741778037947931
28.140615868654265,80.85273312475903,1.4065033058471277,1.6653735799283187,220.1224046695429,0.44643918050359005
32.15360724581191,62.81768410324232,2.528907090410398,1.4646859477797647,243.38491809946964,0.04529197850777873
28.81336517994584,48.45641713668954,1.7054439336094365,0.971523640489134,229.51318163033343,0.13590630012865992
34.22792533314325,43.46372512213934,1.532201850618787,1.1081958136927772,239.18501278206293,0.22823817671218258
34.60982609615762,71.32702653120663,1.911041062097801,1.2436281652217278,202.70795256761835,0.2261004847611945
27.904092976228377,57.225944399637456,1.5435945403517435,0.9888868802005699,229.2692376812157,0.5387366401974965
25.875589161290723,76.98239259634116,1.791284809005284,1.7077039717389613,182.90507977216265,0.014678929338906067
30.29290460030707,69.67798458883466,2.172026960781733,1.243297941517811,271.53734490013557,0.604545421639616
34.773086838633674,75.83086527436159,2.1741708696230635,0.3889955858677928,194.62901132730747,0.21227397984554655
24.94927064607933,52.2375717738302,1.5510849667871853,1.3018067438268661,265.15389950197556,0.24801747697288193
30.72153216988876,71.15615151074762,1.7561473135256276,1.095552780954806,210.65572156068538,0.4223278623551394
30.841843081295288,51.882789311217344,2.537166502385122,1.1775220331644656,228.07996043029286,0.17274048075116602
32.263582313813934,82.25808157526312,2.2482000588669706,1.08941419026429,200.20141796437198,0.7075770508604221
23.841947591781636,68.63684266900185,3.037532519674271,1.442113924982006,179.36018275327882,0.06829502346125223
32.02154950554924,54.603031007890394,2.590064086870764,1.5359063335660144,150.20958449578794,0.3555058898408519
34.72645528931898,52.12803380315227,2.5721465342799696,1.284915948677596,177.78703365630162,0.679537815563912
24.51556352418339,48.59169632822396,1.306065724772099,1.0982066438585523,207.04364587136314,0.4926751155369886
25.32560654893429,71.25884315021776,2.381930175816711,1.187598838557249,228.47516715315535,0.23386361267410677
35.599531316582954,49.84220258490673,1.9734465991515446,1.2058798849732884,260.41517253133054,0.3366081662211686
24.533677337932858,66.788646966737,1.7245090982308753,0.9592709880405489,202.16970160812605,0.5653555042740117
33.96139130717411,51.908576211641076,2.0840076702662644,1.3736785945713703,184.72156942931304,0.7786085946911195
28.89188999027249,69.78860251572408,2.4726057673057418,1.3380126971581399,162.2914085598915,0.7145109747035469
25.46123504164448,76.67228778432425,2.250415795502106,1.662132371933002,239.20254471616414,0.27394624670590145
34.19049861781516,75.0111359415094,1.56076309932897,1.5766049340865425,275.32778061317373,0.7985583034302861
28.234273570037317,74.23830989188518,2.37122945679631,0.9942975247229608,270.65321071825156,0.0028037308248466176
29.20744295501566,48.447508256151345,1.681206228962018,1.4460895123526893,248.3973099258895,0.022103804646732075
27.02926717159672,43.97732261430334,2.108341559482143,0.9147139850716585,245.54173269070395,0.6590724121369551
30.301311920088985,71.45269728193236,1.848324966261433,1.4087796302822548,287.9049511883736,0.15957014946644163
24.28933421619032,56.57562462074581,1.890566874132187,1.0450157403719675,233.28325845667243,0.04861541471699269
27.47514151312465,59.45558018815063,2.383121487520255,0.8930240329873247,245.84518704096686,0.18971845858920178
35.571772512694025,41.4017091757026,1.479903140092051,1.2840136028092213,207.16864552592003,0.3408801231846882
25.613868057815786,51.68094021737721,2.9725975371384665,0.3976298615537578,165.5182651658097,0.5844530163467239
31.19431330357809,41.515438174350884,1.0894569653527517,0.6747073276784316,192.64604398001694,0.4994684212409644
26.552660899145728,79.56335976705614,1.7011661583725715,1.146752434867715,219.6336384586138,0.19009697404833636
32.82862375961241,50.95285074483387,2.1851059449708705,1.2247325299904528,222.43141490005212,0.40261635848046756
23.832231250056896,65.08017263078537,2.292157083217655,1.0892043689525432,297.05143419421574,0.7409712843188551
35.577494631099626,41.75406942975087,1.9497621397141474,0.7261691103847203,223.25108670364276,0.6520062215870062
28.35305357937095,70.00813260875461,1.9713046484992287,0.9546324473584483,267.15373776102575,0.25855182786543474
25.304706486850495,54.53623055893422,2.2052750426638084,1.3173627981712182,202.59691033694736,0.785811649084557
23.028954462620177,80.40636341309497,1.8844652612711599,1.3745345311885087,207.53296456939063,0.5668963203481048
24.37661067122557,79.96531850203161,2.696590628967453,1.1951330647212175,166.83969451106208,0.04995948453342543
29.276835279784247,54.638077826278646,2.419674557115801,1.5470501343110965,190.30687948493713,0.028128570630910944
26.71804447003801,80.54324030607106,2.4364121755028174,1.3192191070377701,241.07925565455014,0.13472635920802398
33.604367122356535,84.82709530744505,1.5169216383147914,0.9757633038125363,220.30240721576533,0.5822846944401174
28.032425331265284,77.14370488557766,1.9603057877971486,1.1158493839765147,257.71754479588935,0.14699114067394234
25.481999816226818,78.01921064898531,1.8497670256396481,0.7791401528376436,227.250157933802,0.4091894153670668
30.64002981245642,51.205393124909044,1.4971993121552671,1.167558302882575,205.90185073449032,0.07460809614466539
31.894881036396242,65.95160794859903,2.1800820919728836,1.5336301857664014,305.93187455147836,0.7367089262641562
24.3385867106133,43.026516128531554,1.7311771211100917,1.4055870254132903,216.24385725147812,0.2751684908668541
24.346669028036448,44.27130715697514,2.3277019149251186,1.6206027977757365,266.52003878821216,0.7265056452485047
22.5133999770696,84.95016754149808,1.4649042185528343,1.109134426860302,203.95163173821288,0.7559005135284355
32.309628210918966,54.69876622416599,2.8595203064209107,1.6038299383542771,248.38397917534266,0.004902917850944633
31.29326338670527,73.66827604219809,1.551833670703969,1.142008732065609,257.1206263660675,0.37130814975898563
28.644832260497395,76.29992738620675,2.109651168600218,1.6414755247709683,228.33967882302323,0.01972484456551431
33.818386285568764,78.61104719532531,2.395929655194034,1.1934429757673628,125.82068309213591,0.7269542130423248
33.279382141300744,84.89327338309704,1.7146797848999435,1.4121694121412829,220.73009843424452,0.4147260357876607
30.19496110155453,50.86734183655905,2.4262343217164752,1.6425337092929566,269.218401910399,0.059955210158797456
34.15579792718562,41.81578720868649,1.385408201099792,1.1419717114256382,241.0992333211092,0.08822138262125351
24.881776940514754,58.50361830975637,2.72605884959128,1.2655166962632522,237.83355500916986,0.30680721959419127
23.56687467156819,45.85363014230261,2.007074632482879,1.5866590275618906,151.10972264169925,0.7521873542983116
25.776494561237854,41.00916501229248,1.70179429601556,1.160099050820981,191.18179717299765,0.5543273212544647
22.79921598525041,56.21920722136687,1.8504091137862828,0.8037323152481517,236.45430524605757,0.694095092951306
29.43637339201445,75.26822129838564,2.4044596346963596,1.8429021163754729,236.4153310714757,0.29316531707198373
35.11247969212946,65.47813110512818,1.707772354074781,1.059070660698859,268.5866712053161,0.03457095963999866
22.550809569359135,54.07500951446593,1.6253211552886113,1.2476268152812628,214.20532979415623,0.7794541097635314
23.709538796140375,69.44539024717238,1.889231701208131,1.546802000835338,236.23296346695258,0.013738392529895638
28.330786395968094,50.44081811389648,1.411518943615016,1.0174518288806393,220.65496967725176,0.7581213224648713
35.07425024539067,40.647165073243826,2.910271953970908,0.8976396260333609,180.52229053993773,0.29494193907931576
26.426185469674508,74.39590238963923,1.7168027043926384,1.27612118903245,129.7683467562101,0.008072324017505217
29.101287321637493,68.06843881888041,2.415808393090202,0.6620770806262831,237.24038768520307,0.5513257853796066
22.58202002670549,74.3036181025432,2.1047350418238864,1.113628176939624,226.95788833651244,0.7844322432250834
24.076804813469245,41.752210750944954,1.507732974759016,1.2735115992946218,195.27299831599325,0.772500578270074
35.81282172142386,77.67038325237934,1.9970226453936353,1.1190144309524508,155.2330777393654,0.12874960896193474
35.511661750104636,67.87867900163366,2.3920013896553742,0.7369647170442759,245.18958057634953,0.14499824485292398
22.069159733081733,65.35279078206881,1.9058693324568468,1.6782533868612035,209.3631970321779,0.45243113169572813
35.32536499592535,68.10763216515392,2.596556472925514,1.2310614461847527,242.27498889472582,0.5098438611426596
30.947679129417004,78.89949610907638,2.510757696390932,1.6293456353285223,294.56194121647036,0.5915343309326925
34.150856123280306,66.41214279515081,2.4594574273291645,1.1219891249458664,134.34276478721182,0.144840288377718
28.366357978874028,66.14276709496806,1.7701716138635015,0.9359964054927707,192.01596765190544,0.7672056694115477
29.2183444001095,84.58056206795946,1.4600787761092566,1.280754276076548,211.62497546752348,0.5109914050313903
28.843852123596882,74.05285751808556,1.6932061973186028,1.135263862101534,278.193046965866,0.6776375350964439
31.33609960564546,59.90322124530108,2.09812047033336,0.8466715626025926,154.54387923174062,0.43205257222733745
23.95511756658838,71.83286500148175,2.2728933567661778,1.6409352776362487,297.4344410272242,0.3314214780719061
22.41963025821749,57.51537122613048,0.9142142976197762,1.013318933131801,225.43423606265162,0.7817463252759969
26.311019182276674,50.299395811757456,1.995943399194125,0.6479200845613294,216.15997353064566,0.4656970966558689
31.865530678313053,66.85833445994918,2.0790446126615922,1.5984498161871998,212.07760947124373,0.6934988662393432
24.825948329721278,81.76819441512782,1.8612278718422242,1.048710595256213,202.54947871279884,0.762633917093032
31.428054066548842,81.81127840069583,2.6456369195079397,1.0176528322153127,261.9246703707662,0.5402837016069274
35.57876864550178,55.38573751474706,2.2108900371254356,0.6703837238910078,177.25916983670245,0.43915094281494
23.31461002105186,63.74548597997627,2.6550959540404486,1.722282445979097,233.81656726575414,0.0028086807285204966
31.416429655151767,49.523615435643755,1.892019739824884,0.8131558238370937,204.63273337172097,0.032015712591204795
28.212503070263995,84.80339992744976,2.4687387462534627,1.2175348442116949,189.5146620594361,0.16068097284089308
34.153991561285075,84.15030585405711,2.8175331972637596,1.4737860967621321,323.43900702735584,0.1488067454847962
24.480097052263403,69.22790183683513,2.6558467246363304,1.326515079900929,236.7620293901384,0.20380703615987628
31.696763331166302,76.1986326854863,1.4539292032856335,1.1821037064023425,244.53062178644575,0.24394771015812866
33.733614055073545,72.1795072577665,1.8731619612288095,0.6895002425137751,265.5110712267465,0.2880523948405826
35.22459907263632,66.69211985677606,1.8274176472751018,0.9570825492698147,163.14600218725812,0.33643015205510124
31.565472396055043,42.4006598645004,2.244627267538164,1.2563401014127566,290.09167636488127,0.07909307076481174
28.960446696117984,60.46439541486975,2.3431767775072667,0.9638477790039011,119.64171286019698,0.033889545562225634
30.649861362816992,70.36538359753348,1.580553662987132,1.2610078379996303,189.24934359845918,0.5391555592584187
34.164669782702056,70.4889226247658,2.0339192569584688,1.4045230226445424,201.638733072844,0.4298678598744622
29.988536452943617,56.79051782900726,0.9900363339219318,1.4887508657400303,243.26893459882024,0.35531536177609574
22.425418835755718,82.37613939961138,2.720972502900945,0.8321461926561949,228.74873064565952,0.5075519529346819
35.03328173709769,47.531066450655146,1.7438128796616532,1.8589938164936863,213.32741037206426,0.6621435257628324
31.653374514441857,62.51617507970023,2.0279319699222484,1.4302438033662392,219.52010621489106,0.3421543272929637
31.47118740088145,71.08977894478703,1.8451751430059693,1.1994857538992807,180.87907905909728,0.5128955720415835
25.01945213356804,71.37111126513142,2.5730137875067074,1.5268609749229922,160.11070422063307,0.762857779068127
31.224396583257203,69.1887530545967,0.5812467793013105,1.909622331599992,249.0604648934424,0.6716995966892486
27.51410167915822,52.38796960533371,1.9916948288370455,0.7683839696829391,247.7482445014474,0.3408006484019276
31.11726167858089,47.02929559089799,1.947090621251151,1.1324212072525939,283.37977500628233,0.5157734702517944
23.49230242431187,68.61731470720198,1.7731818062041587,0.48647050203800146,188.39931612739167,0.14165673753275182
31.209834264442506,66.9685952262747,2.863113272817816,1.2577954597944074,247.7126084120369,0.4484177479160719
35.99179216078933,48.07102046301584,1.5563352705721143,1.3096182725775423,208.65173086541074,0.7850626329107543
22.674968544047786,71.73126155067536,2.3858980886178305,1.188251365367172,267.6189994077393,0.4146520921620178
35.68043857909844,60.48273962801454,2.1781263943530416,1.003639928700507,260.87851106712566,0.7421106393521179
27.69671145012019,70.04922662214187,2.630759626267758,0.5851456451435024,228.44837596897827,0.3258679364026086
34.19054830472163,77.68151858965678,1.6664054576112473,1.3120601050235305,206.41879373336053,0.799075861747705
32.95339677681583,47.63777928596154,1.6335155504381205,1.6366303451745974,258.43728714433047,0.46337602818204626
29.93822765381335,40.86151905985765,2.548034953738699,1.0226944632799704,245.87618093026262,0.033815195388747644
32.33828892951857,75.05961638781041,2.212660654165055,1.3320179787069435,192.6223839165527,0.4694038373531105
34.29921785821887,67.43638413186773,1.2275313266616208,0.7295567059739848,166.88805306082276,0.21965815654367732
27.657964503114464,71.48378063299548,1.7303474927683649,1.3371639191077542,208.45868397272815,0.02598505762871577
26.578464261885344,77.71697387448891,2.1931913269240306,1.0819853106766029,280.6165526139284,0.6566826437557307
31.346307397890186,76.12649206710253,2.4188821107732945,0.9712746148191256,265.8594863493215,0.22058370958460474
33.30984318717762,83.24140661179712,1.6603846734035224,0.9718909076351608,175.50690121317677,0.6372388432371988
32.67199188687262,64.11707854834532,0.5428720050915294,1.0819165253900969,173.28970336400317,0.23057406636469358
33.16939108402089,61.98230346969574,2.2616115928685168,1.3147299947077606,270.98735398717946,0.15546108309901943
28.09816640738106,58.08492399508285,1.389839655028012,0.8063510396413447,174.57456380968682,0.779148459283542
33.449679026450305,46.9160969279892,0.9913306009387943,1.080865400529644,240.37181294568032,0.2893162622040157
23.68292677518852,65.76732547969101,0.5838370375079296,1.1875584666002557,195.35715138654706,0.4811009691545284
29.622847371451893,52.46556359466905,2.4069904300988707,0.8702882326404422,284.6817969808673,0.48798519425157727
22.080621246973703,81.4588380495839,2.0643087252024834,1.738999560502505,189.18300803448486,0.44837878573880147
26.544201618603786,66.2435861924694,1.887171809643874,0.9439513559815975,265.73446120823314,0.7317565948169718
27.130461488199572,66.67780812286496,2.6945121814813806,0.9991689259099528,227.3943461624146,0.5395528570934948
27.546417682529576,55.97160973946545,2.318662341511536,0.9065076150532506,230.08779416937148,0.3229864032839442
31.73654089365807,42.33952083899683,2.8081500213609583,1.7395440261414352,141.18765674594397,0.6899043076194192
27.43981341778484,41.428469441784486,1.3036322639165019,1.3658715685798444,131.88346587177125,0.14485031929277153
28.28171071671543,59.05008148689389,1.9827246880230183,0.9190223981269073,211.17736238930743,0.435389406088334
25.325617832240585,43.8054420143757,1.1916433125259929,1.5318694676579905,229.87624253666448,0.7604402975550051
27.225525082810762,67.30811299930626,1.8853088340722663,1.2602096082866634,174.99208689049107,0.5003181039043302
25.18177478168412,79.64378525378459,1.8756920731166613,1.2771760263334504,176.45226358094632,0.653574760379901
23.024742932758212,79.7311667433425,2.3133068186315353,1.0966568373742642,242.45890519304533,0.5228485804361543
30.44828030733929,69.65704345595046,2.0227819405709493,0.975175203912908,242.51417921828522,0.6714966908303124
31.354979179770226,49.50543241628189,2.311703569139958,1.3013298297163804,214.49035758448292,0.755590303876195
30.6728648441346,78.83485741114924,2.351720066569447,1.0364738310013228,251.208068847443,0.21833738202618946
28.488916613208012,79.87420458909438,3.0774643386915708,1.7450266888725312,173.03190817119415,0.1357288650053751
27.317000922509216,48.84941132288314,1.8423516723569378,0.8192126684270686,205.76260331652117,0.38719260026603197
34.08667109400555,73.18417385968047,1.5294886496668105,1.6608470318564836,285.91510423134696,0.5614899414593727
29.267144991907053,52.893379701720534,2.1230418076582045,1.1666043453606598,222.7328851975927,0.1817530025457729
28.708546286816233,76.11881405588184,1.5988599864302282,1.2897257202063317,225.05250058347997,0.0032811603441336603
22.3589889212901,84.87570549566212,2.740980384218268,1.4499473299888304,312.2378634387096,0.2743480926693643
26.777469586766188,41.35117023982268,1.8583909805273837,1.010925211498669,164.02631336604918,0.7750874683742308
27.322738663002,80.38146396059193,1.7172118160630048,1.459274515409591,251.8572146656844,0.5559739684846774
27.583518932556608,68.01837401193961,1.764342139424441,0.38773684338564685,286.559451192324,0.32106035515297915
30.12241316918265,83.80221786241695,2.3592087117358203,0.9840031400334182,207.00568294005816,0.15406087787747227
29.4704356541763,60.92542828868925,1.9211265083842575,0.9227811577976803,254.38523147419386,0.2848717390037976
30.510671299108225,78.13245687571182,1.679166589934809,0.8239481962884715,180.7192201115638,0.13587154664099838
32.708365661589795,42.807733086922475,2.8326759588117656,1.1355135485763146,192.53070417730595,0.08504465705036113
33.38180034202531,55.08755725352331,1.571915079669125,1.3157249904545083,235.39865664190538,0.7253938980580431
32.05372306717092,43.01574419880445,2.0177830370164966,1.4107979995497917,251.9426669244236,0.7981202707003789
35.37733174336908,83.89044100655818,2.326153075805115,1.2722630271601223,264.83746049624983,0.13129155167663226
22.255256157469063,76.76382582723265,1.1843324447914634,1.0002919605319358,282.7851434775797,0.043618047102623785
24.740891799569646,78.36463395606867,2.2401302507029626,1.31070493134755,217.3021376577927,0.2637848857169699
22.10588024969399,82.20843541452524,1.4724461622597753,1.237285708455255,267.74447020690354,0.3693273446091323
31.064645998164444,43.82965687539034,2.411391390417001,1.4808168503808048,206.30780626203403,0.1638569976606836
34.572427685299814,57.351891663100005,1.518674494040512,1.433081010879455,256.0836524635307,0.24113992943884677
25.40875215206819,43.196570006980096,2.3463845159244303,1.2091429241761886,228.29955191408726,0.16069658855332616
34.97848362714829,49.48568956975129,2.5529165331473562,0.9308240981516229,237.82711628327695,0.6194084547459611
22.84374346405385,50.32145996669526,2.4307182628164026,1.0041149532503757,236.9403149608815,0.5700623545978086
35.0821043752772,61.10982449714104,2.125658324119051,1.03506319210859,155.8117996080875,0.5079612126087855
26.92271762135488,52.085297535413915,1.8843495285351504,1.1054200998251233,175.03512564556905,0.30977428566336385
23.41989159828903,44.54401480679925,1.711790211832578,1.280415128276926,224.1016575927009,0.7272327530513888
28.802204628608557,47.53709900923485,2.735517345408552,1.4145523170384176,152.50883681435326,0.775626033228016
25.59487194808711,46.62740035984409,1.6502523899161785,1.1846643920953868,253.24844412799024,0.1389114501003296
25.98822062746692,83.78845590605343,1.481466963215002,1.2048374363701417,254.86223865152567,0.17841011312950245
26.302059508968014,74.16816281133131,2.332684467516415,1.2429918915000011,233.0868221151116,0.42050482240029574
33.24236256965729,83.54926593713029,1.6019315984067524,1.0452284060602979,175.15463948968312,0.07300045542579624
29.548257873453565,59.78832189285588,1.5249682512669365,0.9223823227071131,275.2055575547406,0.3491587190584903
26.35830778818405,52.526581674819546,1.2781978689151177,0.673368630806787,301.48842558873434,0.4654330118221681
30.544672966352856,75.9231938744134,1.758545080269741,0.9914551925769383,225.88307309783895,0.4176588569098665
32.02610943912471,54.68142631185161,1.9586424880517534,1.341943635980336,240.42141513804944,0.2647268664624209
25.816736010269473,53.47225181674067,2.1215458638303493,0.9891265685881298,228.06954619184177,0.4339566448617655
27.78968742135492,50.4627696493524,2.4756531221497418,1.128657888772218,241.21476755995198,0.7670407634070783
23.706405306717265,45.83555402009059,2.263448961832897,1.339929386223695,215.21764973494416,0.16481392343310086
24.536090893485525,51.54083774575447,1.90456389022341,1.3562068489268007,218.61743040624788,0.5238650867152029
31.53564995550976,55.98938868132495,1.90090216181014,0.8761401443501883,256.2287040198946,0.034717355324841485
24.540136867738777,70.32973936655787,2.2550787344575918,1.4991178069360924,313.82496647585765,0.05313312358514795
29.352287371338843,42.81541789987532,2.6362850814642846,1.5382050268066456,163.99715062393045,0.441462579378868
31.926647664114057,49.47281228494043,2.0631570997416,0.8610450428344321,215.84750062388133,0.08395134426235958
23.496276923326413,76.40606381312543,1.7654345728947956,0.9528489391076538,172.78158059071671,0.01787743074148587
29.942371074804647,46.611486561269686,1.5035669994572274,1.5573272049438573,283.68099594304334,0.13721039811841776
25.591878971819092,55.419031593513466,1.2773973677938872,1.1559439436234098,196.49048122720407,0.4518793367996596
35.48097625332612,78.9096514836163,2.3331348360217614,0.5340666157644447,162.27196824856824,0.562672763615146
28.769639054078947,46.97163900145492,2.2889892618197787,0.7800955485801941,245.52747995394293,0.161982851313104
33.28389569685221,43.723157602818546,2.2886817625533307,1.1251891124482556,289.77244458972444,0.5346075497665396
29.703171590187665,61.80420977860049,1.935670276823972,0.8510872049146194,246.5439147424305,0.14598106487938348
22.607775459967467,53.60887800753414,2.7034673729458754,1.0759728688090675,228.19191509127668,0.4907659413050057
30.864119258316315,65.35337640177343,1.7579407527075912,1.2097188641050736,236.36563691103976,0.3295677439166391
35.3196467908932,76.17122007175638,2.4776346186036027,1.6386763812104186,276.5936265130222,0.5230396074668934
30.422565482048636,46.17168196687344,1.9806285525052285,1.1128638251316632,185.03202919943402,0.7960422019833979
33.46864403197506,66.13145880494282,1.6958246176603313,1.5217625398718275,215.5261158365475,0.7502535721860496
34.37889048687771,62.74789421754387,2.2962651536588807,1.6286280486110312,201.89239405961865,0.0034254062688829027
25.193116807285055,46.48354537059398,2.204818059341997,1.6302929008056228,173.2853877083316,0.7083510114898446
24.968627758715172,68.07993184880421,2.1784863796334633,1.2854263780156705,206.86498962332792,0.053192636139813225
30.553733843913882,52.313818803734726,2.0406392110280995,0.6110132556483077,264.30884383929794,0.762437268927876
27.754398577293866,61.952544334480564,1.9810534591415845,1.3382474596211595,242.664085935709,0.22546054327974777
33.75805824013408,43.70225459246778,3.1941859964352193,1.5145199663440623,245.772420004328,0.3056278643290168
34.60032372757216,60.681282574613036,2.5921283225980867,1.1756798683693748,225.85902446613272,0.07331056414058228
26.947899310238054,53.79085606192692,2.361413447492756,1.7233751610225745,240.93295130914353,0.08981820666312768
25.31618782564275,77.00715450334094,2.0558995791016943,1.4579500684402373,187.97638630607577,0.5813924521834557
32.92735721341407,42.56404271488157,2.5035786002983347,1.3704820131458353,207.61960456291084,0.7554657885986333
25.847284497673904,58.83732737132485,2.258997388195726,1.5259142133617514,227.68016947874708,0.48859879596344763
33.516600459191494,60.62941408591471,2.013102376387018,1.3000109553782633,231.10063435527562,0.5726800124214488
27.93233555108268,72.62527343346034,1.8482178373670424,0.45215685018139395,232.80751419687493,0.6095757956777228
31.345698590080588,65.8429408790595,1.9595413311686558,1.0502583145588902,214.46658871934488,0.2102514196423534
23.337494393685354,70.02455517373815,0.5,1.559150408174356,204.9030639547868,0.03618370473617194
30.734030545472024,74.96721785432902,2.1053004196488208,0.9577225979705112,346.3108513217719,0.0014981951353348678
28.32474750232121,78.7991338146185,1.7557619599448202,1.1329582484289182,256.271490917296,0.2805194263632149
30.212518484456638,54.124397352511174,2.796334999141442,0.8865491058290786,236.5258990381049,0.19317138255937288
24.352198908428086,64.21102174137563,2.009672035405877,1.7351767785605308,210.67166007174424,0.04985418003934852
32.31623242921855,77.80486352976399,1.4055182902325192,1.7044477372254045,201.95124692224493,0.1436226339949334
34.0791590856052,84.52530089342754,1.9750599229359411,0.9348393314577812,214.76797625092178,0.09959911861435825
25.034357201270858,80.02836899696933,1.476939457468748,1.244189400116725,231.71315374346733,0.7319027044938964
23.340003777282263,56.71602681809696,2.236703707856233,0.9958517856707857,144.78257823747674,0.11221377076733514
22.33094020464871,48.78249327483927,2.145473682169743,1.3844833917094133,157.22441618501264,0.43011877119014336
30.987601006205722,62.02266418329649,2.478919815554134,1.3529049231726986,194.5247044424417,0.47448476408973167
30.49931650524293,73.3738653326219,1.6045591041527172,1.4435116714839795,228.28557747114274,0.43479156616690706
29.65376377799698,62.16560818389839,2.017004048114073,1.299575534312366,210.42907411392594,0.07924514737279038
25.247259345623654,61.743138849115084,1.3174891022866824,2.08062186191654,279.12484904397934,0.255038689400441
27.472683942677207,77.72036894868103,2.3507473909623573,0.8916228704967784,160.70412852016926,0.04101626597052262
30.32266869260642,56.263170058023384,2.259435590220061,0.6868189936690458,189.94618121586518,0.3165359312770528
28.95473602402837,78.69076036652405,2.2479025105137853,1.0820729397895614,280.80366963964406,0.15087914501727362
35.82899728300842,58.30621604282756,2.0008095156784704,0.7296035203319198,225.2447729870059,0.44930602662750385
23.910156535794265,54.770489755525276,2.2073864453943957,0.7522613189982021,255.39370331204634,0.5542467150792805
31.732023756666315,60.42954600398646,2.802169554154298,0.8996056037406099,302.0498777307785,0.4256958881637652
27.660462753460088,74.31011314036908,1.857452871478993,0.9233433283705117,192.2478232839271,0.34738935728911663
27.994794608958607,45.67009125387974,2.0693225918550424,0.913614569414982,216.02742648831872,0.30986673668535397
32.04636871921447,48.838864714240785,1.4569368504092952,1.3554656851336233,209.10292396276515,0.673353414477603
31.694106118541175,82.81501715483914,1.5658695192008338,1.0481432816743992,141.81627982066897,0.17549445205221606
35.87758391183064,47.89712323216108,2.0489066465466537,1.146145627538256,207.58412784976124,0.5873746716230951
23.797520052357754,65.54772930689745,2.5519667733509537,1.4682698323502805,255.2424874952266,0.6059858597920953
23.45753509137833,66.06915099978721,1.8718595878742137,0.9701032425655721,241.62358167248965,0.3353600058165876
32.14074343980238,62.03310079226102,1.882041735343938,1.1206362303885833,244.7633267755204,0.23784047938051148
30.09741683808973,69.01353618595684,1.7965573777478125,1.3097279958278747,204.97964077442003,0.37643318883678023
25.838249331837282,50.34220266089283,1.7326216645778385,0.6175296598139336,193.75611055977436,0.07457114071415881
23.111871165845812,64.86980204995368,2.1474857278544106,0.4845283473148253,270.77022687594484,0.03674402578327198
23.199215494350028,56.747796486110374,1.2513711774106777,1.3038351986393169,200.1073141456932,0.08928255956151343
34.51867224529766,69.77502668331351,2.640469788333364,1.3476042841700695,231.76328155172857,0.14971602516978094
24.6861425460624,46.355059451791725,1.6672888509352697,1.819266040455723,226.53338722710154,0.40334145627043444
26.52720186961729,65.68948375777643,2.3609517427190707,1.247428462760043,278.46868065028474,0.6793093089288977
25.173189631177834,48.33716599224957,1.365000701303062,1.4459219151774283,258.8564943068944,0.18851386559974959
26.96994828164712,52.53893784017664,2.3344200652731093,1.1413582069242079,168.18965517331517,0.7481296085974225
22.971933798445306,49.84194101456124,2.3359723039072486,1.289168166475526,172.4978733289984,0.7639263271480028
29.266837072715784,48.22770009409677,2.1921010360029483,1.70017705252486,243.15639272276536,0.7671236838761643
22.946575890291008,77.15699282023002,1.5027857391001038,0.5628021545623093,217.42649410483335,0.6700501877410591
33.20499110951306,52.856840544740066,2.1247740947990383,1.3240848772715041,201.79312864184945,0.2910600326381765
25.271969146746063,81.72057018390022,1.4084719076328054,1.8406760190232099,260.6251153597788,0.05814712880209845
29.560166804463147,83.64669364053358,1.8736183724519073,1.2846102657628027,227.49837528355644,0.45505498541319594
34.321107225860416,65.70672114716938,2.514706550477663,1.6951718889698544,222.09829547557777,0.446945155149787
31.112283166660717,46.435050519957684,2.3983509635353712,1.0112363551411672,251.193145630202,0.6799806136876765
29.461409011718693,56.85467095208116,2.0075914712702168,1.190385751750886,204.99564020225742,0.7967928407568842
26.54067254361526,75.89795185066963,1.512596712038579,1.2100574107165762,282.74075941890214,0.4065258452481181
26.66202678281477,56.53258279136817,2.3227938560870967,0.5347226761923688,188.47809507067967,0.2761632248318274
31.372817372774662,43.91577482362549,2.0096906188490125,0.8495466516449399,246.27716265368352,0.1487213692450136
35.917951057096346,65.05532099176845,0.8398422008847883,0.8709374761848041,277.3533135463938,0.003839859853896588
31.2657486578913,78.03043831732157,2.391314913158259,1.4466198234097583,164.908180429116,0.4072909539911034
29.808967843180348,75.8166874214576,1.987883583065154,1.4616459317052164,206.26659296590202,0.4444149333620766
32.229107143349445,47.8805413058659,2.601225623991536,1.2972109328119599,265.6882957154223,0.659950783853918
28.512878571972053,70.27440764856101,1.4523647405785978,1.4472308690567117,266.289781909241,0.4036615743142405
22.84199279641099,49.92269185460412,0.5,1.1507551761834678,213.14017598447043,0.7331746789328453
29.87215542229074,49.81933905484775,2.1395419291725926,1.5605795008618628,190.61315625292562,0.5024667812571484
35.40675398307532,79.33322979873333,2.1457818383409863,1.2026365327896216,258.2374328932305,0.6722689905768666
24.454241193007235,51.23510287331035,1.154664186196774,1.217359214228027,267.3419641032642,0.1186413878461977
31.66006847148932,51.846130593310505,1.5107502270666968,1.1203222100212766,173.4134660595042,0.6842689042418518
24.81307164122679,40.02940258425848,3.377608871859951,1.4053351432909282,171.84345404134478,0.5401150835550788
29.501587582623138,79.18010653564829,1.8471946929230982,1.073640355016126,229.010267279344,0.13618642595066444
23.353470295054073,75.66676659441106,2.3654794881881083,1.4929294131594204,245.1744253371557,0.1518108465168087
28.305193107614592,68.22980207908051,1.6746700863158082,0.860355257785198,208.03723659079782,0.7412004952353771
32.58628660453344,73.7619593772479,0.9548485505734217,0.8703251235815418,247.17175279929398,0.025772288360298302
26.86600133934575,46.84218553410213,1.9148708766020472,1.4062280265379512,191.59453572650472,0.3700279546365649
31.308764142821055,60.6245617564409,1.8671977198569474,1.173436735625096,135.41225603705058,0.2507802319472813
33.13629945105621,55.80487243069514,1.8000608806658143,1.0638325751540614,203.04395710669615,0.5320619519987425
34.980489472712335,44.219943681565745,1.9426795822468037,1.467017319742638,222.52928586052406,0.6717035100551936
25.28498914597635,61.875871834671585,2.132134135822818,1.0178215757741746,208.96640160414174,0.28830249724525564
27.590422821330314,81.43328426541859,1.9249415243730967,1.139939623709889,173.6558694536206,0.34152166985826976
24.133824186625844,41.802660357281255,1.3679969160263181,1.6197683850213478,147.3740409648473,0.7855342276011315
35.894769030217255,53.11574110722073,2.2430923957809696,1.661742703743195,199.4364478252841,0.6271332077433622
34.97801355094013,49.33934212925666,1.0253141223387883,1.671719463081098,255.90623086598976,0.7177633047454332
29.559399823927833,50.716599414956335,0.9748212713578999,1.1153622669198267,270.2478975765473,0.35100977652130383
33.7884661212699,80.87955483457188,2.369590247350784,1.569210871495341,267.5085353655382,0.18726096318729218
29.293411681808593,61.06310744054306,2.2535101360676784,0.9153141516693966,187.36361859405787,0.32949077230916135
30.730199632038634,60.98347358229185,1.971302317462982,0.9279291375833817,173.85174705478545,0.5728735342652108
23.247742049624232,74.2259039104877,1.302275747622464,0.4948632442126917,239.8653845991958,0.08754432386878347
32.57378588695531,46.95214918022166,1.6460445296629622,1.7018604605695589,245.40400046391701,0.2163752844932071
23.78798877089329,61.926940934502284,1.868626626156748,0.9408060452771765,236.0067842080199,0.03730872036927231
33.564946823535394,59.34933463544769,1.2020530157129432,1.162040226075882,139.43746903048947,0.3458781906705053
32.9483932273854,66.86098107459952,1.6304856709883835,0.9269026974215148,185.32461660466134,0.6619565887836907
31.92242576840167,84.98009664626974,2.32616516908834,1.4085495744990422,218.81244838856085,0.019730950638408642
22.50624532734667,74.62520023369211,2.713652682144608,1.0873099017847978,239.4887277852171,0.5402588214457328
26.243796983234603,57.903956635784226,1.7902826236707248,0.8085549328701152,250.69229450409946,0.7459966996109917
25.6835759787518,77.23988735233212,2.378244177158049,1.3324987692558181,225.7701408912816,0.18954228920894584
27.041909704601267,47.68187634906161,1.0429699647062662,0.7698809925569314,233.23135226152945,0.5549078725821185
23.22699845469374,41.37086588390321,2.3297256205568058,0.9487782824053526,223.39461833444417,0.7800815208801604
35.11740952243488,49.20017676089229,1.5980257926362595,0.5679332656121757,247.4247749687393,0.7698224481219706
29.753231369973268,55.31852002514169,2.153672808353985,0.7728125663407179,232.51462605963644,0.18794335442331464
26.27734034921233,62.976134085680194,1.8761237908801454,1.2535587509161432,222.6295064018915,0.08026484256965496
27.55774123903997,67.680811324354,2.660207004891917,0.6106391885691226,209.26524803450476,0.11862603031673276
28.2608355670677,80.97725727464898,1.5627821758300409,0.7556562826134853,223.25165700169924,0.5616285347857137
30.408320667048642,62.9434304297706,2.3138031487809156,1.1992893251601575,239.383655153571,0.5806071003626204
29.21951198775097,62.55740400815782,1.8602462683517333,1.0369179311720842,230.69901555592244,0.5393892493025593
34.87148762500184,42.260935442034196,1.9208472609951681,1.7976109907877926,235.23305673381014,0.2688627101937905
28.957488760681624,41.57101986953007,1.9080730534203951,1.7501689638073126,273.7088744540474,0.13582155180649771
35.890212207526375,64.80219828623675,1.5771634477529435,0.9396232611746539,230.60655690986349,0.4646088735618025
33.91994940843134,59.718037596175506,1.9929505170466641,1.3671412855210445,194.0400591810737,0.3869443566062932
24.9191472010027,77.76311777411344,1.9686758889390892,1.4247847670638354,255.34427143976677,0.5830673176978428
35.02833300501483,47.23058131203303,2.1206201242033647,1.020756342592679,165.35206649324329,0.35308806294849715
23.629129570396664,41.12372479526723,2.042252572846431,0.7513375390505388,176.74346477042852,0.2709117557491747
33.44429591887668,60.20674455685567,2.398997274806118,1.1963104652075827,233.43389058880277,0.23478286188721154
27.32872610867212,50.686535053851586,2.4617543080236843,1.1481462975557666,240.65586671146315,0.16917625603979725
34.291640486230975,42.232646800247686,1.4746883390860994,1.0692706509088141,170.1979510598402,0.21259710094932915
34.152793661504305,72.6069229081433,2.4343862502953857,1.3326950604493455,204.68730076053,0.0758643510752811
33.2829556016467,45.02168499807614,1.4068317864450728,0.9747811178983203,195.75664671121365,0.2774856087431116
33.060426108298856,67.37437750034972,2.2939279440688676,0.8544007357262571,200.53294708473612,0.02925584989036656
26.26550794737257,52.64723875751001,2.3098693923514344,1.2327248911049495,257.74391105091786,0.14913107773306145
23.132869962717532,47.80732226597599,1.044341554168748,1.3157910277706628,248.2602185418901,0.5974163556955433
27.641722502712263,57.088818531369284,2.046489623264705,0.8470065168299841,219.2351128058517,0.26037519094129813
24.429343209811123,76.06505993003292,1.765751943319842,1.4784271832973244,198.16152291540288,0.5345896135818751
31.729315244634464,57.64421096070577,1.6206173710323126,0.6688556586671766,166.01401319119438,0.5735073404778219
26.845396171528996,73.78463421449752,2.675426165349503,1.026565962385307,276.807397551278,0.46494827418569085
35.65854281203881,45.64688335596178,1.6731604296812905,1.1225974391407172,243.68455601139675,0.7669581930923188
30.97360908283465,74.77471388492856,1.596811535440975,1.009132886204421,191.73323583707437,0.017151893298490605
33.514727890881055,50.66199962079919,2.037847470002547,1.0304818579346422,248.78397990499565,0.5909221204705137
23.855345418385877,70.48269084499927,2.342794873149208,1.761322344692434,217.19105517701496,0.7670293151523264
34.06820275181671,65.46016996784483,1.9291757069949365,0.9447347732883304,208.51561980550628,0.6898173834823514
34.91860066718752,81.81151227452594,2.5831852728346263,1.932366516741574,237.4084611315841,0.13431415344401065
28.818866863465104,57.42951330888913,2.265487830982045,1.3311380339193155,190.340070003491,0.2614562450013857
30.487541128513683,42.97743349754982,0.9108943401342848,1.2276165411935975,206.2497392195956,0.13796147190117233
32.70733721264194,40.86199684980638,1.735266518246496,1.3428721060162998,224.85844256798183,0.4810466910517633
24.447740781645777,77.2086352437739,1.7190789503241506,1.9589783247755856,200.02195228459146,0.5697503855835938
29.035925070488194,63.61310369476445,2.239680476714711,0.9019220988205656,246.76340841070095,0.25365901549044656
27.581282388812383,74.88598233257272,0.6875914718129441,0.8638746243190831,294.7626601471304,0.4316052591874364
24.049235890271486,50.54915200051816,3.2745048543588613,0.9735401410284237,189.8280746957143,0.552736456056956
27.14548191208144,55.52876854809552,2.2655130474471052,1.2096429440893681,153.3949881478382,0.3370718532888387
22.95441233139691,41.35467424950935,2.0744384019588455,0.682268662556228,139.93039330094953,0.6832124243643675
22.36136669729282,83.26715460583505,2.5907838582095732,1.2067017717955824,213.9812743402007,0.6172399482302537
23.892328048167517,70.0540558015366,3.171827026406312,1.7080641400241015,193.4734163949527,0.05173243508045653
35.483611562248434,81.99422894916879,2.435373322294202,1.2454222171874332,228.31442004268322,0.49690023927266325
29.693413502530237,51.947338334308256,2.47440654823581,1.1121943623074169,225.30390688104404,0.18826044076779969
35.52151025614508,67.51586250515473,2.065345012232191,1.0145518653949117,155.87132613543616,0.44601461173382023
28.054970296621846,70.53249857316871,1.929237123316526,1.4695535113654694,147.40464682074378,0.765510754106373
26.365425863193636,54.28973651159148,1.7621022779975495,0.9522501680285858,231.83732961384382,0.7032496036418001
29.085986079763416,78.16491557570336,1.586944004142729,1.7539187761797743,225.41715338879828,0.3236131224921054
28.15316364086074,82.62226583051115,1.6564929501502514,1.7800079243143072,202.96728006533795,0.23321108667548274
23.479305579664416,79.81848029632019,1.3247220178285084,1.2770252395985362,153.71425659470782,0.18752459552660722
30.971568405662886,73.25801391727177,1.9620642746574883,1.1965454735770065,238.85565051059962,0.4260118958052161
25.024534555134395,52.48591058762293,1.1576662113868066,1.5091979424724677,270.87598181695773,0.09139876260644507
30.674231368569615,52.67272189475343,2.095458262071855,1.5284395506681976,231.11929760875688,0.4394200065025989
31.102815293574146,83.3512144200717,1.981834695978829,0.9582024806821754,186.10104437739741,0.0010669115926336126
24.128347943801074,40.46280231710614,2.073467649193344,1.0420334600589893,221.78208662284607,0.2590797045966759
22.858894779549352,72.2222487958965,1.7389342149900038,0.8032957695950114,165.3554367626526,0.17594745106446502
32.93066220495815,71.7810773149868,3.5384301850902515,1.322719481500217,262.3184285535517,0.7769750319686257
28.437205932770482,68.02102934274089,2.6800579500901565,1.3999883650370673,223.27377338118154,0.5817938556559832
22.81429313707666,84.55489807390896,1.3777287499576385,0.7950223086416182,149.27372352987072,0.2797227043697902
35.92812844037674,54.03457460936764,2.1164340437134492,1.0634403285551521,207.9730255822527,0.07427606922449641
22.808927853949132,55.29873387069617,1.695996928531338,0.7958238247255952,238.53206040936922,0.4134404757524992
31.730493204019744,43.552273132595,1.492760136646293,0.9303600569268486,206.6780951609791,0.17075830506083386
35.77150495368779,59.92591614446819,1.3299639644380326,1.36530511806789,208.96417114239304,0.42914363671868627
25.348521459022958,51.74718368056816,2.216108345379627,0.9799553799965162,171.02391171810913,0.668289883343114
23.991491161620747,55.45240159799399,1.659309882465213,1.1097522131903104,242.66163948326624,0.49263404168110836
23.699389151914005,77.55573056150325,2.483913012012602,0.7118064816158054,194.0612319992345,0.5070307356360018
26.245852065946337,82.0968031087373,2.4968911072652196,1.2560970629173993,133.7421849197987,0.4328242312502492
23.414641354149055,48.357988240233354,2.6869571926057247,1.1867180040466052,205.14970517318426,0.7418125061051274
31.690258783717844,56.762901919905964,1.573806616962948,0.9813122249900513,259.24598862281414,0.7455221475364827
22.872085173820878,81.78837529519274,2.237682805346005,1.1432957106952577,204.5228221360021,0.41017856085884175
29.131909794097055,42.78138073101502,2.3162271083211503,1.2540884641510333,289.5193994049408,0.24460758971480356
35.95375595394167,44.15622376501203,1.7629109124480176,0.9555395553271967,237.1587179419407,0.36766960470355514
33.39558377308426,47.32559451428032,1.6141140213035625,0.7571212367994662,233.55032649121463,0.14924632975649255
30.61307213523415,66.78457753570936,2.8047603328879864,1.7416723298060446,214.86406936329564,0.5090754522544715
26.287550691012562,46.77125219526989,2.1137479378660267,1.0100181885869182,217.26855168942836,0.4000738686257866
30.734541708082936,83.563437165283,2.317983875355869,1.170971969043933,209.46305459521983,0.08264038225062392
29.37858049476312,60.10215372663342,1.5889619940860362,1.5032519205060941,207.90922431669895,0.15811822489569227
27.965167374465203,62.56830821575748,1.390357766738903,2.2587165562711453,241.23468648268596,0.3837055649596215
23.829945274362792,51.09963771124329,1.7152751127539447,0.8266540650333403,182.56675080837738,0.7100711925750867
34.41245901336654,61.19321135956301,1.9379893063050015,1.3349481641179528,176.9642468510296,0.45311257650487796
28.296985083498516,69.78611346866552,1.4678899965913255,0.9877343144117681,175.0721979649849,0.5452280001667766
24.72471516549071,73.80297116293193,1.9950775956748086,1.0383629086269868,301.82618190708615,0.2712228397951278
27.148630912282055,73.92406372194608,1.15574740596575,0.983936393697963,241.2137160668232,0.45712911443538745
27.797816535404976,66.00510007123398,1.439976288765064,0.8623035096598245,232.1796880672058,0.35790385811045394
33.585530537936236,80.69618987472357,2.3354556241384374,1.1876125914646016,177.69941318826272,0.5273039300985286
32.27060132785963,76.78335312877492,2.301895260138947,0.7576491938855292,244.93369202699313,0.0404604528632083
32.77026851097876,74.06716516143814,1.804061617306567,1.4840422699535611,215.33714614186687,0.3946401729911673
22.15443770200106,42.502248475620725,1.4911178454615235,1.2165008808100124,228.56675764527,0.23679410011517357
27.82615597451666,40.30950829988422,1.4862982242369944,1.326730491870432,180.93518736545775,0.26094804902232743
28.73881812289453,49.560127473796285,1.813365877029343,1.0601434164161332,226.41075429670306,0.7687339452464492
22.268691875522794,69.85856172610535,2.3222592458226456,1.0898388197364755,203.04665847174067,0.14615585016910623
25.637384922430478,58.50388699971457,2.464122845672162,1.2862691715501984,189.3755537187925,0.24899620206287754
32.64405752370989,58.10828166846903,1.7517341322590154,0.8507848102782523,249.36425343228996,0.4079140605846974
23.919535880205988,79.80640997033262,1.423253787007608,1.0926028696759993,158.4916876587999,0.690421558519699
29.494341840336283,80.30032816593274,2.1339218189331666,0.9421159458364637,242.59105057256602,0.3333360665650964
25.012826208241325,80.91288688241136,1.5882325146870753,0.9328293568226957,247.37944534211985,0.5950922247105369
22.169690845014507,54.12451344317623,1.7408736805693987,0.5670485278123075,184.8142529779504,0.6850992785718419
25.37682040639358,71.09751157326679,2.662638045218519,1.6017979768439998,187.1868615547013,0.24801308465747918
35.662232568740755,52.22349315734663,2.413557714282884,0.9940383740538693,211.0789727493439,0.314200146830968
33.221519566361856,48.57744248835024,2.078987156125726,1.549012816549065,231.28144841848882,0.285244978950685
35.434073020494466,48.30846058063162,1.3640404994436386,1.5206376964182877,213.88580032743099,0.6662846468943369
28.829956614969074,55.39484293886173,2.1056982837353293,0.814200088045052,237.34249840767518,0.03547748956288093
23.53630678148505,59.348092890091976,2.531328645393763,0.8734766292981462,290.51918610149596,0.24673687106294404
29.6714328456317,77.39271269747807,1.8121831671172322,1.968150887806705,199.69132923401145,0.5435268460761039
28.361282683839452,45.39509920627204,2.6755570449933574,1.725277782578143,151.3928011718632,0.45235479965227415
33.820999158354624,73.07166313277024,2.6463726447591034,1.1905444460015686,253.03694332122612,0.34903148743495543
23.373156130979424,63.91547113851874,2.831866416071737,1.2772119319252049,287.3325830371012,0.4319585817771075
28.835375918304894,52.95754042041966,2.1526215632656767,1.0107460791158434,235.710734522045,0.15806766866265465
24.10068130571578,62.17688130397711,2.2936958499030062,1.329705814260102,176.49005298585328,0.34457329728640834
26.54546297646084,53.49739313996602,2.707093644165545,0.9848454297832585,215.04430547059195,0.40136238734107926
32.322999083429195,66.82368798572377,2.2236969685344876,0.5902938707104846,175.2590606315347,0.7209512975636814
28.66425381116273,59.52297652848599,1.7493829461048938,0.8035332640466847,245.7142197585179,0.2086681302431811
27.26243599204077,47.39824880854954,1.7757285817360693,1.206327824355176,165.94838389206262,0.6942628017319461
27.522667899980494,45.246238355006355,2.1192774768868694,0.8606798293492237,207.994848526872,0.5153931206607856
28.432254757683815,64.60130569324585,1.3547192890268906,1.1798167605259395,179.82648694824374,0.016272664854080788
32.9902316137188,80.60858649787465,1.9283705423179036,0.8776016881701411,225.07298740539846,0.579705069519515
34.48918564516328,55.47809589509585,2.5482735591151267,0.9652938232494019,205.3463329144897,0.028441502039244074
35.374685611055,72.98500482501805,0.9043730744173595,1.4559495919239573,227.07048413001056,0.7979049014510505
33.01664740757413,69.63976097228951,2.7672410508972574,1.2742441642920315,220.89402219865462,0.6981093501529583
26.415696540472176,81.91997114392665,2.5611871093515797,1.1971006736059957,180.5336388910356,0.23787499803203654
31.63388588521159,76.94414577846135,1.7701176920847619,1.4636891919211954,245.07508254116087,0.20592898415736435
28.126443736775485,65.49723665074583,2.271695413935905,1.344182578004204,218.0493739262754,0.30515286568448713
25.56538870864472,69.56637242053483,2.0015738634531632,1.6339689873754102,180.45883968536398,0.2849335722515544
33.77220211196292,80.42739099628156,2.6149951842193415,1.062042221305458,309.6370622482317,0.29787025470830486
22.53796888547255,57.978345306412066,2.4913415713849707,1.0711095064417473,239.05720666868498,0.25462123689558436
34.62466788989593,54.70576176359998,1.2999646384084955,0.8096672200825964,213.86957786402778,0.49690672547866516
28.46068450474628,40.48649876358383,2.2936312067320883,1.071305784788274,276.60818106807295,0.13141093097649917
30.920820675315927,77.1947983386159,1.8971860731783763,1.4894309682907336,293.6726243754643,0.6767850339568106
31.230954910880957,76.04413151815142,2.04141628525905,1.5899962116786401,214.18602310744458,0.6499219872250523
34.53164836989151,44.70045331450681,1.6359140495150921,1.4880915504260004,233.89589945739047,0.3811865662842164
30.913375550340902,65.95858215097151,2.8740685345604176,0.6617424400351691,180.47988727988235,0.6821839722228381
30.595070186640864,60.87917641750993,2.520030909951288,1.5249435637982203,214.11228996927954,0.19771605602423464
22.93312856784966,45.341909297910014,1.6301144180135163,0.6484444130183787,212.03749784960522,0.01405236456317356
29.257712307232858,84.12557021773256,1.3326946965448836,1.4694351972367041,227.39308134486615,0.49536634002385843
24.102366011438583,49.661314935850996,1.807163684511076,1.0896646420286833,233.3104191454804,0.36632752557177234
32.3240727621008,43.02553810407525,2.217251323045653,1.4107599941801567,242.3931379531224,0.45373163703669656
29.17110689137744,66.76813207758593,2.1201029219731113,0.8002654956316302,229.50570625199836,0.7194715272147225
31.523188908916946,73.24900047098647,2.626566412384122,1.5513502898118439,171.5702949348334,0.7759404588527548
22.58342060843338,41.459955072123414,2.394959861090426,0.7605075761685333,182.4613157703566,0.5075625118044824
23.187088224641244,69.64229374271599,2.4847845128764536,0.9994635267440467,198.14369522145307,0.6112444718819507
32.02852743287755,63.95313441781545,2.1634277003052187,0.9005716116692895,208.71037632307085,0.06704674678973142
23.00918070398143,44.64692539937718,1.3053506348945048,0.6737145441532503,262.03097161888456,0.1285724679132045
22.99759418871362,47.76357446258629,1.9021507344265494,1.2283582702765405,173.48244052588348,0.5865638439623813
22.169518653288424,65.55884337922362,2.5300448699543328,1.7418267353510883,205.703398073172,0.3450923651104016
35.39101957619272,53.33609260809798,1.974238535737677,2.0000715666960027,258.120379928562,0.35677221632352457
32.3251170324261,82.22420778930922,2.2515451843118734,1.2291467361258743,208.00490102013552,0.2468861453083493
26.945519719028898,76.84331032678229,1.8406258423769335,1.5350043825202566,238.41662599371296,0.48588510678219504
26.151498138027172,84.26052429311483,1.4850940757290774,1.269628391378561,214.41831828288386,0.1481320363329621
26.89584521644189,51.68518775276863,1.9383279679769447,1.3496649584304639,230.27133029298892,0.5015330234511165
32.845149436536545,83.63756347590896,2.154523721516327,1.0973554046618283,210.86109824761837,0.13903908570819176
31.2591885549858,59.4055241406201,1.6721561402692782,1.2585230776267806,246.68261890913416,0.05106082776777088
24.592737950144553,55.63834578911896,1.8821443775716657,1.3612436113819286,158.1977437037426,0.26428615095924884
24.437530694677182,42.265728713620895,1.5302683790070086,1.0264620813371006,205.4675196644582,0.18491227360787815
23.37753909598756,42.37443660368212,2.559622458782048,1.1767517100321037,231.8629070677723,0.7111933108450659
31.244238075818735,71.14050651759946,1.852772121205983,1.1824709643007534,241.34780992024773,0.04396276309490128
32.701217271104305,60.60680474953126,2.7263777725630916,1.4479209951991574,279.7181049101531,0.14129095405929828
25.710649996550057,50.19347317162476,2.764373925270454,0.8801903485116958,204.35901332537694,0.4389756844664396
22.29322945443278,67.62866378463546,1.959477017639128,1.1845373374177044,279.17927047443493,0.38485375267797894
23.150403344669982,51.378615321255005,1.4957756337263253,1.773601640715809,193.63904693361317,0.036681614699761236
35.55004048783043,65.99342894549902,0.9570510611333314,1.5492180457757811,273.14585646178574,0.0058019424121155795
26.136226884683886,56.16439361422107,1.2639814634866042,1.6047537146666115,252.6986850679349,0.7904543535689199
32.76912406973387,77.05985019753186,1.31308258755067,1.2073295520534102,183.4616568147111,0.5270677602870706
30.745289963959692,76.93132723450506,2.6892348137307525,1.2962992691058068,232.28156949007288,0.29232490472124545
27.347154955140542,61.48076791550806,2.057912293613473,1.5006708500108776,217.95056657871234,0.3763457981305931
24.87962167073777,55.7868599200757,2.194802262045994,1.6680766588592792,245.02338374700003,0.21324009636342955
23.69940985423169,56.31519084515925,0.889789495532437,0.6145191261351339,211.06913646266761,0.2758990269545678
30.610181552544134,76.2571536550698,1.401016785391369,0.8053676078850462,207.71015097353074,0.5192355738145712
32.844872928929036,54.76807672589254,2.4435398882231434,1.5928332304207944,274.76378331051404,0.7062494390938966
31.014659549575832,49.40767181680807,2.143387056191293,1.116933193269359,216.0511642217731,0.1473040184649479
29.424229865488215,43.810975384388804,1.9263973606572014,0.9984837632225767,253.05689296767065,0.672289204308255
22.58731712804291,61.00119043979838,2.2824211793000613,0.8237517039013188,210.98594059823202,0.09724530361461525
35.55884288632137,61.69594445139288,2.8178989030679076,1.033494989536767,286.66653036910094,0.171993778870713
33.181998683164046,77.84089196813082,1.8894787682314746,0.7792892149728525,192.86661482658027,0.029740230439716787
26.099508513813507,49.955741340072876,2.034684901329035,1.8273282818197432,195.4342587501126,0.11264948967439957
35.719584611023905,57.14460731507799,2.0962984593656526,1.1932691844058279,280.9806872446361,0.7338425163712405
30.42634225490851,76.37825825021609,3.1960548176369965,1.1826148374711847,202.20214436418988,0.36755099729470286
30.15391721490145,77.06306248370382,0.9503218677904872,1.3764230025503494,284.0429722465757,0.062132689422682845
32.47302451201345,57.30749841904457,2.341611507394404,1.4887035507799709,255.67362318379253,0.7677814704311691
33.36477703326193,60.660581047900635,1.9425988756204682,1.4837664469663918,213.81401173756666,0.7031938462069202
31.190700502641036,53.64786508821773,2.28338586309209,1.5220865831722714,147.46826111931367,0.603746016694513
23.793340449126802,81.96496952886903,1.6713137230026378,1.010746334762743,219.22726782912656,0.7467782335580463
26.73574508392298,45.33896945837111,1.9755174845707748,1.1106399585129416,224.06520214133698,0.17610353666861134
34.9931709645647,82.01872403506616,2.3557052897327475,1.4307094966326825,266.68870933217494,0.6690954344080691
25.14461856581393,70.77399033259044,3.5564551005219203,1.041783281508114,283.5378870496045,0.551992957083445
27.210338333725186,63.9207468709029,2.4040180947010357,1.1984680103918324,192.60051283425008,0.6958073996541507
28.049076361218745,41.46965773530231,1.5759672009847456,1.3196291293274443,252.0472705595273,0.6375292525941039
28.151669855722332,61.40182863199037,1.7881201589886484,1.4355555246931129,250.61608624053397,0.27719605054146
30.581154154923357,58.34866472512295,1.773292945808073,0.6666957112889396,262.9365080964178,0.6195188296138046
35.20306172842591,47.254846538880514,1.1021784136849924,1.4144236949666835,239.94759648542177,0.20996504238791225
25.36969796565507,69.53843215752956,1.8349549041492814,1.1298827826444824,142.3000923615292,0.2628737304224439
23.701019268212853,83.70179083157285,2.3664145409108723,1.4122373132593142,213.78310269888962,0.08632457377838093
24.764586858039124,65.29849649790363,1.3628839404616024,1.4330795077064487,173.7716970033234,0.748061292784375
34.41694860292977,72.16389743997756,2.5242413255252965,1.6823745183357472,211.89576908327706,0.23280269072022525
31.041351377172884,43.08027036547075,2.243887410542169,1.606036094286361,259.20016944535575,0.4164979721371615
26.00269504934824,58.79501481176476,1.632883339014481,1.6039714987830889,232.20603343499891,0.31306626917295416
33.42325714556064,45.236131832402315,1.9292351813310762,1.6331010957498715,265.92363465589733,0.7679424964668012
34.059179949088104,67.57581259914296,2.7991609038205167,1.2874136954447837,233.67015682854156,0.26803933675078595
33.85120074166389,82.23169711963695,2.366773906752933,1.2096555261110518,168.06696241324389,0.6228366571381513
34.86497147095376,69.77999796122373,2.0043918274490737,1.4618451249535003,119.16611973709061,0.684332923704944
25.531374282427063,43.45613717414897,1.881158341519508,1.4196242854299066,225.9523504671836,0.34848519798477273
32.570587002447894,55.95997922432873,2.03830453522583,1.107280128978522,211.4429413459534,0.302537451562345
28.44755296183796,64.77985207483832,1.7441182210288484,1.3214470226424804,180.9221704247247,0.5981966567461025
33.78797974046086,58.14434902599635,0.9476252471404927,1.1894710599646217,151.97491001394488,0.7303167842449874
32.19886948026259,77.51398047138275,3.0210889552673654,0.9438201274619832,190.61027146109163,0.6039453864577906
32.870264250996144,76.66019521194951,2.077662499599701,1.587138222412905,212.22034060540895,0.1817010924734925
31.186265727535,67.53239590464497,2.1990736325612685,1.2165597727590267,246.6351129482556,0.7106461979501644
24.484002772575895,56.80560753097174,1.9710461250615456,1.8146124773096552,227.5452432627192,0.3100653339494665
29.630376864557135,51.490136819345985,1.632441599637706,0.7123523189400502,284.3226898869092,0.46098352942234744
35.78537635334311,44.76434431959082,1.9070377595256147,1.03296636814699,178.57583775818424,0.6651484954341689
35.123432930959666,55.97039575689493,1.2003026189028443,1.2097916510072615,255.24235568229733,0.1507158139203938
22.604432301158162,58.59276327434738,3.138543249026652,1.5412143292886742,221.89194972514912,0.6276081085420425
24.30740742021212,70.41203162968331,1.382744000788802,1.3198408117806555,247.78676496474338,0.47693023832854203
23.844202828363866,69.6171920933908,1.4840168580764104,1.2931418262542254,202.53940546937827,0.7146733134620866
32.163718739794135,43.15486628385656,1.7798703978067998,0.8618208622337558,262.8672149556236,0.13757632147483437
33.44899461799723,57.7866691944021,2.6440378624261887,0.8529175808311587,231.8089903338097,0.3365457896327428
24.989159128349407,48.18004902478128,2.007254499631327,1.2967513980869714,192.82220060329,0.66627447429347
29.081937701325607,47.056571739256256,1.3819321019847688,0.7907682018544924,219.5190388434725,0.01538536276540814
33.769842392156804,77.22859673817607,2.6271691803786696,1.0404366749132015,210.41776564251603,0.08976109341251429
32.25922162672751,41.886184752231586,2.3655003133927406,1.3502751987257573,239.56713402551173,0.7924521702053878
29.591320876885874,58.863229415595455,2.269217478608226,0.9053027183169672,172.80893002501966,0.22431534287228044
30.26486766642282,47.56916450949332,2.35786712058542,1.681606788708542,218.82593191537222,0.7804345549791627
29.11704765682792,79.56985970553133,3.1971809502912256,1.567180903271367,235.81229010597323,0.14602524080693913
26.16567831846349,65.06682309737658,3.092547447518056,0.7285740004985098,221.32093228772132,0.2888755544058685
29.910307900026226,50.41212863695816,1.6566423284983522,0.9202886270454038,273.8776497755598,0.6022955556028565
31.64439422870127,62.60922792248694,2.8119424964055764,0.514266826651515,250.9609109628421,0.5262227257905429
34.226520822051306,72.91688618664021,2.1915840948794503,0.96522259123556,219.70076813037014,0.4648979199432445
30.908078955709474,83.11531040137453,2.2495479080688745,1.4299165429717198,228.66756389990692,0.42391934064400605
32.65570151860421,49.92007019104385,1.1538645841783357,1.075831517317543,231.82662205928,0.6747523549317922
24.241002889364022,79.87817974582053,1.914807117305902,1.3382391730847902,236.13198416667296,0.1879588502667142
28.46180464187706,82.04368513753707,1.5935882048317176,0.7432997045154768,146.9736801734157,0.35397674159481474
22.130642677579306,81.23892450394298,2.4140294074466544,1.4393925763745716,207.9389481692261,0.12436183372516584
25.453504103302723,68.59364605878594,2.5355402502014024,1.033467231621495,160.62243727226294,0.4767532765845635
32.17046401158207,68.34192944956185,0.9627568244918443,1.2036509046848716,271.1312378983795,0.20043553941705616
35.885339318891084,58.144478493272025,1.9889825679978648,1.172137649582084,217.5660191998829,0.2670736514747087
23.388493394221022,73.85790470367046,2.560930752397126,0.8185354437323148,212.26636201281508,0.37700057329882253
27.620920422058035,63.90823082579193,1.9066605188432775,0.8540747004780653,255.8718932813294,0.02141646856250228
33.20099356178823,70.48471320527325,2.364531822501182,1.4903383407010278,236.892991897995,0.07355034873667013
24.856498884804584,59.280605673195794,2.175582733813542,1.3196976472505086,174.8546194248317,0.5487433765665757
29.77118929023201,72.91734088194126,2.170830115976313,1.515014712466028,217.16378549890524,0.34317598457400583
32.26299814441545,77.1012182922047,1.8643425109658514,1.2973974706507554,206.5933210709446,0.6918321775999163
30.623796303642507,46.58963154712673,1.3917095979321452,1.2428971904427648,150.21868445575785,0.5557376029153596
24.632346284615828,77.48183720084026,1.4392349262874862,0.68219681439997,192.3889506705118,0.0064807533178579575
26.97538396160035,64.31334393056383,2.3546762572276587,1.118889990971649,212.65838711934137,0.4933698646137079
32.97308498279556,78.0099659090601,2.0097291277594413,1.1917847038788767,215.4019627403263,0.07497989284777314
29.759171197848232,59.40857678534566,1.9307438776963877,1.785932159481772,160.71074305290765,0.6247465438323955
22.073214589600777,57.05682184223657,1.7880549788388238,1.406086989629603,266.06662332189904,0.7932061506228016
32.653870640393315,81.177732963275,1.847405577259624,1.6608183545128585,215.91587764434243,0.42495903539320923
22.494358969163347,51.302617039678054,2.5234558972440695,1.3792613117684185,221.5021230664225,0.5462236001553044
32.44027295823725,77.98955463787644,1.8323779590659866,0.9866090319151561,236.02566553359347,0.18985132871580124
24.834727842313324,61.78092576292319,1.3294676433492156,1.2351372648449555,188.47694984385316,0.3500781950030349
35.413028721671324,63.13429491480669,2.3718258877700866,1.2708670938792699,238.25423892530785,0.684876265789107
27.151170518229183,53.88107266702678,1.8975616680676415,0.9182533290687955,205.31701415927267,0.13393835819700098
26.577042628733107,65.7868990278557,2.0156979327663884,1.0846837870221235,184.13657837411233,0.2124284844910097
24.084432704654226,54.63450383242951,2.803789153199755,1.1382699018968483,242.93789973421596,0.3563469402288242
26.27845901686301,41.76712364087435,1.9897197213247464,1.6816859497695353,279.6669543520723,0.5697991134752112
34.27311066559481,52.23993724049602,2.144591836559363,0.5757778423827065,248.99317493943326,0.30070716383653906
35.94868072678146,40.28705695329658,1.4105382543508374,1.5617455262148128,256.91910260561724,0.7421858238264032
27.156333427095877,84.02596541755855,1.89016527382452,0.9189614295121851,199.17477573750804,0.07556564101497534
28.280548833363596,83.45862444188865,2.3047630226043005,0.7883762438191158,156.09521083326175,0.296643358035878
32.108993134838315,57.78198838625373,1.2223131330793788,1.5539826390115392,279.60550088399367,0.5671632987427375
34.40674092651104,72.77668844528407,2.100422546557855,1.4195694207703142,302.1805955761904,0.18078941252919398
30.30262067861498,55.561274428469126,2.0503955363224033,1.5763556107143568,281.7122709507873,0.5251305073837383
27.48135977448961,70.19919206886892,2.0206437277937197,1.440210584263673,206.56856244081,0.13137356658187677
27.77670577188073,76.24435193706907,2.5185794493291214,1.8179535005212206,173.81462645084622,0.044784227889349104
31.738654050955297,82.60403101115082,2.167219257424261,1.3676171510833455,177.37269208721733,0.09681257339891909
22.0450556904599,58.00955241323524,2.739035949178222,1.1530567871630524,152.65069729543805,0.7439878265073078
30.67425072443777,75.24840923302214,1.503205242202982,1.3028779131964028,215.70485526359818,0.4414007063516411
26.976902146179004,51.96678027844534,2.067962283609174,1.573040738503789,284.2271183232982,0.6370766203837193
33.11876263787918,84.56495367071417,2.042233393194974,0.9661874024219649,214.33349472511026,0.266123600724041
23.30186895752385,41.1596319443958,1.4653727531224598,1.0044334252405858,232.092916013931,0.47412691830835735
30.234831737277467,67.15879629255045,2.4781475010456733,1.1073119956206277,275.0238785721683,0.3959617069639933
28.73362045840573,69.67776917430972,3.1623366529264088,0.5686251603704003,203.836187526704,0.7565903675218353
30.992557362673182,70.9620500683358,1.9914969627580845,1.2414235225252641,301.4212582687838,0.5980597088432883
22.907950322761558,45.41744104550901,2.2525105441368836,0.6341613888146921,299.6837762998981,0.5844341051972632
30.119773023993837,82.23384025629088,2.042259237907664,1.2159177938797856,214.7555464527807,0.03708261554742363
29.860784231433332,48.15324755725373,1.643207665046412,1.4595869268405748,196.89862943923148,0.4397357352029529
29.849241321826394,68.02390314579284,1.089619861098992,1.0569370618068492,247.88952185561251,0.3735931631214519
30.44882733235037,50.02042356053882,1.6471132584523174,1.7031347610560612,206.09900229924568,0.7422738132849557
31.470551121169073,53.82473876595719,1.3040208095241343,0.7618497301744536,173.73779131730655,0.2058735905516258
33.26984599553077,64.5906343777656,2.852051039029559,1.5573782044895497,271.2495461409192,0.21586676263287546
25.777490081795,58.77370383540594,1.9424451530383804,1.4025411169220763,268.6578954910832,0.32907699910520033
33.55069174252087,47.210152043942784,1.8270403354764146,0.6851900255067933,226.22046415054243,0.19469577072510083
28.97557955168835,47.692138108938174,2.444576912393903,2.01323828971216,169.48540985087288,0.1033471342469996
23.078815907880635,58.816515467325985,1.439124448572056,1.1808764143488102,170.81894995130455,0.6859318773206406
22.819713009415707,74.07773402239754,1.6165679809977238,0.9367547933533105,224.2891715367661,0.4466212195231327
26.679336461744853,80.4084091081505,2.0340361346243103,0.7778738415647949,200.00515861979872,0.6890901751652535
32.98855767956054,43.78574480167223,2.5143844957117403,1.1339945917020977,206.35628271433566,0.6649078123229568
31.907533086372823,57.68967584017305,2.250842522584394,1.161777938283012,260.87852620240017,0.22563388383173688
33.04060950541369,44.51105036752945,2.124162571257941,1.2307936585618993,249.32717269690232,0.4381899554594192
29.24176679018253,40.7466616284669,2.0390588676180084,1.1106611531328119,275.1257072199045,0.06657416219205636
28.16278597137687,69.77734071897805,2.2001179277633875,1.389967593034528,180.3750710649097,0.7322015072246068
24.064335373887975,67.11022488849645,2.100826452564627,1.083711050201026,206.2723372525315,0.3234101720521225
26.59469855053036,47.33586012166988,1.4850138626115321,0.6195107648278587,250.3592678184045,0.3149409471112171
28.076271126434253,50.521577489187884,2.023039610816576,1.1551915513051076,237.92313364051566,0.2422042964943626
23.24040601551464,41.06684891400333,1.4631556705411237,0.4897567039880165,281.29521530350485,0.3685309957685631
25.08856733795696,77.57262425624816,2.0405412714504116,1.3061311892674168,236.8214682361628,0.20140750923635845
30.375154116892343,83.86107682218481,1.7596760292558793,0.9062099309152094,293.9243641642221,0.29988181823744364
32.299283599348655,46.09567915576109,3.2696908113914307,1.24900810647474,241.60071206892565,0.6399576388679056
35.976865159501294,50.41638461943842,1.980052808124144,1.5942224944573813,262.4866979035464,0.6674044028681375
35.06358663880981,79.07842857761203,1.2978802168692056,0.9153753914195999,207.0594021286217,0.2433459821028129
30.995912793492682,81.69087090802832,1.9329098946615377,1.5183768775536353,220.57148847535956,0.37521154444223037
27.897472746117007,58.88323222630646,2.259679372818944,1.069983129994154,256.437776153579,0.6990558210240418
30.906483105915257,42.278011252108335,2.836681973076262,1.7259584406196755,284.51912682372216,0.04213866546375771
32.99912265312325,41.77263251617687,1.7052738000306409,1.090454216040536,249.16947797243012,0.7113159695966284
23.656706672927424,65.82774397310547,1.20878601298818,0.9478521043479926,216.67312912261522,0.17534747652186536
27.738668455748034,57.68027990019306,2.4084185057154905,1.4061715351185864,275.0934011811337,0.5428313953715007
33.75723199889864,41.28935924099445,1.3097006470501744,1.0692630811129091,132.32085374880478,0.46604135710768024
27.373661327062617,66.24635765406505,1.7819222792462575,0.9475651457612975,163.11061993972504,0.4423525985514017
30.00621179718061,40.50861414650601,1.8711897572445029,1.0566480447888627,247.26536894673555,0.6874881798022572
30.228771052070776,75.43173811671728,1.965183273349946,1.1866180403450994,220.564334250125,0.08125771491572903
24.58266754387095,53.78947702165172,2.344582228537168,1.602654039373456,244.22054604496662,0.2776224202605088
27.071296183132038,41.81161013541544,1.6581828588568062,0.6197736763621269,222.5763008972777,0.4306021970758125
26.68315804238705,66.4758499442419,1.8631353739166197,1.2069241976851262,242.8378277841549,0.6490310831568319
22.366753919448907,57.89579864948746,1.9928648235253057,1.3874710783962128,187.4238871602724,0.1731544667293372
22.338684694478975,83.82101860107173,2.074798978759394,1.2580345724975388,242.81944344318762,0.6423438730994211
33.643758611460825,64.4889398126666,2.0489135873539612,1.5929595508300602,259.7765811283034,0.3197107859951486
25.822991339619374,52.38576314666537,2.21800288761129,1.1776964010724427,268.8220241572493,0.15113108514695633
29.253102727343418,71.92474890852887,2.421919754820869,1.1446345673442164,300.54217178594797,0.6071891523547861
26.182158030242825,52.21714011442201,2.196317057825484,1.3776988641040029,229.76393774009546,0.07271912117963826
35.16950943161477,80.69094811334043,2.2267927617546093,1.2297941444854048,230.95644347388716,0.4118138992603544
25.630154624120834,56.862488672831944,1.208888416626761,1.0828773785158587,159.07310143304608,0.051100627089510735
28.01519537834509,64.74408532492923,2.0251138495828402,1.354843211875914,198.743543954463,0.28513428412623004
34.218223506784426,42.2757896720903,2.239753774000804,1.0042415120350063,212.2767170397355,0.48086143920511415
33.78706993508532,59.17545570785039,2.364470597285225,1.0166468543942018,262.0127820910542,0.4448924331897705
24.605419849847884,77.45635928474476,1.653824612883103,1.041601793470316,195.55995503641483,0.32372433432373326
33.237006337139945,76.25419624135039,1.6704803625556774,1.6059207480499222,251.8536007899533,0.34323839517769256
28.414616414330496,50.09433514840868,1.7129496623582008,0.23369509320428594,219.9351313214648,0.18141564268061325
28.761564209194972,50.17355819547532,2.2682069499456716,1.3186796504288827,212.91327539540953,0.36470607073928235
23.868719613823213,76.77873904959566,2.516940527462104,1.2102815442600667,229.95575876533024,0.7626038845766674
23.128421192599745,81.86792890761964,1.7962699463541991,0.6957388622285638,204.3537451098863,0.6803623342270324
32.19115029763272,44.29124145728516,2.4539811568135246,1.2929180337408006,202.83851007629337,0.11618629526107505
28.950456132974196,60.25263877418014,2.0617399045822973,1.3427255975494596,151.8085637683954,0.023824629856736747
28.115909836612513,55.1854425533903,1.937857111418782,1.37689176940722,210.08183170688443,0.7468194501733045
32.213115201133554,79.18098049558478,1.8943078850910156,0.40445158108651535,200.80127415405093,0.42139979990459814
32.71718058587554,43.758621160600846,2.3733056823010785,1.6099168235563315,199.36076042603682,0.4302702585194462
24.22471434737095,49.500667415111685,2.162788908393535,0.9786789885945477,236.6749225036016,0.624574396565218
30.543152092686977,73.86107519139225,3.1379127138238188,1.4059703240259527,246.3452781116204,0.25175117909706124
23.894957151887596,42.3082232041547,1.5738876785013378,1.4223221342046857,229.2877801856931,0.3855260550688018
32.51925120440664,62.16409213214302,2.259050851014988,0.9369908743142121,259.816607617979,0.7749303305173901
31.19737218773995,59.8948165605874,1.7353994950942435,1.398137985705465,243.0224770332146,0.5377189495459257
35.392604695168416,55.04805305449369,1.565356506505678,1.0843520277262926,208.19775240777432,0.12299602559662876
22.965412228989898,57.75575418935157,1.994566431482514,0.5785868461985528,201.4857485714248,0.10658139838748265
22.79876609611756,63.84732641186048,2.068676239703518,1.5503225776583336,232.51288947067385,0.1634118066664043
25.9506190457048,47.26153112747724,3.4590867775300462,0.9674865110951281,242.95068439607604,0.613369339536574
22.975179103696632,79.20787991115913,8.360842651489811,5.387271661237551,885.9778001296095,1.6298975190183245
15.577498860227154,33.45150194484139,8.002768042489972,7.716427639251394,682.6803530670983,2.2463506651341225
40.492707814652874,62.991721816718275,12.382114567337062,6.844799146773182,553.3549740505381,2.9198601374220736
19.582262242662587,93.78844421356592,6.762835259477897,4.547054153941957,649.3461519211478,1.847681403541078
15.258071025997852,41.82188228884712,12.674479505490044,5.216189153956569,591.7548532106343,1.2457237900037448
21.40255326434972,79.57642469357563,12.24083257814646,6.8899304311011464,585.9829966075489,2.4448074444756562
21.34577725218961,56.78588054060504,8.257237192508068,7.1753972089690095,577.1205515475124,3.400181305864807
26.394141772834523,22.98542624165655,8.27550404848645,7.4395085043591465,757.6408145613821,2.099936767435975
39.850525450500996,77.22645483617507,11.659745268100519,5.522618811837157,616.2717032704505,2.166309474621131
38.73799278003564,32.64268582940846,12.8595399493531,7.7586000869714695,676.4349779143537,3.428473949362287
27.336152984525555,67.36051753495626,13.888370517786289,6.4353141275226236,851.7062006455059,2.797597506741475
26.094297434778774,26.424814553522967,13.669256074690281,6.937886578357626,698.5183489286965,2.8540954225368877
29.985245334820984,91.01505481219736,14.683946947474679,6.588586019729678,870.4919725180732,2.4942146123534554
21.573258323237674,41.87929153852707,11.2324640580286,4.9295901913611715,724.2783186884622,3.4416011849854558
16.408994783091796,36.98485187580462,14.177900052063237,7.870901307847079,689.5928151939145,2.784392914178779
40.359051676622585,29.68523030497507,13.276619459343697,4.930064529629535,812.6361244817456,3.2585753286918893
20.040872591683666,90.95016450042858,14.052008618826122,5.392086847439143,575.6112845688008,2.8085713911864083
20.356819689634342,73.3927806830979,6.1046394115683,7.34769758078043,581.3174340438461,2.8907663971329107
27.756428879056585,75.62456665385665,14.6931269267923,6.665089365253856,778.1907998730362,1.867945120927167
28.27356031068893,57.45534210351834,10.261771465618304,7.43352207881725,720.4292496337368,1.8980010054317837
15.497723661920032,55.604583895286254,13.183646906173585,6.305076659309157,826.6453376117236,3.000864694024867
18.99477794689721,28.251593224360747,7.144837074040028,5.819476323783222,870.6947930702361,1.8824244650907689
25.210180101140025,61.98808216879938,9.563469862325768,7.726459248417248,685.9284071850416,2.494371162843523
33.46072872478456,38.518737133159284,8.443145967188919,4.626883111301782,758.7435093046262,1.7735103150854146
21.167298334462266,93.28589996003043,8.624928934508432,7.49645577123566,725.2438197283584,3.0790617758608594
26.42139004852759,79.74357050113605,7.109300579557935,5.307862248157235,893.5637294748515,1.454153107823687
30.048316747344604,50.97440451446657,13.251874492887062,7.470577147138887,840.8795425748083,3.107727271451828
38.99199735482888,31.350594401864978,6.083180831229703,4.9871881469591,869.1081978970738,2.5862785411674842
23.803903562832332,78.8998768354088,8.812549112866822,6.530766372916892,639.0190306521615,1.6298919301022776
18.606073178314055,29.1540325310987,7.569694888947735,7.6083777165401525,820.384248106908,2.4466813866640718
28.21035009923542,34.20003151228029,11.301350465475064,6.157388764146116,642.9156287491771,1.849747324748883
35.161483245469675,35.86403883081706,8.288271623530894,7.112983358311875,623.0598866999364,1.943974869880142
17.966213440423804,61.76679787048208,8.330986090752898,7.316350662494454,880.4931558794428,2.0085144956728245
26.46645427581793,79.02924904927747,10.39504329595787,7.077729730508727,556.7565458512533,1.345634268036338
15.480198814087053,43.57361590435191,11.874201354068331,7.738654079061094,887.8860462822004,3.4677118741232595
15.90609790447578,26.350236070646705,7.091742341086473,6.063919806819751,602.2416639460822,1.2725296447018153
28.03974080684997,54.84038476433144,7.579603072189466,5.105939037078045,836.8033286276439,2.7237428083238404
23.051327050075095,76.10826808699517,8.22457270135066,4.66733872295868,646.572893573836,2.0538235898420902
37.81789707314613,36.62478823155412,14.763733927061645,5.362609543731268,672.7458146007546,2.6858236691774073
31.258166265414264,36.494341102953065,9.574372499486284,5.001191263580847,625.8651989626948,2.0193709821014427
27.25618996706074,91.04202705100332,11.390910815679238,6.452820595020682,754.9299148683779,2.7496264863953748
26.014255018466002,91.56152953393834,8.173885314443801,5.147308680241062,671.833441627756,2.8772416717772296
28.42562796511821,94.28492990461822,10.414135726417392,4.6362679755128,780.0875638231321,2.7882710729191826
16.091848442741856,80.57447011810851,6.667072569473622,4.625964401040338,555.4765612797231,1.46211255712375
39.105420623357816,34.11381268759592,6.312679313300943,7.410493244277015,572.5312092302638,2.7108544397057743
41.95418520481687,35.898614059944606,10.218601741393142,6.570074760050587,584.8814034559371,1.8439713637444237
19.900152371184866,45.516893114179396,9.58793358766571,5.753298556626824,696.6477898585808,1.266243152309467
18.250340048914733,43.85993985001181,7.231922877226449,7.629798149590864,835.1786604309916,2.154110545344594
18.87659151311207,91.73958118085068,12.188412860286604,4.7456881399269975,860.8622686324339,2.1971491364487425
32.84773057232791,79.18054871612702,14.93613141809338,7.931127254547391,635.6837590213153,2.274500506710627
32.85890263817092,74.30065941211654,9.560821390770412,6.657021265890613,751.029403483655,2.821095580398647
37.893952381517096,33.947241804359884,11.62102772325655,5.14212488889097,818.9277474424102,1.910340761027656
35.29931248750884,88.21441695217472,14.66678348128037,6.87674184641939,651.0903004718631,1.9251451801390218
27.141621180972173,82.09027846296303,13.483814752021878,7.17183440924247,693.1527078576956,1.3392701893548993
31.547094762263608,32.27313809959428,10.171970009724172,6.002699741797711,733.3909709399999,2.7796887967822803
33.583686099936216,85.33777489707293,12.637405360139274,7.515714121859416,597.2061962428166,2.5060000102190427
28.84388469770108,40.41856522778535,7.153215362254716,5.027563425537646,559.0938028040231,2.0036777591957122
27.84257658019419,26.065230937407954,10.608934699174192,5.4759315425216295,603.4820332613991,2.8219346515099155
32.417631032351636,69.26167298856575,8.511542494619428,4.827223265543964,769.3987674387367,2.4359228232218175
30.05181282234265,69.03534945382481,7.45047319106545,5.238072442125732,575.7663915367885,2.279263375502241
32.38644224406958,27.11990071742136,9.836528156290814,5.335550841689008,616.3937276975449,2.3760464504205907
31.547078897010824,43.91388567024368,7.17913098990253,7.711716168225985,668.2488599933563,2.66360068811423
34.41830713386868,94.4610846691654,12.29086597357037,4.773383910629047,577.2545225072282,2.7180059905215783
32.355694737137654,70.88200002565526,10.10616039648002,5.995952920656983,617.094744906572,1.8646029840236493
29.033047133806217,74.75563749524969,10.780301693081974,6.363395405294195,868.9444261442288,1.5237097357996523
33.408513904678436,35.968796420322924,7.317383448013413,7.645425688307563,556.7546962794447,1.560258616738193
27.136013060006558,25.908655325293573,7.25794494984145,7.9919367653142475,778.7011734610268,2.6705990375769035
21.525123101260228,40.76762673057033,11.250738917341117,7.136858402219426,684.5431258203147,3.2076085572643898
15.038291943615718,38.6673788894894,14.865087730465017,7.897768466991604,785.4270588013298,2.141841440194769
30.119031972937766,37.59080755610398,6.866255249139531,7.254853963875558,756.0421021271916,1.5898963687577634
30.947691118433305,34.456574141527966,8.571582857092032,7.871209243399958,628.2245640241255,2.9401857460758656
41.24532204894429,63.10667679915532,13.825132048840988,6.975447540805593,846.523320650686,3.1147257911647315
24.759915020545442,44.607760688136636,6.650448110297132,4.7791719890787485,722.1791339132749,3.2253396191782233
25.641597556364417,81.52587612856479,13.882971492302563,5.906720654474368,837.8876066197151,2.5957122865015863
20.448588696239135,33.7960563385538,10.71857385037276,6.763090493308646,692.1043876658767,3.179675686592595
16.90442597140769,54.847030315140834,9.674400965337833,5.7275147830898785,894.6399438703336,1.2354544044313376
35.865721307266995,21.024337731956,8.787125079163102,5.456843713398225,819.6712754754537,1.446642344069904
21.741388737161778,56.1261741841394,8.674054423150578,6.520897434965819,888.0825717894007,1.412924954219827
31.440431247811023,24.18786656573558,8.752223242045309,7.767256568458523,730.0142676184506,2.838990773785886
33.569871959728005,93.32926339044828,13.963227728641762,4.622436557306537,715.7918963017452,1.3600381021502317
27.723390556874488,79.29440964878097,12.51415707157307,7.192309212395032,814.4088332638403,2.3416380566725064
38.661507051734176,56.75836074773415,12.027507070480354,7.029545473156195,858.1019420547005,2.287225866863465
26.982460706452677,26.49405186345127,13.188742340568007,7.873836988859004,887.4510285529453,1.914618104183954
22.69253282212766,64.43340805928108,8.314031967037305,7.757489278163902,663.5931671113749,3.2019318908668293
39.1924191199638,76.90728130264081,11.562385308735802,7.167813967154675,829.5466008449237,1.5919963643239907
38.26223567474882,34.303793975355894,10.140596150621558,6.321430676389095,623.7259591724378,2.0106644041182515
19.42907857106315,62.61562555906181,13.04197471680174,5.21493643631732,740.9510213609058,2.980594450052737
15.700947495555866,81.0658173787151,8.78330499425957,6.4083250141395105,612.9468519432197,1.2699713231045537
17.429610021439757,77.61858332347373,11.788607551829061,7.178731978718789,671.5890766126186,2.7477859205666477
22.736779760953063,80.22440134003647,13.939911706355822,7.634842244232626,875.9754285222607,3.077714770631612
41.25101464702619,85.94925686522899,9.619354285754358,7.263992032236922,601.1317449205801,3.344216029327784
30.079936135342276,90.32615766196027,6.599598786307153,5.183434273168689,771.3403132973187,3.215482273130415
25.078066764790258,50.4140866402652,10.644457401076135,6.598902099798208,757.5339955245912,1.9345834687174759
38.99533455454415,62.6576826892158,9.113752390263233,5.662607108359749,592.2584234481453,2.548637525042791
27.23468094991949,79.29946445342081,12.050028424924575,4.5322198358672505,664.0926653190843,1.3777750342460715
23.51144296682757,72.28548604593374,14.559296322737454,5.200773275260332,747.043526580343,1.7931010081604197
40.41292727613275,94.66401711982842,10.370474861971623,4.896272274767073,615.5125131459716,1.416711471119267
37.93697698720231,21.02582383284831,10.195712071399804,7.44951693238814,830.2182797444855,1.9249307673541167
37.77904613632491,46.6349911486843,11.891263201723142,5.404771882517342,890.2547783371624,3.212930590955076
28.831688062355752,41.07709447026518,6.931477532342109,5.496442891106444,625.1657899868652,1.998483731250873
